session_year,volume_label,pdf_url,verified,size_bytes
1850,Statutes,https://clerk.assembly.ca.gov/sites/clerk.assembly.ca.gov/files/archive/Statutes/1850/1850.pdf,yes,32158865
1850,Index,https://clerk.assembly.ca.gov/sites/clerk.assembly.ca.gov/files/archive/Statutes/1850/1850_Index.pdf,,
1851,Statutes,https://clerk.assembly.ca.gov/sites/clerk.assembly.ca.gov/files/archive/Statutes/1851/1851.pdf,,
1851,Index,https://clerk.assembly.ca.gov/sites/clerk.assembly.ca.gov/files/archive/Statutes/1851/1851_Index.pdf,,
1852,Statutes,https://clerk.assembly.ca.gov/sites/clerk.assembly.ca.gov/files/archive/Statutes/1852/1852.PDF,,
1852,Resolutions,https://clerk.assembly.ca.gov/sites/clerk.assembly.ca.gov/files/archive/Statutes/1852/1852-resolutions.pdf,,
1852,Index,https://clerk.assembly.ca.gov/sites/clerk.assembly.ca.gov/files/archive/Statutes/1852/1852_Index.PDF,,
1853,Statutes,https://clerk.assembly.ca.gov/sites/clerk.assembly.ca.gov/files/archive/Statutes/1853/1853.pdf,,
1853,SRE,https://clerk.assembly.ca.gov/sites/clerk.assembly.ca.gov/files/archive/Statutes/1853/1853_SRE.pdf,,
1853,Index,https://clerk.assembly.ca.gov/sites/clerk.assembly.ca.gov/files/archive/Statutes/1853/1853_Index.pdf,,
1854,Statutes,https://clerk.assembly.ca.gov/sites/clerk.assembly.ca.gov/files/archive/Statutes/1854/1854.PDF,,
1854,Rec_Exp,https://clerk.assembly.ca.gov/sites/clerk.assembly.ca.gov/files/archive/Statutes/1854/1854_Rec_Exp.pdf,,
1854,Index,https://clerk.assembly.ca.gov/sites/clerk.assembly.ca.gov/files/archive/Statutes/1854/1854_Index.pdf,,
1855,Statutes,https://clerk.assembly.ca.gov/sites/clerk.assembly.ca.gov/files/archive/Statutes/1855/1855.PDF,,
1855,Index,https://clerk.assembly.ca.gov/sites/clerk.assembly.ca.gov/files/archive/Statutes/1855/1855_Index.pdf,,
1856,Statutes,https://clerk.assembly.ca.gov/sites/clerk.assembly.ca.gov/files/archive/Statutes/1856/1856.PDF,,
1856,Index,https://clerk.assembly.ca.gov/sites/clerk.assembly.ca.gov/files/archive/Statutes/1856/1856_Index.pdf,,
1857,Statutes,https://clerk.assembly.ca.gov/sites/clerk.assembly.ca.gov/files/archive/Statutes/1857/1857.PDF,,
1857,Index,https://clerk.assembly.ca.gov/sites/clerk.assembly.ca.gov/files/archive/Statutes/1857/1857_Index.pdf,,
1858,Statutes,https://clerk.assembly.ca.gov/sites/clerk.assembly.ca.gov/files/archive/Statutes/1858/1858.pdf,,
1858,Treasury_1,https://clerk.assembly.ca.gov/sites/clerk.assembly.ca.gov/files/archive/Statutes/1858/1858_Treasury_1.pdf,,
1858,Treasury_2,https://clerk.assembly.ca.gov/sites/clerk.assembly.ca.gov/files/archive/Statutes/1858/1858_Treasury_2.pdf,,
1858,Treasury_3,https://clerk.assembly.ca.gov/sites/clerk.assembly.ca.gov/files/archive/Statutes/1858/1858_Treasury_3.pdf,,
1858,Index,https://clerk.assembly.ca.gov/sites/clerk.assembly.ca.gov/files/archive/Statutes/1858/1858_Index.pdf,,
1859,Statutes,https://clerk.assembly.ca.gov/sites/clerk.assembly.ca.gov/files/archive/Statutes/1859/1859.pdf,,
1859,Index,https://clerk.assembly.ca.gov/sites/clerk.assembly.ca.gov/files/archive/Statutes/1859/1859_Index.pdf,,
1859,Treasury_1,https://clerk.assembly.ca.gov/sites/clerk.assembly.ca.gov/files/archive/Statutes/1859/1859_Treasury_1.pdf,,
1859,Treasury_2,https://clerk.assembly.ca.gov/sites/clerk.assembly.ca.gov/files/archive/Statutes/1859/1859_Treasury_2.pdf,,
1859,Treasury_3,https://clerk.assembly.ca.gov/sites/clerk.assembly.ca.gov/files/archive/Statutes/1859/1859_Treasury_3.pdf,,
1860,Statutes,https://clerk.assembly.ca.gov/sites/clerk.assembly.ca.gov/files/archive/Statutes/1860/1860.PDF,,
1860,AR,https://clerk.assembly.ca.gov/sites/clerk.assembly.ca.gov/files/archive/Statutes/1860/1860_AR.pdf,,
1860,Index,https://clerk.assembly.ca.gov/sites/clerk.assembly.ca.gov/files/archive/Statutes/1860/1860_Index.pdf,,
1861,Statutes,https://clerk.assembly.ca.gov/sites/clerk.assembly.ca.gov/files/archive/Statutes/1861/1861.pdf,,
1861,AR,https://clerk.assembly.ca.gov/sites/clerk.assembly.ca.gov/files/archive/Statutes/1861/1861_AR.pdf,,
1861,Index,https://clerk.assembly.ca.gov/sites/clerk.assembly.ca.gov/files/archive/Statutes/1861/1861_Index.pdf,,
1862,Statutes,https://clerk.assembly.ca.gov/sites/clerk.assembly.ca.gov/files/archive/Statutes/1862/1862.PDF,,
1862,AR,https://clerk.assembly.ca.gov/sites/clerk.assembly.ca.gov/files/archive/Statutes/1862/1862_AR.pdf,,
1862,Index,https://clerk.assembly.ca.gov/sites/clerk.assembly.ca.gov/files/archive/Statutes/1862/1862_Index.pdf,,
1863,Statutes,https://clerk.assembly.ca.gov/sites/clerk.assembly.ca.gov/files/archive/Statutes/1863/1863.PDF,,
1863,Index,https://clerk.assembly.ca.gov/sites/clerk.assembly.ca.gov/files/archive/Statutes/1863/1863_Index.pdf,,
1863-64,Statutes,https://clerk.assembly.ca.gov/sites/clerk.assembly.ca.gov/files/archive/Statutes/1864/1863_64.pdf,,
1863-64,AR,https://clerk.assembly.ca.gov/sites/clerk.assembly.ca.gov/files/archive/Statutes/1864/1863_64_AR.pdf,,
1863-64,Index,https://clerk.assembly.ca.gov/sites/clerk.assembly.ca.gov/files/archive/Statutes/1864/1863_64_Index.pdf,,
1865-66,Statutes,https://clerk.assembly.ca.gov/sites/clerk.assembly.ca.gov/files/archive/Statutes/1865/1865_66.PDF,,
1865-66,Treasury_Report,https://clerk.assembly.ca.gov/sites/clerk.assembly.ca.gov/files/archive/Statutes/1865/1865_66_Treasury_Report.pdf,,
1865-66,Index,https://clerk.assembly.ca.gov/sites/clerk.assembly.ca.gov/files/archive/Statutes/1865/1865_66_Index.pdf,,
1867-68,Statutes,https://clerk.assembly.ca.gov/sites/clerk.assembly.ca.gov/files/archive/Statutes/1867/1867_68.pdf,,
1867-68,BR,https://clerk.assembly.ca.gov/sites/clerk.assembly.ca.gov/files/archive/Statutes/1867/1867_68_BR.pdf,,
1867-68,Index,https://clerk.assembly.ca.gov/sites/clerk.assembly.ca.gov/files/archive/Statutes/1867/1867_68_Index.pdf,,
1869-70,Statutes,https://clerk.assembly.ca.gov/sites/clerk.assembly.ca.gov/files/archive/Statutes/1869/1869_70.PDF,,
1869-70,Supplement,https://clerk.assembly.ca.gov/sites/clerk.assembly.ca.gov/files/archive/Statutes/1869/1869_70_sup.PDF,,
1869-70,BR,https://clerk.assembly.ca.gov/sites/clerk.assembly.ca.gov/files/archive/Statutes/1869/1869_70_BR.pdf,,
1869-70,Index,https://clerk.assembly.ca.gov/sites/clerk.assembly.ca.gov/files/archive/Statutes/1869/1869_70_Index.pdf,,
1871-72,Revised,https://clerk.assembly.ca.gov/sites/clerk.assembly.ca.gov/files/archive/Statutes/1871/1871_72_Revised.PDF,,
1871-72,Statutes,https://clerk.assembly.ca.gov/sites/clerk.assembly.ca.gov/files/archive/Statutes/1871/1871_72.PDF,,
1871-72,BR,https://clerk.assembly.ca.gov/sites/clerk.assembly.ca.gov/files/archive/Statutes/1871/1871_72_BR.pdf,,
1871-72,Index,https://clerk.assembly.ca.gov/sites/clerk.assembly.ca.gov/files/archive/Statutes/1871/1871_72_Index.pdf,,
1873-74,Statutes,https://clerk.assembly.ca.gov/sites/clerk.assembly.ca.gov/files/archive/Statutes/1873/1873_74statutes.PDF,yes,57294858
1873-74,Code,https://clerk.assembly.ca.gov/sites/clerk.assembly.ca.gov/files/archive/Statutes/1873/1873_74Code.PDF,,
1873-74,BR,https://clerk.assembly.ca.gov/sites/clerk.assembly.ca.gov/files/archive/Statutes/1873/1873_74statutes_BR.pdf,,
1873-74,Index,https://clerk.assembly.ca.gov/sites/clerk.assembly.ca.gov/files/archive/Statutes/1873/1873_74statutes_Index.pdf,,
1875-76,Statutes,https://clerk.assembly.ca.gov/sites/clerk.assembly.ca.gov/files/archive/Statutes/1875/1875_76.pdf,,
1875-76,BR,https://clerk.assembly.ca.gov/sites/clerk.assembly.ca.gov/files/archive/Statutes/1875/1875_76_BR.pdf,,
1875-76,Index,https://clerk.assembly.ca.gov/sites/clerk.assembly.ca.gov/files/archive/Statutes/1875/1875_76_Index.pdf,,
1875-76,Code,https://clerk.assembly.ca.gov/sites/clerk.assembly.ca.gov/files/archive/Statutes/1875/1875_76code.PDF,,
1877-78,Statutes,https://clerk.assembly.ca.gov/sites/clerk.assembly.ca.gov/files/archive/Statutes/1877/1877_78.PDF,,
1877-78,BR,https://clerk.assembly.ca.gov/sites/clerk.assembly.ca.gov/files/archive/Statutes/1877/1877_78_BR.pdf,,
1877-78,Index,https://clerk.assembly.ca.gov/sites/clerk.assembly.ca.gov/files/archive/Statutes/1877/1877_78_Index.pdf,,
1877-78,Code,https://clerk.assembly.ca.gov/sites/clerk.assembly.ca.gov/files/archive/Statutes/1877/1877_78code.PDF,,
1877-78,Code_Index,https://clerk.assembly.ca.gov/sites/clerk.assembly.ca.gov/files/archive/Statutes/1877/1877_78code_Index.pdf,,
1880,Statutes,https://clerk.assembly.ca.gov/sites/clerk.assembly.ca.gov/files/archive/Statutes/1880/1880.PDF,yes,16532797
1880,BR,https://clerk.assembly.ca.gov/sites/clerk.assembly.ca.gov/files/archive/Statutes/1880/1880_BR.pdf,,
1880,Index,https://clerk.assembly.ca.gov/sites/clerk.assembly.ca.gov/files/archive/Statutes/1880/1880_Index.pdf,,
1880,Code,https://clerk.assembly.ca.gov/sites/clerk.assembly.ca.gov/files/archive/Statutes/1880/1880Code.PDF,,
1881,Statutes,https://clerk.assembly.ca.gov/sites/clerk.assembly.ca.gov/files/archive/Statutes/1881/1881.PDF,,
1881,Extra,https://clerk.assembly.ca.gov/sites/clerk.assembly.ca.gov/files/archive/Statutes/1881/1881_Extra.PDF,,
1881,TR,https://clerk.assembly.ca.gov/sites/clerk.assembly.ca.gov/files/archive/Statutes/1881/1881_TR.pdf,,
1881,Index,https://clerk.assembly.ca.gov/sites/clerk.assembly.ca.gov/files/archive/Statutes/1881/1881_Index.pdf,,
1883-84,Code,https://clerk.assembly.ca.gov/sites/clerk.assembly.ca.gov/files/archive/Statutes/1883/1883Code.pdf,,
1883-84,Code_BR,https://clerk.assembly.ca.gov/sites/clerk.assembly.ca.gov/files/archive/Statutes/1883/1883Code_BR.pdf,,
1883-84,Code_Index,https://clerk.assembly.ca.gov/sites/clerk.assembly.ca.gov/files/archive/Statutes/1883/1883Code_Index.pdf,,
1883-84,Statutes_1E,https://clerk.assembly.ca.gov/sites/clerk.assembly.ca.gov/files/archive/Statutes/1883/1883_84_1E.pdf,,
1885-86,Statutes,https://clerk.assembly.ca.gov/sites/clerk.assembly.ca.gov/files/archive/Statutes/1885/1885.pdf,,
1885-86,Code_BR,https://clerk.assembly.ca.gov/sites/clerk.assembly.ca.gov/files/archive/Statutes/1885/1885_86code_BR.pdf,,
1885-86,Code,https://clerk.assembly.ca.gov/sites/clerk.assembly.ca.gov/files/archive/Statutes/1885/1885_86code_0.PDF,,
1885-86,Index,https://clerk.assembly.ca.gov/sites/clerk.assembly.ca.gov/files/archive/Statutes/1885/1885_Index.pdf,,
1885-86,Code_Index,https://clerk.assembly.ca.gov/sites/clerk.assembly.ca.gov/files/archive/Statutes/1885/1885_86code_Index.pdf,,
1887,Statutes,https://clerk.assembly.ca.gov/sites/clerk.assembly.ca.gov/files/archive/Statutes/1887/1887.pdf,,
1889,Statutes,https://clerk.assembly.ca.gov/sites/clerk.assembly.ca.gov/files/archive/Statutes/1889/1889.PDF,,
1889,BR,https://clerk.assembly.ca.gov/sites/clerk.assembly.ca.gov/files/archive/Statutes/1889/1889_BR.pdf,,
1889,Index,https://clerk.assembly.ca.gov/sites/clerk.assembly.ca.gov/files/archive/Statutes/1889/1889_Index.pdf,,
1891,TOC,https://clerk.assembly.ca.gov/sites/clerk.assembly.ca.gov/files/archive/Statutes/1891/1891toc.pdf,,
1891,Statutes,https://clerk.assembly.ca.gov/sites/clerk.assembly.ca.gov/files/archive/Statutes/1891/1891.PDF,,
1891,BR,https://clerk.assembly.ca.gov/sites/clerk.assembly.ca.gov/files/archive/Statutes/1891/1891_BR.pdf,,
1891,Index,https://clerk.assembly.ca.gov/sites/clerk.assembly.ca.gov/files/archive/Statutes/1891/1891_Index.pdf,,
1893,TOC,https://clerk.assembly.ca.gov/sites/clerk.assembly.ca.gov/files/archive/Statutes/1893/1893toc.pdf,,
1893,Statutes,https://clerk.assembly.ca.gov/sites/clerk.assembly.ca.gov/files/archive/Statutes/1893/1893.pdf,,
1893,BR,https://clerk.assembly.ca.gov/sites/clerk.assembly.ca.gov/files/archive/Statutes/1893/1893_BR.pdf,,
1893,Index,https://clerk.assembly.ca.gov/sites/clerk.assembly.ca.gov/files/archive/Statutes/1893/1893_Index.pdf,,
1895,TOC,https://clerk.assembly.ca.gov/sites/clerk.assembly.ca.gov/files/archive/Statutes/1895/1895toc.PDF,,
1895,Statutes,https://clerk.assembly.ca.gov/sites/clerk.assembly.ca.gov/files/archive/Statutes/1895/1895.pdf,,
1895,BR,https://clerk.assembly.ca.gov/sites/clerk.assembly.ca.gov/files/archive/Statutes/1895/1895_BR.pdf,,
1895,Index,https://clerk.assembly.ca.gov/sites/clerk.assembly.ca.gov/files/archive/Statutes/1895/1895_Index.pdf,,
1897,TOC,https://clerk.assembly.ca.gov/sites/clerk.assembly.ca.gov/files/archive/Statutes/1897/1897toc.pdf,,
1897,Statutes,https://clerk.assembly.ca.gov/sites/clerk.assembly.ca.gov/files/archive/Statutes/1897/1897.PDF,,
1897,BR,https://clerk.assembly.ca.gov/sites/clerk.assembly.ca.gov/files/archive/Statutes/1897/1897_BR.pdf,,
1897,Index,https://clerk.assembly.ca.gov/sites/clerk.assembly.ca.gov/files/archive/Statutes/1897/1897_Index.pdf,,
1899,TOC,https://clerk.assembly.ca.gov/sites/clerk.assembly.ca.gov/files/archive/Statutes/1899/1899toc.PDF,,
1899,Statutes,https://clerk.assembly.ca.gov/sites/clerk.assembly.ca.gov/files/archive/Statutes/1899/1899.pdf,,
1899,BR,https://clerk.assembly.ca.gov/sites/clerk.assembly.ca.gov/files/archive/Statutes/1899/1899_BR.pdf,,
1899,Index,https://clerk.assembly.ca.gov/sites/clerk.assembly.ca.gov/files/archive/Statutes/1899/1899_Index.pdf,,
1900-01,1E,https://clerk.assembly.ca.gov/sites/clerk.assembly.ca.gov/files/archive/Statutes/1900/1900_1E.pdf,,
1900-01,Statutes,https://clerk.assembly.ca.gov/sites/clerk.assembly.ca.gov/files/archive/Statutes/1900/1901.pdf,,
1900-01,BR,https://clerk.assembly.ca.gov/sites/clerk.assembly.ca.gov/files/archive/Statutes/1900/1901_BR.pdf,,
1900-01,Index,https://clerk.assembly.ca.gov/sites/clerk.assembly.ca.gov/files/archive/Statutes/1900/1901_Index.pdf,,
1903,Statutes,https://clerk.assembly.ca.gov/sites/clerk.assembly.ca.gov/files/archive/Statutes/1903/1903.PDF,,
1903,Appendix,https://clerk.assembly.ca.gov/sites/clerk.assembly.ca.gov/files/archive/Statutes/1903/1903_Appendix.pdf,,
1903,BR,https://clerk.assembly.ca.gov/sites/clerk.assembly.ca.gov/files/archive/Statutes/1903/1903_BR.pdf,,
1903,Index,https://clerk.assembly.ca.gov/sites/clerk.assembly.ca.gov/files/archive/Statutes/1903/1903_Index.pdf,,
1905,Statutes,https://clerk.assembly.ca.gov/sites/clerk.assembly.ca.gov/files/archive/Statutes/1905/1905.PDF,yes,68598579
1905,BR,https://clerk.assembly.ca.gov/sites/clerk.assembly.ca.gov/files/archive/Statutes/1905/1905_BR.pdf,,
1905,Index,https://clerk.assembly.ca.gov/sites/clerk.assembly.ca.gov/files/archive/Statutes/1905/1905_Index.pdf,,
1906-07,1E,https://clerk.assembly.ca.gov/sites/clerk.assembly.ca.gov/files/archive/Statutes/1906_07/1906_1E.pdf,,
1906-07,1E_Index,https://clerk.assembly.ca.gov/sites/clerk.assembly.ca.gov/files/archive/Statutes/1906_07/1906_1E_Index.pdf,,
1906-07,Statutes,https://clerk.assembly.ca.gov/sites/clerk.assembly.ca.gov/files/archive/Statutes/1906_07/1907.pdf,,
1906-07,BR,https://clerk.assembly.ca.gov/sites/clerk.assembly.ca.gov/files/archive/Statutes/1906_07/1907_BR.pdf,,
1906-07,Index,https://clerk.assembly.ca.gov/sites/clerk.assembly.ca.gov/files/archive/Statutes/1906_07/1907_Index.pdf,,
1907-09,1E,https://clerk.assembly.ca.gov/sites/clerk.assembly.ca.gov/files/archive/Statutes/1907_09/1907_1E.pdf,,
1907-09,2E,https://clerk.assembly.ca.gov/sites/clerk.assembly.ca.gov/files/archive/Statutes/1907_09/1907_2E.pdf,,
1907-09,Statutes,https://clerk.assembly.ca.gov/sites/clerk.assembly.ca.gov/files/archive/Statutes/1907_09/1909.pdf,,
1907-09,BR,https://clerk.assembly.ca.gov/sites/clerk.assembly.ca.gov/files/archive/Statutes/1907_09/1909_BR.pdf,,
1907-09,Index,https://clerk.assembly.ca.gov/sites/clerk.assembly.ca.gov/files/archive/Statutes/1907_09/1909_Index.pdf,,
1910-11,1E,https://clerk.assembly.ca.gov/sites/clerk.assembly.ca.gov/files/archive/Statutes/1910_11/1910_E1.PDF,,
1910-11,2E,https://clerk.assembly.ca.gov/sites/clerk.assembly.ca.gov/files/archive/Statutes/1910_11/1910_2E.pdf,,
1910-11,Statutes,https://clerk.assembly.ca.gov/sites/clerk.assembly.ca.gov/files/archive/Statutes/1910_11/1911.pdf,,
1910-11,1E_1911,https://clerk.assembly.ca.gov/sites/clerk.assembly.ca.gov/files/archive/Statutes/1910_11/1911_1e.pdf,,
1910-11,2E_1911,https://clerk.assembly.ca.gov/sites/clerk.assembly.ca.gov/files/archive/Statutes/1910_11/1911_2E.pdf,,
1910-11,Index,https://clerk.assembly.ca.gov/sites/clerk.assembly.ca.gov/files/archive/Statutes/1910_11/1911_Index.pdf,,
1910-11,Topical_Index,https://clerk.assembly.ca.gov/sites/clerk.assembly.ca.gov/files/archive/Statutes/1910_11/1911_Topical_Index.pdf,,
1910-11,Constitution_Index,https://clerk.assembly.ca.gov/sites/clerk.assembly.ca.gov/files/archive/Statutes/1910_11/Index_to_Constitution.pdf,,
1913,Statutes,https://clerk.assembly.ca.gov/sites/clerk.assembly.ca.gov/files/archive/Statutes/1913/1913.pdf,,
1913,Index,https://clerk.assembly.ca.gov/sites/clerk.assembly.ca.gov/files/archive/Statutes/1913/1913_Index.pdf,,
1915,Vol1_Constitution,https://clerk.assembly.ca.gov/sites/clerk.assembly.ca.gov/files/archive/Statutes/1915/15Vol1_Constitution.pdf,,
1915,Vol1_Tables,https://clerk.assembly.ca.gov/sites/clerk.assembly.ca.gov/files/archive/Statutes/1915/15Vol1_Tables.pdf,,
1915,Vol1_Initiative,https://clerk.assembly.ca.gov/sites/clerk.assembly.ca.gov/files/archive/Statutes/1915/15Vol1_Initiative.pdf,,
1915,Vol1_Measures,https://clerk.assembly.ca.gov/sites/clerk.assembly.ca.gov/files/archive/Statutes/1915/15Vol1_Measures.pdf,,
1915,Vol1_Chapters,https://clerk.assembly.ca.gov/sites/clerk.assembly.ca.gov/files/archive/Statutes/1915/15Vol1_Chapters.pdf,,
1915,Vol1_Index,https://clerk.assembly.ca.gov/sites/clerk.assembly.ca.gov/files/archive/Statutes/1915/15Vol1_Index.pdf,,
1917,Vol1_Constitution,https://clerk.assembly.ca.gov/sites/clerk.assembly.ca.gov/files/archive/Statutes/1917/17Vol1_Constitution.pdf,,
1917,Vol1_Tables,https://clerk.assembly.ca.gov/sites/clerk.assembly.ca.gov/files/archive/Statutes/1917/17Vol1_Tables.pdf,,
1917,Vol1_Chapters,https://clerk.assembly.ca.gov/sites/clerk.assembly.ca.gov/files/archive/Statutes/1917/17Vol1_Chapters.pdf,,
1917,Vol1_Index,https://clerk.assembly.ca.gov/sites/clerk.assembly.ca.gov/files/archive/Statutes/1917/17Vol1_Index.pdf,,
1917,Vol1_16Extra,https://clerk.assembly.ca.gov/sites/clerk.assembly.ca.gov/files/archive/Statutes/1917/17Vol1_16Extra.pdf,,
1919,Vol1_Constitution,https://clerk.assembly.ca.gov/sites/clerk.assembly.ca.gov/files/archive/Statutes/1919/19Vol1_Constitution.pdf,,
1919,Vol1_Tables,https://clerk.assembly.ca.gov/sites/clerk.assembly.ca.gov/files/archive/Statutes/1919/19Vol1_Tables.pdf,,
1919,Vol1_Chapters,https://clerk.assembly.ca.gov/sites/clerk.assembly.ca.gov/files/archive/Statutes/1919/19Vol1_Chapters.pdf,,
1919,Vol1_Index,https://clerk.assembly.ca.gov/sites/clerk.assembly.ca.gov/files/archive/Statutes/1919/19Vol1_Index.pdf,,
1921,Vol1_Constitution,https://clerk.assembly.ca.gov/sites/clerk.assembly.ca.gov/files/archive/Statutes/1921/21Vol1_Constitution.pdf,,
1921,Vol1_Tables,https://clerk.assembly.ca.gov/sites/clerk.assembly.ca.gov/files/archive/Statutes/1921/21Vol1_Tables.pdf,,
1921,Vol1_Chapters,https://clerk.assembly.ca.gov/sites/clerk.assembly.ca.gov/files/archive/Statutes/1921/21Vol1_Chapters.pdf,,
1921,Vol1_Index,https://clerk.assembly.ca.gov/sites/clerk.assembly.ca.gov/files/archive/Statutes/1921/21Vol1_Index.pdf,,
1923,Vol1_Constitution,https://clerk.assembly.ca.gov/sites/clerk.assembly.ca.gov/files/archive/Statutes/1923/23Vol1_Constitution.pdf,,
1923,Vol1_Tables,https://clerk.assembly.ca.gov/sites/clerk.assembly.ca.gov/files/archive/Statutes/1923/23Vol1_Tables.pdf,,
1923,Vol1_Chapters,https://clerk.assembly.ca.gov/sites/clerk.assembly.ca.gov/files/archive/Statutes/1923/23Vol1_Chapters.pdf,,
1923,Vol1_Index,https://clerk.assembly.ca.gov/sites/clerk.assembly.ca.gov/files/archive/Statutes/1923/23Vol1_Index.pdf,,
1925,Vol1_Constitution,https://clerk.assembly.ca.gov/sites/clerk.assembly.ca.gov/files/archive/Statutes/1925/25Vol1_Constitution.pdf,,
1925,Vol1_Tables,https://clerk.assembly.ca.gov/sites/clerk.assembly.ca.gov/files/archive/Statutes/1925/25Vol1_Tables.pdf,,
1925,Vol1_Chapters,https://clerk.assembly.ca.gov/sites/clerk.assembly.ca.gov/files/archive/Statutes/1925/25Vol1_Chapters.pdf,,
1925,Vol1_Index,https://clerk.assembly.ca.gov/sites/clerk.assembly.ca.gov/files/archive/Statutes/1925/25Vol1_Index.pdf,,
1927,Vol1_Constitution,https://clerk.assembly.ca.gov/sites/clerk.assembly.ca.gov/files/archive/Statutes/1927/27vol1_Constitution.pdf,,
1927,Vol1_Measures,https://clerk.assembly.ca.gov/sites/clerk.assembly.ca.gov/files/archive/Statutes/1927/27vol1_Measures.pdf,,
1927,Vol1_Chapters,https://clerk.assembly.ca.gov/sites/clerk.assembly.ca.gov/files/archive/Statutes/1927/27vol1_Chapters.pdf,,
1927,Vol1_Index,https://clerk.assembly.ca.gov/sites/clerk.assembly.ca.gov/files/archive/Statutes/1927/27vol1_Index.pdf,,
1927,Vol1_26Chapters,https://clerk.assembly.ca.gov/sites/clerk.assembly.ca.gov/files/archive/Statutes/1927/27vol1_26%20chapters.pdf,,
1929,Vol1_Constitution,https://clerk.assembly.ca.gov/sites/clerk.assembly.ca.gov/files/archive/Statutes/1929/29Vol1_Constitution.pdf,,
1929,Vol1_Measures,https://clerk.assembly.ca.gov/sites/clerk.assembly.ca.gov/files/archive/Statutes/1929/29Vol1_Measures.pdf,,
1929,Vol1_29Chapters,https://clerk.assembly.ca.gov/sites/clerk.assembly.ca.gov/files/archive/Statutes/1929/29Vol1_29Chapters.pdf,,
1929,Vol1_Index,https://clerk.assembly.ca.gov/sites/clerk.assembly.ca.gov/files/archive/Statutes/1929/29Vol1_Index.pdf,,
1929,Vol1_28Chapters,https://clerk.assembly.ca.gov/sites/clerk.assembly.ca.gov/files/archive/Statutes/1929/29Vol1_28Chapters.pdf,,
1931,Vol1_Constitution,https://clerk.assembly.ca.gov/sites/clerk.assembly.ca.gov/files/archive/Statutes/1931/31vol1_Constitution.pdf,,
1931,Vol1_Measures,https://clerk.assembly.ca.gov/sites/clerk.assembly.ca.gov/files/archive/Statutes/1931/31vol1_Measures.pdf,,
1931,Vol1_Chapters,https://clerk.assembly.ca.gov/sites/clerk.assembly.ca.gov/files/archive/Statutes/1931/31vol1_Chapters.pdf,,
1931,Vol1_TableStat,https://clerk.assembly.ca.gov/sites/clerk.assembly.ca.gov/files/archive/Statutes/1931/31vol1_TableStat.pdf,,
1931,Vol1_Index,https://clerk.assembly.ca.gov/sites/clerk.assembly.ca.gov/files/archive/Statutes/1931/31vol1_Index.pdf,,
1933,Vol1_Constitution,https://clerk.assembly.ca.gov/sites/clerk.assembly.ca.gov/files/archive/Statutes/1933/33Vol1_Constitution.pdf,,
1933,Vol1_Measures,https://clerk.assembly.ca.gov/sites/clerk.assembly.ca.gov/files/archive/Statutes/1933/33Vol1_Measures.pdf,,
1933,Vol1_Chapters,https://clerk.assembly.ca.gov/sites/clerk.assembly.ca.gov/files/archive/Statutes/1933/33Vol1_Chapters.pdf,,
1933,Vol1_TablesStat,https://clerk.assembly.ca.gov/sites/clerk.assembly.ca.gov/files/archive/Statutes/1933/33Vol1_TablesStat.pdf,,
1933,Vol1_Index,https://clerk.assembly.ca.gov/sites/clerk.assembly.ca.gov/files/archive/Statutes/1933/33Vol1_Index.pdf,,
1935,Vol1_Constitution,https://clerk.assembly.ca.gov/sites/clerk.assembly.ca.gov/files/archive/Statutes/1935/35Vol1_Constitution.pdf,,
1935,Vol1_Measures,https://clerk.assembly.ca.gov/sites/clerk.assembly.ca.gov/files/archive/Statutes/1935/35Vol1_Measures.pdf,,
1935,Vol1_Chapters,https://clerk.assembly.ca.gov/sites/clerk.assembly.ca.gov/files/archive/Statutes/1935/35Vol1_Chapters.pdf,,
1935,Vol1_StatRecord,https://clerk.assembly.ca.gov/sites/clerk.assembly.ca.gov/files/archive/Statutes/1935/35Vol1_StatRecord.pdf,,
1935,Vol1_Index,https://clerk.assembly.ca.gov/sites/clerk.assembly.ca.gov/files/archive/Statutes/1935/35Vol1_Index.pdf,,
1935,Vol1_34Chapters,https://clerk.assembly.ca.gov/sites/clerk.assembly.ca.gov/files/archive/Statutes/1935/35Vol1_34Chapters.pdf,,
1937,Vol1_Constitution,https://clerk.assembly.ca.gov/sites/clerk.assembly.ca.gov/files/archive/Statutes/1937/37vol1_Constitution.pdf,,
1937,Vol1_Tables,https://clerk.assembly.ca.gov/sites/clerk.assembly.ca.gov/files/archive/Statutes/1937/37vol1_Tables.pdf,,
1937,Vol1_Measures,https://clerk.assembly.ca.gov/sites/clerk.assembly.ca.gov/files/archive/Statutes/1937/37vol1_Measures.pdf,,
1937,Vol1_Chapters,https://clerk.assembly.ca.gov/sites/clerk.assembly.ca.gov/files/archive/Statutes/1937/37vol1_Chapters.pdf,yes,163564634
1937,Vol1_StatRecord,https://clerk.assembly.ca.gov/sites/clerk.assembly.ca.gov/files/archive/Statutes/1937/37vol1_StatRecord.pdf,,
1937,Vol1_Index,https://clerk.assembly.ca.gov/sites/clerk.assembly.ca.gov/files/archive/Statutes/1937/37vol1_Index.pdf,,
1938,Vol1_Constitution,https://clerk.assembly.ca.gov/sites/clerk.assembly.ca.gov/files/archive/Statutes/1938/38vol1_Constitution.pdf,,
1938,Vol1_Tables,https://clerk.assembly.ca.gov/sites/clerk.assembly.ca.gov/files/archive/Statutes/1938/38Vol1_Tables.pdf,,
1938,Vol1_Chapters,https://clerk.assembly.ca.gov/sites/clerk.assembly.ca.gov/files/archive/Statutes/1938/38vol1_Chapters.pdf,,
1938,Vol1_StatIndex,https://clerk.assembly.ca.gov/sites/clerk.assembly.ca.gov/files/archive/Statutes/1938/38vol1_StatIndex.PDF,,
1939,Vol1_Constitution,https://clerk.assembly.ca.gov/sites/clerk.assembly.ca.gov/files/archive/Statutes/1939/39Vol1_Constitution.pdf,,
1939,Vol1_Tables,https://clerk.assembly.ca.gov/sites/clerk.assembly.ca.gov/files/archive/Statutes/1939/39Vol1_Tables.pdf,,
1939,Vol1_Measures,https://clerk.assembly.ca.gov/sites/clerk.assembly.ca.gov/files/archive/Statutes/1939/39Vol1_Measures.pdf,,
1939,Vol1_Chapters,https://clerk.assembly.ca.gov/sites/clerk.assembly.ca.gov/files/archive/Statutes/1939/39Vol1_Chapters.pdf,,
1939,Vol1_StatRecord,https://clerk.assembly.ca.gov/sites/clerk.assembly.ca.gov/files/archive/Statutes/1939/39Vol1_StatRecord.pdf,,
1939,Vol1_Index,https://clerk.assembly.ca.gov/sites/clerk.assembly.ca.gov/files/archive/Statutes/1939/39Vol1_Index.pdf,,
1941,Vol1_Constitution,https://clerk.assembly.ca.gov/sites/clerk.assembly.ca.gov/files/archive/Statutes/1941/41Vol1_Constitution.pdf,,
1941,Vol1_Measures,https://clerk.assembly.ca.gov/sites/clerk.assembly.ca.gov/files/archive/Statutes/1941/41Vol1_Measures.pdf,,
1941,Vol1_41Chapters,https://clerk.assembly.ca.gov/sites/clerk.assembly.ca.gov/files/archive/Statutes/1941/41Vol1_41Chapters.pdf,,
1941,Vol1_Tables,https://clerk.assembly.ca.gov/sites/clerk.assembly.ca.gov/files/archive/Statutes/1941/41Vol1_Tables.pdf,,
1941,Vol1_StatRecord,https://clerk.assembly.ca.gov/sites/clerk.assembly.ca.gov/files/archive/Statutes/1941/41Vol1_StatRecord.pdf,,
1941,Vol1_Index,https://clerk.assembly.ca.gov/sites/clerk.assembly.ca.gov/files/archive/Statutes/1941/41Vol1_Index.pdf,,
1941,Vol1_40FirstExtra,https://clerk.assembly.ca.gov/sites/clerk.assembly.ca.gov/files/archive/Statutes/1941/41Vol1_40FirstExtra.pdf,,
1941,Vol1_40SecondExtra,https://clerk.assembly.ca.gov/sites/clerk.assembly.ca.gov/files/archive/Statutes/1941/41Vol1_40SecondExtra.pdf,,
1941,Vol1_40ThirdExtra,https://clerk.assembly.ca.gov/sites/clerk.assembly.ca.gov/files/archive/Statutes/1941/41Vol1_40ThirdExtra.pdf,,
1941,Vol1_40FourthExtra,https://clerk.assembly.ca.gov/sites/clerk.assembly.ca.gov/files/archive/Statutes/1941/41Vol1_40FourthExtra.pdf,,
1941,Vol1_40FifthExtra,https://clerk.assembly.ca.gov/sites/clerk.assembly.ca.gov/files/archive/Statutes/1941/41Vol1_40FifthExtra.pdf,,
1943,Vol1_Constitution,https://clerk.assembly.ca.gov/sites/clerk.assembly.ca.gov/files/archive/Statutes/1943/43Vol1_Constitution.pdf,,
1943,Vol1_Measures,https://clerk.assembly.ca.gov/sites/clerk.assembly.ca.gov/files/archive/Statutes/1943/43Vol1_Measures.pdf,,
1943,Vol1_Chapters,https://clerk.assembly.ca.gov/sites/clerk.assembly.ca.gov/files/archive/Statutes/1943/43Vol1_Chapters.pdf,,
1943,Vol1_AppendStat,https://clerk.assembly.ca.gov/sites/clerk.assembly.ca.gov/files/archive/Statutes/1943/43Vol1_AppendStat.pdf,,
1943,Vol1_Index,https://clerk.assembly.ca.gov/sites/clerk.assembly.ca.gov/files/archive/Statutes/1943/43Vol1_Index.pdf,,
1943,Vol1_42Chapters,https://clerk.assembly.ca.gov/sites/clerk.assembly.ca.gov/files/archive/Statutes/1943/43Vol1_42Chapters.pdf,,
1945,Vol1_Constitution,https://clerk.assembly.ca.gov/sites/clerk.assembly.ca.gov/files/archive/Statutes/1945/45Vol1_Constitution.pdf,,
1945,Vol1_Measures,https://clerk.assembly.ca.gov/sites/clerk.assembly.ca.gov/files/archive/Statutes/1945/45Vol1_Measures.pdf,,
1945,Vol1_Chapters,https://clerk.assembly.ca.gov/sites/clerk.assembly.ca.gov/files/archive/Statutes/1945/45Vol1_Chapters.pdf,,
1945,Vol1_AppenStat,https://clerk.assembly.ca.gov/sites/clerk.assembly.ca.gov/files/archive/Statutes/1945/45Vol1_AppenStat.pdf,,
1945,Vol1_Index,https://clerk.assembly.ca.gov/sites/clerk.assembly.ca.gov/files/archive/Statutes/1945/45Vol1_Index.pdf,,
1945,Vol1_ThirdExtra,https://clerk.assembly.ca.gov/sites/clerk.assembly.ca.gov/files/archive/Statutes/1945/45Vol1_ThirdExtra.pdf,,
1945,Vol1_FourthExtra,https://clerk.assembly.ca.gov/sites/clerk.assembly.ca.gov/files/archive/Statutes/1945/45Vol1_FourthExtra.pdf,,
1947,Vol1_Constitution,https://clerk.assembly.ca.gov/sites/clerk.assembly.ca.gov/files/archive/Statutes/1947/47Vol1_Constitution.pdf,,
1947,Vol1_Measures,https://clerk.assembly.ca.gov/sites/clerk.assembly.ca.gov/files/archive/Statutes/1947/47Vol1_Measures.pdf,,
1947,Vol1_Chapters,https://clerk.assembly.ca.gov/sites/clerk.assembly.ca.gov/files/archive/Statutes/1947/47Vol1_Chapters.pdf,,
1947,Vol1_FirstExtra,https://clerk.assembly.ca.gov/sites/clerk.assembly.ca.gov/files/archive/Statutes/1947/47Vol1_FirstExtra.pdf,,
1947,Vol1_AppenStat,https://clerk.assembly.ca.gov/sites/clerk.assembly.ca.gov/files/archive/Statutes/1947/47Vol1_AppenStat.pdf,,
1947,Vol1_Index,https://clerk.assembly.ca.gov/sites/clerk.assembly.ca.gov/files/archive/Statutes/1947/47Vol1_Index.pdf,,
1947,Vol1_46Chapters,https://clerk.assembly.ca.gov/sites/clerk.assembly.ca.gov/files/archive/Statutes/1947/47Vol1_46Chapters.pdf,,
1948,Vol1_Constitution,https://clerk.assembly.ca.gov/sites/clerk.assembly.ca.gov/files/archive/Statutes/1948/48Vol1_Constitution.pdf,,
1948,Vol1_Chapters,https://clerk.assembly.ca.gov/sites/clerk.assembly.ca.gov/files/archive/Statutes/1948/48Vol1_Chapters.pdf,,
1948,Vol1_Stat_Index,https://clerk.assembly.ca.gov/sites/clerk.assembly.ca.gov/files/archive/Statutes/1948/48Vol1_Stat_Index.pdf,,
1949,Vol1_Constitution,https://clerk.assembly.ca.gov/sites/clerk.assembly.ca.gov/files/archive/Statutes/1949/49Vol1_Constitution.pdf,,
1949,Vol1_Measures,https://clerk.assembly.ca.gov/sites/clerk.assembly.ca.gov/files/archive/Statutes/1949/49Vol1_Measures.pdf,,
1949,Vol1_Chapters,https://clerk.assembly.ca.gov/sites/clerk.assembly.ca.gov/files/archive/Statutes/1949/49Vol1_Chapters.pdf,,
1949,Vol1_AppendStat,https://clerk.assembly.ca.gov/sites/clerk.assembly.ca.gov/files/archive/Statutes/1949/49Vol1_AppendStat.pdf,,
1949,Vol1_Index,https://clerk.assembly.ca.gov/sites/clerk.assembly.ca.gov/files/archive/Statutes/1949/49Vol1_Index.pdf,,
1949,Vol1_49Chapters_prior,https://clerk.assembly.ca.gov/sites/clerk.assembly.ca.gov/files/archive/Statutes/1949/50Vol1_49Chapters.pdf,,
1950,Vol1_Constitution,https://clerk.assembly.ca.gov/sites/clerk.assembly.ca.gov/files/archive/Statutes/1950/50Vol1_Constitution.pdf,,
1950,Vol1_Measures,https://clerk.assembly.ca.gov/sites/clerk.assembly.ca.gov/files/archive/Statutes/1950/50Vol1_Measures.pdf,,
1950,Vol1_Chapters,https://clerk.assembly.ca.gov/sites/clerk.assembly.ca.gov/files/archive/Statutes/1950/50Vol1_Chapters.pdf,,
1950,Vol1_StatRecord,https://clerk.assembly.ca.gov/sites/clerk.assembly.ca.gov/files/archive/Statutes/1950/50Vol1_StatRecord.pdf,,
1950,Vol1_Index,https://clerk.assembly.ca.gov/sites/clerk.assembly.ca.gov/files/archive/Statutes/1950/50Vol1_Index.pdf,,
1951,Vol1_Constitution,https://clerk.assembly.ca.gov/sites/clerk.assembly.ca.gov/files/archive/Statutes/1951/51Vol1_Constitution.pdf,,
1951,Vol1_Measures,https://clerk.assembly.ca.gov/sites/clerk.assembly.ca.gov/files/archive/Statutes/1951/51Vol1_Measures.pdf,,
1951,Vol1_Chapters,https://clerk.assembly.ca.gov/sites/clerk.assembly.ca.gov/files/archive/Statutes/1951/51Vol1_Chapters.pdf,,
1951,Vol2_Chapters,https://clerk.assembly.ca.gov/sites/clerk.assembly.ca.gov/files/archive/Statutes/1951/51Vol2_Chapters.pdf,,
1951,Vol2_Appendix,https://clerk.assembly.ca.gov/sites/clerk.assembly.ca.gov/files/archive/Statutes/1951/51Vol2_Appendix.pdf,,
1951,Vol2_StatRecord,https://clerk.assembly.ca.gov/sites/clerk.assembly.ca.gov/files/archive/Statutes/1951/51Vol2_StatRecord.pdf,,
1951,Vol2_Index,https://clerk.assembly.ca.gov/sites/clerk.assembly.ca.gov/files/archive/Statutes/1951/51Vol2_Index.pdf,,
1951,Vol1_50Chapters,https://clerk.assembly.ca.gov/sites/clerk.assembly.ca.gov/files/archive/Statutes/1951/51Vol1_50Chapters.pdf,,
1953,Vol1_Constitution,https://clerk.assembly.ca.gov/sites/clerk.assembly.ca.gov/files/archive/Statutes/1953/53Vol1_Constitution.pdf,,
1953,Vol1_Measures,https://clerk.assembly.ca.gov/sites/clerk.assembly.ca.gov/files/archive/Statutes/1953/53Vol1_Measures.pdf,,
1953,Vol1_Chapters,https://clerk.assembly.ca.gov/sites/clerk.assembly.ca.gov/files/archive/Statutes/1953/53Vol1_Chapters.pdf,,
1953,Vol2_Chapters,https://clerk.assembly.ca.gov/sites/clerk.assembly.ca.gov/files/archive/Statutes/1953/53Vol2_Chapters.pdf,,
1953,Vol2_Appendix,https://clerk.assembly.ca.gov/sites/clerk.assembly.ca.gov/files/archive/Statutes/1953/53Vol2_Appendix.pdf,,
1953,Vol2_StatRecord,https://clerk.assembly.ca.gov/sites/clerk.assembly.ca.gov/files/archive/Statutes/1953/53Vol2_StatRecord.pdf,,
1953,Vol2_Index,https://clerk.assembly.ca.gov/sites/clerk.assembly.ca.gov/files/archive/Statutes/1953/53Vol2_Index.pdf,,
1953,Vol1_52Chapters,https://clerk.assembly.ca.gov/sites/clerk.assembly.ca.gov/files/archive/Statutes/1953/53Vol1_52Chapters.pdf,,
1955,Vol1_Constitution,https://clerk.assembly.ca.gov/sites/clerk.assembly.ca.gov/files/archive/Statutes/1955/55Vol1_Constitution.pdf,,
1955,Vol1_Measures,https://clerk.assembly.ca.gov/sites/clerk.assembly.ca.gov/files/archive/Statutes/1955/55Vol1_Measures.pdf,,
1955,Vol1_55Chapters,https://clerk.assembly.ca.gov/sites/clerk.assembly.ca.gov/files/archive/Statutes/1955/55Vol1_55Chapters.pdf,,
1955,Vol2_Chapters,https://clerk.assembly.ca.gov/sites/clerk.assembly.ca.gov/files/archive/Statutes/1955/55Vol2_Chapters.pdf,,
1955,Vol2_Appen_Stat,https://clerk.assembly.ca.gov/sites/clerk.assembly.ca.gov/files/archive/Statutes/1955/55Vol2_Appen_Stat.pdf,,
1955,Vol2_Index,https://clerk.assembly.ca.gov/sites/clerk.assembly.ca.gov/files/archive/Statutes/1955/55Vol2_Index.pdf,,
1955,Vol1_54Chapters,https://clerk.assembly.ca.gov/sites/clerk.assembly.ca.gov/files/archive/Statutes/1955/55Vol1_54Chapters.pdf,,
1957,Vol1_Constitution,https://clerk.assembly.ca.gov/sites/clerk.assembly.ca.gov/files/archive/Statutes/1957/57Vol1_Constitution.pdf,,
1957,Vol1_Measures,https://clerk.assembly.ca.gov/sites/clerk.assembly.ca.gov/files/archive/Statutes/1957/57Vol1_Measures.pdf,,
1957,Vol1_57Chapters,https://clerk.assembly.ca.gov/sites/clerk.assembly.ca.gov/files/archive/Statutes/1957/57Vol1_57Chapters.pdf,,
1957,Vol2_57Chapters,https://clerk.assembly.ca.gov/sites/clerk.assembly.ca.gov/files/archive/Statutes/1957/57Vol2_57Chapters.pdf,,
1957,Vol2_Appen_Stat,https://clerk.assembly.ca.gov/sites/clerk.assembly.ca.gov/files/archive/Statutes/1957/57Vol2_Appen_Stat.pdf,,
1957,Vol2_Index,https://clerk.assembly.ca.gov/sites/clerk.assembly.ca.gov/files/archive/Statutes/1957/57Vol2_Index.pdf,,
1957,Vol1_56Chapters,https://clerk.assembly.ca.gov/sites/clerk.assembly.ca.gov/files/archive/Statutes/1957/57Vol1_56Chapters.pdf,,
1959,Vol1_Constitution,https://clerk.assembly.ca.gov/sites/clerk.assembly.ca.gov/files/archive/Statutes/1959/59Vol1_Constitution.pdf,,
1959,Vol1_Measures,https://clerk.assembly.ca.gov/sites/clerk.assembly.ca.gov/files/archive/Statutes/1959/59Vol1_Measures.PDF,,
1959,Vol1_59Chapters,https://clerk.assembly.ca.gov/sites/clerk.assembly.ca.gov/files/archive/Statutes/1959/59Vol1_59Chapters.pdf,yes,126207084
1959,Vol2_Chapters,https://clerk.assembly.ca.gov/sites/clerk.assembly.ca.gov/files/archive/Statutes/1959/59Vol2_Chapters.pdf,,
1959,Vol2_Appen_Stat,https://clerk.assembly.ca.gov/sites/clerk.assembly.ca.gov/files/archive/Statutes/1959/59Vol2_Appen_Stat.pdf,,
1959,Vol2_Index,https://clerk.assembly.ca.gov/sites/clerk.assembly.ca.gov/files/archive/Statutes/1959/59Vol2_Index.pdf,,
1959,Vol1_58Chapters,https://clerk.assembly.ca.gov/sites/clerk.assembly.ca.gov/files/archive/Statutes/1959/59Vol1_58Chapters.pdf,,
1961,Vol1_Constitution,https://clerk.assembly.ca.gov/sites/clerk.assembly.ca.gov/files/archive/Statutes/1961/61Vol1_Constitution.pdf,,
1961,Vol1_Measures,https://clerk.assembly.ca.gov/sites/clerk.assembly.ca.gov/files/archive/Statutes/1961/61Vol1_Measures.pdf,,
1961,Vol1_61Chapters,https://clerk.assembly.ca.gov/sites/clerk.assembly.ca.gov/files/archive/Statutes/1961/61Vol1_61Chapters.pdf,,
1961,Vol2_Chapters,https://clerk.assembly.ca.gov/sites/clerk.assembly.ca.gov/files/archive/Statutes/1961/61Vol2_Chapters.pdf,,
1961,Vol2_Appen_Stat,https://clerk.assembly.ca.gov/sites/clerk.assembly.ca.gov/files/archive/Statutes/1961/61Vol2_Appen_Stat.pdf,,
1961,Vol2_Index,https://clerk.assembly.ca.gov/sites/clerk.assembly.ca.gov/files/archive/Statutes/1961/61Vol2_Index.pdf,,
1961,Vol1_60Chapters,https://clerk.assembly.ca.gov/sites/clerk.assembly.ca.gov/files/archive/Statutes/1961/61Vol1_60Chapters.pdf,,
1963,Vol1_Constitution,https://clerk.assembly.ca.gov/sites/clerk.assembly.ca.gov/files/archive/Statutes/1963/63Vol1_Constitution.pdf,,
1963,Vol1_Measures,https://clerk.assembly.ca.gov/sites/clerk.assembly.ca.gov/files/archive/Statutes/1963/63Vol1_Measures.pdf,,
1963,Vol1_63Chapters,https://clerk.assembly.ca.gov/sites/clerk.assembly.ca.gov/files/archive/Statutes/1963/63Vol1_63Chapters.pdf,,
1963,Vol2_Chapters,https://clerk.assembly.ca.gov/sites/clerk.assembly.ca.gov/files/archive/Statutes/1963/63Vol2_Chapters.pdf,,
1963,Vol2_StatRecord,https://clerk.assembly.ca.gov/sites/clerk.assembly.ca.gov/files/archive/Statutes/1963/63Vol2_StatRecord.pdf,,
1963,Vol2_Index,https://clerk.assembly.ca.gov/sites/clerk.assembly.ca.gov/files/archive/Statutes/1963/63Vol2_Index.pdf,,
1963,Vol2_FirstExtra,https://clerk.assembly.ca.gov/sites/clerk.assembly.ca.gov/files/archive/Statutes/1963/63Vol2_FirstExtra.pdf,,
1963,Vol1_62Chapters,https://clerk.assembly.ca.gov/sites/clerk.assembly.ca.gov/files/archive/Statutes/1963/63Vol1_62Chapters.pdf,,
1965,Vol1_Constitution,https://clerk.assembly.ca.gov/sites/clerk.assembly.ca.gov/files/archive/Statutes/1965/65vol1_Const.PDF,,
1965,Vol1_Measures,https://clerk.assembly.ca.gov/sites/clerk.assembly.ca.gov/files/archive/Statutes/1965/65vol1_Measures.pdf,,
1965,Vol1_65Chapters,https://clerk.assembly.ca.gov/sites/clerk.assembly.ca.gov/files/archive/Statutes/1965/65Vol1_65Chapters.pdf,,
1965,Vol2,https://clerk.assembly.ca.gov/sites/clerk.assembly.ca.gov/files/archive/Statutes/1965/65Vol2.PDF,,
1965,Vol3_Chapters,https://clerk.assembly.ca.gov/sites/clerk.assembly.ca.gov/files/archive/Statutes/1965/65Vol3_Chapters.pdf,,
1965,Vol3_StatRec,https://clerk.assembly.ca.gov/sites/clerk.assembly.ca.gov/files/archive/Statutes/1965/65Vol3_StatRec.pdf,,
1965,Vol3_Index,https://clerk.assembly.ca.gov/sites/clerk.assembly.ca.gov/files/archive/Statutes/1965/65Vol3_Index.pdf,,
1965,Vol3_FirstExtra,https://clerk.assembly.ca.gov/sites/clerk.assembly.ca.gov/files/archive/Statutes/1965/65Vol3_FirstExtra.pdf,,
1965,Vol3_Appendix,https://clerk.assembly.ca.gov/sites/clerk.assembly.ca.gov/files/archive/Statutes/1965/65Vol3_Appendix.pdf,,
1965,Vol1_64Chapters,https://clerk.assembly.ca.gov/sites/clerk.assembly.ca.gov/files/archive/Statutes/1965/65Vol1_64Chapters.pdf,,
1966,Vol1_Constitution,https://clerk.assembly.ca.gov/sites/clerk.assembly.ca.gov/files/archive/Statutes/1966/66Vol1_Constitution.pdf,,
1966,Vol1_Measures,https://clerk.assembly.ca.gov/sites/clerk.assembly.ca.gov/files/archive/Statutes/1966/66Vol1_Measures.pdf,,
1966,Vol1_Chapters,https://clerk.assembly.ca.gov/sites/clerk.assembly.ca.gov/files/archive/Statutes/1966/66Vol1_Chapters.pdf,,
1966,Vol1_FirstExtra,https://clerk.assembly.ca.gov/sites/clerk.assembly.ca.gov/files/archive/Statutes/1966/66Vol1_FirstExtra.pdf,,
1966,Vol1_SecondExtra,https://clerk.assembly.ca.gov/sites/clerk.assembly.ca.gov/files/archive/Statutes/1966/66Vol1_SecondExtra.pdf,,
1966,Vol1_StatRecord,https://clerk.assembly.ca.gov/sites/clerk.assembly.ca.gov/files/archive/Statutes/1966/66Vol1_StatRecord.pdf,,
1966,Vol1_Index,https://clerk.assembly.ca.gov/sites/clerk.assembly.ca.gov/files/archive/Statutes/1966/66Vol1_Index.pdf,,
1966,Vol1_65secondextra,https://clerk.assembly.ca.gov/sites/clerk.assembly.ca.gov/files/archive/Statutes/1966/66Vol1_65secondextra.pdf,,
1967,Vol1_Constitution,https://clerk.assembly.ca.gov/sites/clerk.assembly.ca.gov/files/archive/Statutes/1967/67Vol1_Constitution.pdf,,
1967,Vol1_Chapters,https://clerk.assembly.ca.gov/sites/clerk.assembly.ca.gov/files/archive/Statutes/1967/67Vol1_Chapters.pdf,,
1967,Vol2,https://clerk.assembly.ca.gov/sites/clerk.assembly.ca.gov/files/archive/Statutes/1967/67Vol2.PDF,,
1967,Vol3_Chapters,https://clerk.assembly.ca.gov/sites/clerk.assembly.ca.gov/files/archive/Statutes/1967/67Vol3_Chapters.pdf,,
1967,Vol3_Index,https://clerk.assembly.ca.gov/sites/clerk.assembly.ca.gov/files/archive/Statutes/1967/67Vol3_Index.pdf,,
1967,Vol3_FirstExtra,https://clerk.assembly.ca.gov/sites/clerk.assembly.ca.gov/files/archive/Statutes/1967/67Vol3_FirstExtra.pdf,,
1967,Vol3_SectionsAffected,https://clerk.assembly.ca.gov/sites/clerk.assembly.ca.gov/files/archive/Statutes/1967/67Vol3_SectionsAffected.pdf,,
1967,Vol3_Summary,https://clerk.assembly.ca.gov/sites/clerk.assembly.ca.gov/files/archive/Statutes/1967/67Vol3_Summary.pdf,,
1967,Vol3_Appendix,https://clerk.assembly.ca.gov/sites/clerk.assembly.ca.gov/files/archive/Statutes/1967/67Vol3_Appendix.pdf,,
1968,Vol1_Constitution,https://clerk.assembly.ca.gov/sites/clerk.assembly.ca.gov/files/archive/Statutes/1968/68Vol1_Constitution.pdf,,
1968,Vol1_Measures,https://clerk.assembly.ca.gov/sites/clerk.assembly.ca.gov/files/archive/Statutes/1968/68Vol1_Measures.pdf,,
1968,Vol1_Chapters,https://clerk.assembly.ca.gov/sites/clerk.assembly.ca.gov/files/archive/Statutes/1968/68Vol1_Chapters.pdf,,
1968,Vol2_Chapters,https://clerk.assembly.ca.gov/sites/clerk.assembly.ca.gov/files/archive/Statutes/1968/68Vol2_Chapters.pdf,,
1968,Vol2_Index,https://clerk.assembly.ca.gov/sites/clerk.assembly.ca.gov/files/archive/Statutes/1968/68Vol2_Index.pdf,,
1968,Vol2_SectionsAffected,https://clerk.assembly.ca.gov/sites/clerk.assembly.ca.gov/files/archive/Statutes/1968/68Vol2_SectionsAffected.pdf,,
1968,Vol2_Summary,https://clerk.assembly.ca.gov/sites/clerk.assembly.ca.gov/files/archive/Statutes/1968/68Vol2_Summary.pdf,,
1968,Vol1_67SecondExtra,https://clerk.assembly.ca.gov/sites/clerk.assembly.ca.gov/files/archive/Statutes/1968/68Vol1_67SecondExtra.pdf,,
1968,Vol2_67SecondExtra,https://clerk.assembly.ca.gov/sites/clerk.assembly.ca.gov/files/archive/Statutes/1968/68Vol2_67SecondExtra.pdf,,
1969,Vol1_Constitution,https://clerk.assembly.ca.gov/sites/clerk.assembly.ca.gov/files/archive/Statutes/1969/69Vol1_Constitution.pdf,,
1969,Vol1_Measures,https://clerk.assembly.ca.gov/sites/clerk.assembly.ca.gov/files/archive/Statutes/1969/69Vol1_Measures.pdf,,
1969,Vol1_Chapters,https://clerk.assembly.ca.gov/sites/clerk.assembly.ca.gov/files/archive/Statutes/1969/69Vol1_Chapters.pdf,,
1969,Vol2_Chapters,https://clerk.assembly.ca.gov/sites/clerk.assembly.ca.gov/files/archive/Statutes/1969/69Vol2_Chapters.pdf,,
1969,Vol2_Index,https://clerk.assembly.ca.gov/sites/clerk.assembly.ca.gov/files/archive/Statutes/1969/69Vol2_Index.pdf,,
1969,Vol2_SectionsAffected,https://clerk.assembly.ca.gov/sites/clerk.assembly.ca.gov/files/archive/Statutes/1969/69Vol2_SectionsAffected.pdf,,
1969,Vol2_Summary,https://clerk.assembly.ca.gov/sites/clerk.assembly.ca.gov/files/archive/Statutes/1969/69Vol2_Summary.pdf,,
1969,Vol1_68FirstExtra,https://clerk.assembly.ca.gov/sites/clerk.assembly.ca.gov/files/archive/Statutes/1969/69Vol1_68FirstExtra.pdf,,
1969,Vol2_68FirstExtraSession,https://clerk.assembly.ca.gov/sites/clerk.assembly.ca.gov/files/archive/Statutes/1969/69Vol2_68FirstExtraSession.pdf,,
1970,Vol1_Constitution,https://clerk.assembly.ca.gov/sites/clerk.assembly.ca.gov/files/archive/Statutes/1970/70vol1_Constitution.pdf,,
1970,Vol1_Measures,https://clerk.assembly.ca.gov/sites/clerk.assembly.ca.gov/files/archive/Statutes/1970/70vol1_Measures.pdf,,
1970,Vol1_Chapters,https://clerk.assembly.ca.gov/sites/clerk.assembly.ca.gov/files/archive/Statutes/1970/70vol1_Chapters.pdf,,
1970,Vol2_Chapters,https://clerk.assembly.ca.gov/sites/clerk.assembly.ca.gov/files/archive/Statutes/1970/70Vol2_Chapters.pdf,,
1970,Vol2_Index,https://clerk.assembly.ca.gov/sites/clerk.assembly.ca.gov/files/archive/Statutes/1970/70Vol2_Index.pdf,,
1970,Vol2_StatRecord,https://clerk.assembly.ca.gov/sites/clerk.assembly.ca.gov/files/archive/Statutes/1970/70Vol2_StatRecord.pdf,,
1970,Vol2_Summary,https://clerk.assembly.ca.gov/sites/clerk.assembly.ca.gov/files/archive/Statutes/1970/70Vol2_Summary.pdf,,
1971,Vol1_Constitution,https://clerk.assembly.ca.gov/sites/clerk.assembly.ca.gov/files/archive/Statutes/1971/71Vol1_Constitution.pdf,,
1971,Vol1_Chapters,https://clerk.assembly.ca.gov/sites/clerk.assembly.ca.gov/files/archive/Statutes/1971/71Vol1_Chapters.pdf,,
1971,Vol2,https://clerk.assembly.ca.gov/sites/clerk.assembly.ca.gov/files/archive/Statutes/1971/71Vol2.PDF,,
1971,Vol3_Index,https://clerk.assembly.ca.gov/sites/clerk.assembly.ca.gov/files/archive/Statutes/1971/71Vol3_Index.pdf,,
1971,Vol3_Chapters,https://clerk.assembly.ca.gov/sites/clerk.assembly.ca.gov/files/archive/Statutes/1971/71Vol3_Chapters.pdf,,
1971,Vol3_StatRecords,https://clerk.assembly.ca.gov/sites/clerk.assembly.ca.gov/files/archive/Statutes/1971/71Vol3_StatRecords.pdf,,
1971,Vol3_Summary,https://clerk.assembly.ca.gov/sites/clerk.assembly.ca.gov/files/archive/Statutes/1971/71Vol3_Summary.pdf,,
1971,Vol3_FirstExtra,https://clerk.assembly.ca.gov/sites/clerk.assembly.ca.gov/files/archive/Statutes/1971/71Vol3_FirstExtra.pdf,,
1972,Vol1_Constitution,https://clerk.assembly.ca.gov/sites/clerk.assembly.ca.gov/files/archive/Statutes/1972/72Vol1_Constitution.pdf,,
1972,Vol1_Index,https://clerk.assembly.ca.gov/sites/clerk.assembly.ca.gov/files/archive/Statutes/1972/72Vol1_Index.pdf,,
1972,Vol1_Measures,https://clerk.assembly.ca.gov/sites/clerk.assembly.ca.gov/files/archive/Statutes/1972/72Vol1_Measures.pdf,,
1972,Vol1_Chapters,https://clerk.assembly.ca.gov/sites/clerk.assembly.ca.gov/files/archive/Statutes/1972/72Vol1_Chapters.pdf,,
1972,Vol2_Chapters,https://clerk.assembly.ca.gov/sites/clerk.assembly.ca.gov/files/archive/Statutes/1972/72Vol2_Chapters.pdf,,
1972,Vol2_Index,https://clerk.assembly.ca.gov/sites/clerk.assembly.ca.gov/files/archive/Statutes/1972/72Vol2_Index.pdf,,
1972,Vol2_StatRecords,https://clerk.assembly.ca.gov/sites/clerk.assembly.ca.gov/files/archive/Statutes/1972/72Vol2_StatRecords.pdf,,
1972,Vol2_Summary,https://clerk.assembly.ca.gov/sites/clerk.assembly.ca.gov/files/archive/Statutes/1972/72Vol2_Summary.pdf,,
1973,Vol1_Constitution,https://clerk.assembly.ca.gov/sites/clerk.assembly.ca.gov/files/archive/Statutes/1973/73Vol1_Constitution.pdf,,
1973,Vol1_Index,https://clerk.assembly.ca.gov/sites/clerk.assembly.ca.gov/files/archive/Statutes/1973/73Vol1_Index.pdf,,
1973,Vol1_Chapters,https://clerk.assembly.ca.gov/sites/clerk.assembly.ca.gov/files/archive/Statutes/1973/73Vol1_Chapters.pdf,,
1973,Vol2_Chapters,https://clerk.assembly.ca.gov/sites/clerk.assembly.ca.gov/files/archive/Statutes/1973/73Vol2_Chapters.pdf,,
1973,Vol2_Index,https://clerk.assembly.ca.gov/sites/clerk.assembly.ca.gov/files/archive/Statutes/1973/73Vol2_Index.pdf,,
1973,Vol2_StatRecords,https://clerk.assembly.ca.gov/sites/clerk.assembly.ca.gov/files/archive/Statutes/1973/73Vol2_StatRecords.pdf,,
1973,Vol2_Summary,https://clerk.assembly.ca.gov/sites/clerk.assembly.ca.gov/files/archive/Statutes/1973/73Vol2_Summary.pdf,,
1974,Vol1_Constitution,https://clerk.assembly.ca.gov/sites/clerk.assembly.ca.gov/files/archive/Statutes/1974/74Vol1_Constitution.pdf,,
1974,Vol1_Chapters,https://clerk.assembly.ca.gov/sites/clerk.assembly.ca.gov/files/archive/Statutes/1974/74Vol1_Chapters.pdf,,
1974,Vol1_Index,https://clerk.assembly.ca.gov/sites/clerk.assembly.ca.gov/files/archive/Statutes/1974/74Vol1_Index.pdf,,
1974,Vol1_Measures,https://clerk.assembly.ca.gov/sites/clerk.assembly.ca.gov/files/archive/Statutes/1974/74Vol1_measures.pdf,,
1974,Vol2_Chapters,https://clerk.assembly.ca.gov/sites/clerk.assembly.ca.gov/files/archive/Statutes/1974/74Vol2_Chapters.pdf,,
1974,Vol2_SecondExtra,https://clerk.assembly.ca.gov/sites/clerk.assembly.ca.gov/files/archive/Statutes/1974/74Vol2_SecondExtra.pdf,,
1974,Vol2_Index,https://clerk.assembly.ca.gov/sites/clerk.assembly.ca.gov/files/archive/Statutes/1974/74Vol2_Index.pdf,,
1974,Vol2_Summary,https://clerk.assembly.ca.gov/sites/clerk.assembly.ca.gov/files/archive/Statutes/1974/74Vol2_Summary.pdf,,
1974,Vol2_StatRecord,https://clerk.assembly.ca.gov/sites/clerk.assembly.ca.gov/files/archive/Statutes/1974/74Vol2_StatRecord.pdf,,
1974,Vol2_Appendix,https://clerk.assembly.ca.gov/sites/clerk.assembly.ca.gov/files/archive/Statutes/1974/74Vol2_Appendix.pdf,,
1975,Vol1_Constitution,https://clerk.assembly.ca.gov/sites/clerk.assembly.ca.gov/files/archive/Statutes/1975/75Vol1_Constitution.pdf,,
1975,Vol1_Index,https://clerk.assembly.ca.gov/sites/clerk.assembly.ca.gov/files/archive/Statutes/1975/75Vol1_Index.pdf,,
1975,Vol1_Chapters,https://clerk.assembly.ca.gov/sites/clerk.assembly.ca.gov/files/archive/Statutes/1975/75Vol1_Chapters.pdf,,
1975,Vol2_Chapters,https://clerk.assembly.ca.gov/sites/clerk.assembly.ca.gov/files/archive/Statutes/1975/75Vol2_Chapters.pdf,,
1975,Vol2_Index,https://clerk.assembly.ca.gov/sites/clerk.assembly.ca.gov/files/archive/Statutes/1975/75Vol2_Index.pdf,,
1975,Vol2_StatRecord,https://clerk.assembly.ca.gov/sites/clerk.assembly.ca.gov/files/archive/Statutes/1975/75Vol2_StatRecord.pdf,,
1975,Vol2_Appendix,https://clerk.assembly.ca.gov/sites/clerk.assembly.ca.gov/files/archive/Statutes/1975/75Vol2_Appendix.pdf,,
1975,Vol2_Summary,https://clerk.assembly.ca.gov/sites/clerk.assembly.ca.gov/files/archive/Statutes/1975/75Vol2_Summary.pdf,,
1975,Vol2_FirstExtraSummary,https://clerk.assembly.ca.gov/sites/clerk.assembly.ca.gov/files/archive/Statutes/1975/75Vol2_FirstExtraSummary.pdf,,
1975,Vol2_SecondExtraSummary,https://clerk.assembly.ca.gov/sites/clerk.assembly.ca.gov/files/archive/Statutes/1975/75Vol2_SecondExtraSummary.pdf,,
1975,Vol2_ThirdExtraSummary,https://clerk.assembly.ca.gov/sites/clerk.assembly.ca.gov/files/archive/Statutes/1975/75Vol2_ThirdExtraSummary.pdf,,
1976,Vol1_Constitution,https://clerk.assembly.ca.gov/sites/clerk.assembly.ca.gov/files/archive/Statutes/1976/76Vol1_Constitution.pdf,,
1976,Vol1_Measures,https://clerk.assembly.ca.gov/sites/clerk.assembly.ca.gov/files/archive/Statutes/1976/76Vol1_Measures.pdf,,
1976,Vol1_Index,https://clerk.assembly.ca.gov/sites/clerk.assembly.ca.gov/files/archive/Statutes/1976/76Vol1_Index.pdf,,
1976,Vol1_Chapters,https://clerk.assembly.ca.gov/sites/clerk.assembly.ca.gov/files/archive/Statutes/1976/76Vol1_Chapters.pdf,,
1976,Vol2,https://clerk.assembly.ca.gov/sites/clerk.assembly.ca.gov/files/archive/Statutes/1976/76Vol2.PDF,,
1976,Vol3,https://clerk.assembly.ca.gov/sites/clerk.assembly.ca.gov/files/archive/Statutes/1976/76Vol3.PDF,,
1976,Vol4_Index,https://clerk.assembly.ca.gov/sites/clerk.assembly.ca.gov/files/archive/Statutes/1976/76Vol4_Index.pdf,,
1976,Vol4_Summary,https://clerk.assembly.ca.gov/sites/clerk.assembly.ca.gov/files/archive/Statutes/1976/76Vol4_Summary.pdf,,
1976,Vol4_CrossTables,https://clerk.assembly.ca.gov/sites/clerk.assembly.ca.gov/files/archive/Statutes/1976/76Vol4_CrossTables.pdf,,
1976,Vol4_StatRecord,https://clerk.assembly.ca.gov/sites/clerk.assembly.ca.gov/files/archive/Statutes/1976/76Vol4_StatRecord.pdf,,
1976,Vol4_Appendix,https://clerk.assembly.ca.gov/sites/clerk.assembly.ca.gov/files/archive/Statutes/1976/76Vol4_Appendix.pdf,,
1977,Vol1_Constitution,https://clerk.assembly.ca.gov/sites/clerk.assembly.ca.gov/files/archive/Statutes/1977/77Vol1_Constitution.pdf,,
1977,Vol1_Index,https://clerk.assembly.ca.gov/sites/clerk.assembly.ca.gov/files/archive/Statutes/1977/77Vol1_Index.pdf,,
1977,Vol1_Chapters,https://clerk.assembly.ca.gov/sites/clerk.assembly.ca.gov/files/archive/Statutes/1977/77Vol1_Chapters.pdf,,
1977,Vol2,https://clerk.assembly.ca.gov/sites/clerk.assembly.ca.gov/files/archive/Statutes/1977/77Vol2.PDF,,
1977,Vol3_Chapters,https://clerk.assembly.ca.gov/sites/clerk.assembly.ca.gov/files/archive/Statutes/1977/77Vol3_Chapters.pdf,,
1977,Vol3_Summary,https://clerk.assembly.ca.gov/sites/clerk.assembly.ca.gov/files/archive/Statutes/1977/77Vol3_Summary.pdf,,
1977,Vol3_StatRecords,https://clerk.assembly.ca.gov/sites/clerk.assembly.ca.gov/files/archive/Statutes/1977/77Vol3_StatRecords.pdf,,
1977,Vol3_Index,https://clerk.assembly.ca.gov/sites/clerk.assembly.ca.gov/files/archive/Statutes/1977/77Vol3_Index.pdf,,
1977,Vol3_Appendix,https://clerk.assembly.ca.gov/sites/clerk.assembly.ca.gov/files/archive/Statutes/1977/77Vol3_Appendix.pdf,,
1978,Vol1_Constitution,https://clerk.assembly.ca.gov/sites/clerk.assembly.ca.gov/files/archive/Statutes/1978/78Vol1_Constitution.pdf,,
1978,Vol1_Index,https://clerk.assembly.ca.gov/sites/clerk.assembly.ca.gov/files/archive/Statutes/1978/78Vol1_Index.pdf,,
1978,Vol1_Measures_Tables,https://clerk.assembly.ca.gov/sites/clerk.assembly.ca.gov/files/archive/Statutes/1978/78Vol1_Measures_Tables.pdf,,
1978,Vol1_Chapters,https://clerk.assembly.ca.gov/sites/clerk.assembly.ca.gov/files/archive/Statutes/1978/78Vol1_Chapters.pdf,,
1978,Vol2,https://clerk.assembly.ca.gov/sites/clerk.assembly.ca.gov/files/archive/Statutes/1978/78Vol2.PDF,,
1978,Vol3,https://clerk.assembly.ca.gov/sites/clerk.assembly.ca.gov/files/archive/Statutes/1978/78Vol3.PDF,,
1978,Vol4_Summary,https://clerk.assembly.ca.gov/sites/clerk.assembly.ca.gov/files/archive/Statutes/1978/78Vol4_Summary.pdf,,
1978,Vol4_Index,https://clerk.assembly.ca.gov/sites/clerk.assembly.ca.gov/files/archive/Statutes/1978/78Vol4_Index.pdf,,
1978,Vol4_StatRecord,https://clerk.assembly.ca.gov/sites/clerk.assembly.ca.gov/files/archive/Statutes/1978/78Vol4_StatRecord.pdf,,
1978,Vol4_FirstExtraSession,https://clerk.assembly.ca.gov/sites/clerk.assembly.ca.gov/files/archive/Statutes/1978/78Vol4_FirstExtraSession.pdf,,
1978,Vol4_Appendix,https://clerk.assembly.ca.gov/sites/clerk.assembly.ca.gov/files/archive/Statutes/1978/78Vol4_Appendix.pdf,,
1979,Vol1_Constitution,https://clerk.assembly.ca.gov/sites/clerk.assembly.ca.gov/files/archive/Statutes/1979/79Vol1_Constitution.pdf,,
1979,Vol1_Index,https://clerk.assembly.ca.gov/sites/clerk.assembly.ca.gov/files/archive/Statutes/1979/79Vol1_Index.pdf,,
1979,Vol1_Measures,https://clerk.assembly.ca.gov/sites/clerk.assembly.ca.gov/files/archive/Statutes/1979/79Vol1_Measures.pdf,,
1979,Vol1_Chapters,https://clerk.assembly.ca.gov/sites/clerk.assembly.ca.gov/files/archive/Statutes/1979/79Vol1_Chapters.pdf,,
1979,Vol2,https://clerk.assembly.ca.gov/sites/clerk.assembly.ca.gov/files/archive/Statutes/1979/79Vol2.PDF,,
1979,Vol3,https://clerk.assembly.ca.gov/sites/clerk.assembly.ca.gov/files/archive/Statutes/1979/79Vol3.PDF,,
1979,Vol4_Summary,https://clerk.assembly.ca.gov/sites/clerk.assembly.ca.gov/files/archive/Statutes/1979/79Vol4_Summary.pdf,,
1979,Vol4_StatRecord,https://clerk.assembly.ca.gov/sites/clerk.assembly.ca.gov/files/archive/Statutes/1979/79Vol4_StatRecord.pdf,,
1979,Vol4_Appendix,https://clerk.assembly.ca.gov/sites/clerk.assembly.ca.gov/files/archive/Statutes/1979/79Vol4_Appendix.pdf,,
1979,Vol4_Index,https://clerk.assembly.ca.gov/sites/clerk.assembly.ca.gov/files/archive/Statutes/1979/79Vol4_Index.pdf,,
1980,Vol1_Constitution,https://clerk.assembly.ca.gov/sites/clerk.assembly.ca.gov/files/archive/Statutes/1980/80Vol1_Constitution.pdf,,
1980,Vol1_Index,https://clerk.assembly.ca.gov/sites/clerk.assembly.ca.gov/files/archive/Statutes/1980/80Vol1_Index.pdf,,
1980,Vol1_Measures,https://clerk.assembly.ca.gov/sites/clerk.assembly.ca.gov/files/archive/Statutes/1980/80Vol1_Measures.pdf,,
1980,Vol1_Chapters,https://clerk.assembly.ca.gov/sites/clerk.assembly.ca.gov/files/archive/Statutes/1980/80Vol1_Chapters.pdf,yes,72409132
1980,Vol2,https://clerk.assembly.ca.gov/sites/clerk.assembly.ca.gov/files/archive/Statutes/1980/80Vol2.PDF,,
1980,Vol3,https://clerk.assembly.ca.gov/sites/clerk.assembly.ca.gov/files/archive/Statutes/1980/80Vol3.PDF,,
1980,Vol4_Summary,https://clerk.assembly.ca.gov/sites/clerk.assembly.ca.gov/files/archive/Statutes/1980/80Vol4_Summary.pdf,,
1980,Vol4_StatRecord,https://clerk.assembly.ca.gov/sites/clerk.assembly.ca.gov/files/archive/Statutes/1980/80Vol4_StatRecord.pdf,,
1980,Vol4_Appendix,https://clerk.assembly.ca.gov/sites/clerk.assembly.ca.gov/files/archive/Statutes/1980/80Vol4_Appendix.pdf,,
1980,Vol4_Index,https://clerk.assembly.ca.gov/sites/clerk.assembly.ca.gov/files/archive/Statutes/1980/80Vol4_Index.pdf,,
1981,Vol1_Constitution,https://clerk.assembly.ca.gov/sites/clerk.assembly.ca.gov/files/archive/Statutes/1981/81Vol1_Constitution.pdf,,
1981,Vol1_Index,https://clerk.assembly.ca.gov/sites/clerk.assembly.ca.gov/files/archive/Statutes/1981/81Vol1_Index.pdf,,
1981,Vol1_Chapters,https://clerk.assembly.ca.gov/sites/clerk.assembly.ca.gov/files/archive/Statutes/1981/81Vol1_Chapters.pdf,,
1981,Vol2,https://clerk.assembly.ca.gov/sites/clerk.assembly.ca.gov/files/archive/Statutes/1981/81Vol2.PDF,,
1981,Vol3,https://clerk.assembly.ca.gov/sites/clerk.assembly.ca.gov/files/archive/Statutes/1981/81Vol3.PDF,,
1981,Vol4_Summary,https://clerk.assembly.ca.gov/sites/clerk.assembly.ca.gov/files/archive/Statutes/1981/81Vol4_Summary.pdf,,
1981,Vol4_Appendix,https://clerk.assembly.ca.gov/sites/clerk.assembly.ca.gov/files/archive/Statutes/1981/81Vol4_Appendix.pdf,,
1981,Vol4_Index,https://clerk.assembly.ca.gov/sites/clerk.assembly.ca.gov/files/archive/Statutes/1981/81Vol4_Index.pdf,,
1981,Vol4_StatRecord,https://clerk.assembly.ca.gov/sites/clerk.assembly.ca.gov/files/archive/Statutes/1981/81Vol4_StatRecord.pdf,,
1982,Vol1_Constitution,https://clerk.assembly.ca.gov/sites/clerk.assembly.ca.gov/files/archive/Statutes/1982/82Vol1_Constitution.pdf,,
1982,Vol1_Measures,https://clerk.assembly.ca.gov/sites/clerk.assembly.ca.gov/files/archive/Statutes/1982/82Vol1_Measures.pdf,,
1982,Vol1_Chapters,https://clerk.assembly.ca.gov/sites/clerk.assembly.ca.gov/files/archive/Statutes/1982/82Vol1_Chapters.pdf,,
1982,Vol2,https://clerk.assembly.ca.gov/sites/clerk.assembly.ca.gov/files/archive/Statutes/1982/82Vol2.PDF,,
1982,Vol3,https://clerk.assembly.ca.gov/sites/clerk.assembly.ca.gov/files/archive/Statutes/1982/82Vol3.PDF,,
1982,Vol4,https://clerk.assembly.ca.gov/sites/clerk.assembly.ca.gov/files/archive/Statutes/1982/82Vol4.PDF,,
1982,Vol5,https://clerk.assembly.ca.gov/sites/clerk.assembly.ca.gov/files/archive/Statutes/1982/82Vol5.PDF,,
1982,Vol6_Index,https://clerk.assembly.ca.gov/sites/clerk.assembly.ca.gov/files/archive/Statutes/1982/82Vol6_Index.pdf,,
1982,Vol6_Appendix,https://clerk.assembly.ca.gov/sites/clerk.assembly.ca.gov/files/archive/Statutes/1982/82Vol6_Appendix.pdf,,
1982,Vol6_StatRecords,https://clerk.assembly.ca.gov/sites/clerk.assembly.ca.gov/files/archive/Statutes/1982/82Vol6_StatRecords.pdf,,
1982,Vol6_SummaryDigest,https://clerk.assembly.ca.gov/sites/clerk.assembly.ca.gov/files/archive/Statutes/1982/82Vol6_SummaryDigest.pdf,,
1983,Vol1_Constitution,https://clerk.assembly.ca.gov/sites/clerk.assembly.ca.gov/files/archive/Statutes/1983/83Vol1_Constitution.pdf,,
1983,Vol1_Index,https://clerk.assembly.ca.gov/sites/clerk.assembly.ca.gov/files/archive/Statutes/1983/83Vol1_Index.pdf,,
1983,Vol1_Chapters,https://clerk.assembly.ca.gov/sites/clerk.assembly.ca.gov/files/archive/Statutes/1983/83Vol1_Chapters.pdf,,
1983,Vol2,https://clerk.assembly.ca.gov/sites/clerk.assembly.ca.gov/files/archive/Statutes/1983/83Vol2.pdf,,
1983,Vol3,https://clerk.assembly.ca.gov/sites/clerk.assembly.ca.gov/files/archive/Statutes/1983/83Vol3.PDF,,
1983,Vol4_Chapters,https://clerk.assembly.ca.gov/sites/clerk.assembly.ca.gov/files/archive/Statutes/1983/83Vol4_Chapters.pdf,,
1983,Vol4_Index,https://clerk.assembly.ca.gov/sites/clerk.assembly.ca.gov/files/archive/Statutes/1983/83Vol4_Index.pdf,,
1983,Vol4_StatRecords,https://clerk.assembly.ca.gov/sites/clerk.assembly.ca.gov/files/archive/Statutes/1983/83Vol4_StatRecords.pdf,,
1983,Vol4_Summary,https://clerk.assembly.ca.gov/sites/clerk.assembly.ca.gov/files/archive/Statutes/1983/83Vol4_Summary.pdf,,
1984,Vol1_Constitution,https://clerk.assembly.ca.gov/sites/clerk.assembly.ca.gov/files/archive/Statutes/1984/84Vol1_Constitution.pdf,,
1984,Vol1_Measures,https://clerk.assembly.ca.gov/sites/clerk.assembly.ca.gov/files/archive/Statutes/1984/84Vol1_Measures.pdf,,
1984,Vol1_Chapters,https://clerk.assembly.ca.gov/sites/clerk.assembly.ca.gov/files/archive/Statutes/1984/84Vol1_Chapters.pdf,,
1984,Vol2,https://clerk.assembly.ca.gov/sites/clerk.assembly.ca.gov/files/archive/Statutes/1984/84Vol2.PDF,,
1984,Vol3,https://clerk.assembly.ca.gov/sites/clerk.assembly.ca.gov/files/archive/Statutes/1984/84Vol3.PDF,,
1984,Vol4_Summary,https://clerk.assembly.ca.gov/sites/clerk.assembly.ca.gov/files/archive/Statutes/1984/84Vol4_Summary.pdf,,
1984,Vol4_Index,https://clerk.assembly.ca.gov/sites/clerk.assembly.ca.gov/files/archive/Statutes/1984/84Vol4_Index.pdf,,
1984,Vol4_StatRecord,https://clerk.assembly.ca.gov/sites/clerk.assembly.ca.gov/files/archive/Statutes/1984/84Vol4_StatRecord.pdf,,
1984,Vol4_AppendixGovPlan,https://clerk.assembly.ca.gov/sites/clerk.assembly.ca.gov/files/archive/Statutes/1984/84Vol4_AppendixGovPlan.pdf,,
1985,Vol1_Constitution,https://clerk.assembly.ca.gov/sites/clerk.assembly.ca.gov/files/archive/Statutes/1985/85Vol1_Constitution.pdf,,
1985,Vol1_Index,https://clerk.assembly.ca.gov/sites/clerk.assembly.ca.gov/files/archive/Statutes/1985/85Vol1_Index.pdf,,
1985,Vol1_Chapters,https://clerk.assembly.ca.gov/sites/clerk.assembly.ca.gov/files/archive/Statutes/1985/85Vol1_Chapters.pdf,,
1985,Vol2,https://clerk.assembly.ca.gov/sites/clerk.assembly.ca.gov/files/archive/Statutes/1985/85Vol2.PDF,,
1985,Vol3,https://clerk.assembly.ca.gov/sites/clerk.assembly.ca.gov/files/archive/Statutes/1985/85Vol3.PDF,,
1985,Vol4_Summary,https://clerk.assembly.ca.gov/sites/clerk.assembly.ca.gov/files/archive/Statutes/1985/85vol4Sum.pdf,,
1985,Vol4_StatRecord,https://clerk.assembly.ca.gov/sites/clerk.assembly.ca.gov/files/archive/Statutes/1985/85Vol4_StatRecord.pdf,,
1985,Vol4_Index,https://clerk.assembly.ca.gov/sites/clerk.assembly.ca.gov/files/archive/Statutes/1985/85Vol4_Index.pdf,,
1986,Vol1_Constitution,https://clerk.assembly.ca.gov/sites/clerk.assembly.ca.gov/files/archive/Statutes/1986/86Vol1_Constitution.pdf,,
1986,Vol1_Index,https://clerk.assembly.ca.gov/sites/clerk.assembly.ca.gov/files/archive/Statutes/1986/86Vol1_Index.PDF,,
1986,Vol1_Measures,https://clerk.assembly.ca.gov/sites/clerk.assembly.ca.gov/files/archive/Statutes/1986/86Vol1_Measures.pdf,,
1986,Vol1_Chapters,https://clerk.assembly.ca.gov/sites/clerk.assembly.ca.gov/files/archive/Statutes/1986/86Vol1_Chapters.pdf,,
1986,Vol2,https://clerk.assembly.ca.gov/sites/clerk.assembly.ca.gov/files/archive/Statutes/1986/86Vol2.PDF,,
1986,Vol3,https://clerk.assembly.ca.gov/sites/clerk.assembly.ca.gov/files/archive/Statutes/1986/86Vol3.PDF,,
1986,Vol4_SummaryDigest,https://clerk.assembly.ca.gov/sites/clerk.assembly.ca.gov/files/archive/Statutes/1986/86Vol4_SummaryDigest.pdf,,
1986,Vol4_Appendix,https://clerk.assembly.ca.gov/sites/clerk.assembly.ca.gov/files/archive/Statutes/1986/86Vol4_Appendix.pdf,,
1986,Vol4_Index,https://clerk.assembly.ca.gov/sites/clerk.assembly.ca.gov/files/archive/Statutes/1986/86Vol4_Index.PDF,,
1986,Vol4_StatutoryRecords,https://clerk.assembly.ca.gov/sites/clerk.assembly.ca.gov/files/archive/Statutes/1986/86Vol4_StatutoryRecords.pdf,,
1987,Vol1_Constitution,https://clerk.assembly.ca.gov/sites/clerk.assembly.ca.gov/files/archive/Statutes/1987/87Vol1_Constitution.pdf,,
1987,Vol1_Index,https://clerk.assembly.ca.gov/sites/clerk.assembly.ca.gov/files/archive/Statutes/1987/87Vol1_Index.pdf,,
1987,Vol1_Chapters,https://clerk.assembly.ca.gov/sites/clerk.assembly.ca.gov/files/archive/Statutes/1987/87Vol1_Chapters.pdf,,
1987,Vol2,https://clerk.assembly.ca.gov/sites/clerk.assembly.ca.gov/files/archive/Statutes/1987/87Vol2.PDF,,
1987,Vol3,https://clerk.assembly.ca.gov/sites/clerk.assembly.ca.gov/files/archive/Statutes/1987/87Vol3.PDF,,
1987,Vol4_Chapters,https://clerk.assembly.ca.gov/sites/clerk.assembly.ca.gov/files/archive/Statutes/1987/87Vol4_Chapters.pdf,,
1987,Vol4_Index,https://clerk.assembly.ca.gov/sites/clerk.assembly.ca.gov/files/archive/Statutes/1987/87Vol4_Index.pdf,,
1987,Vol4_StatRecords,https://clerk.assembly.ca.gov/sites/clerk.assembly.ca.gov/files/archive/Statutes/1987/87Vol4_StatRecords.pdf,,
1988,Vol1_Constitution,https://clerk.assembly.ca.gov/sites/clerk.assembly.ca.gov/files/archive/Statutes/1988/88Vol1_Constitution.pdf,,
1988,Vol1_Index,https://clerk.assembly.ca.gov/sites/clerk.assembly.ca.gov/files/archive/Statutes/1988/88Vol1_Index.pdf,,
1988,Vol1_Measures,https://clerk.assembly.ca.gov/sites/clerk.assembly.ca.gov/files/archive/Statutes/1988/88Vol1_Measures.pdf,,
1988,Vol1_Chapters,https://clerk.assembly.ca.gov/sites/clerk.assembly.ca.gov/files/archive/Statutes/1988/88Vol1_Chapters.pdf,,
1988,Vol2,https://clerk.assembly.ca.gov/sites/clerk.assembly.ca.gov/files/archive/Statutes/1988/88Vol2.PDF,,
1988,Vol3,https://clerk.assembly.ca.gov/sites/clerk.assembly.ca.gov/files/archive/Statutes/1988/88Vol3.PDF,,
1988,Vol4_Chapters,https://clerk.assembly.ca.gov/sites/clerk.assembly.ca.gov/files/archive/Statutes/1988/88Vol4_Chapters.pdf,,
1988,Vol4_StatRecord,https://clerk.assembly.ca.gov/sites/clerk.assembly.ca.gov/files/archive/Statutes/1988/88Vol4_StatRecord.pdf,,
1988,Vol4_Index,https://clerk.assembly.ca.gov/sites/clerk.assembly.ca.gov/files/archive/Statutes/1988/88Vol4_Index.pdf,,
1989,Vol1_Constitution,https://clerk.assembly.ca.gov/sites/clerk.assembly.ca.gov/files/archive/Statutes/1989/89Vol1_Constitution.pdf,,
1989,Vol1_Index,https://clerk.assembly.ca.gov/sites/clerk.assembly.ca.gov/files/archive/Statutes/1989/89Vol1_Index.pdf,,
1989,Vol1_Chapters,https://clerk.assembly.ca.gov/sites/clerk.assembly.ca.gov/files/archive/Statutes/1989/89Vol1_Chapters.pdf,,
1989,Vol2,https://clerk.assembly.ca.gov/sites/clerk.assembly.ca.gov/files/archive/Statutes/1989/89Vol2.PDF,,
1989,Vol3,https://clerk.assembly.ca.gov/sites/clerk.assembly.ca.gov/files/archive/Statutes/1989/89Vol3.PDF,,
1989,Vol4_DigestChapters,https://clerk.assembly.ca.gov/sites/clerk.assembly.ca.gov/files/archive/Statutes/1989/89Vol4_DigestChapters.pdf,,
1989,Vol4_SummaryChapters,https://clerk.assembly.ca.gov/sites/clerk.assembly.ca.gov/files/archive/Statutes/1989/89Vol4_SummaryChapters.pdf,,
1989,Vol4_Index,https://clerk.assembly.ca.gov/sites/clerk.assembly.ca.gov/files/archive/Statutes/1989/89Vol4_Index.pdf,,
1989,Vol4_StatRecord,https://clerk.assembly.ca.gov/sites/clerk.assembly.ca.gov/files/archive/Statutes/1989/89Vol4_StatRecord.pdf,,
1990,Vol1_Index,https://clerk.assembly.ca.gov/sites/clerk.assembly.ca.gov/files/archive/Statutes/1990/90Vol1_Index.pdf,,
1990,Vol1_Measures,https://clerk.assembly.ca.gov/sites/clerk.assembly.ca.gov/files/archive/Statutes/1990/90Vol1_Measures.pdf,,
1990,Vol1_Chapters,https://clerk.assembly.ca.gov/sites/clerk.assembly.ca.gov/files/archive/Statutes/1990/90Vol1_Chapters.pdf,,
1990,Vol2,https://clerk.assembly.ca.gov/sites/clerk.assembly.ca.gov/files/archive/Statutes/1990/90Vol2.PDF,,
1990,Vol3,https://clerk.assembly.ca.gov/sites/clerk.assembly.ca.gov/files/archive/Statutes/1990/90Vol3.PDF,,
1990,Vol4,https://clerk.assembly.ca.gov/sites/clerk.assembly.ca.gov/files/archive/Statutes/1990/90Vol4.PDF,,
1990,Vol5_Reg_Session,https://clerk.assembly.ca.gov/sites/clerk.assembly.ca.gov/files/archive/Statutes/1990/90Vol5_Reg_Session.pdf,,
1990,Vol5_SumDigest,https://clerk.assembly.ca.gov/sites/clerk.assembly.ca.gov/files/archive/Statutes/1990/90Vol5_SumDigest.pdf,,
1990,Vol5_FirstExtra,https://clerk.assembly.ca.gov/sites/clerk.assembly.ca.gov/files/archive/Statutes/1990/90Vol5_FirstExtra.pdf,,
1990,Vol5_Index,https://clerk.assembly.ca.gov/sites/clerk.assembly.ca.gov/files/archive/Statutes/1990/90Vol5_Index.pdf,,
1990,Vol5_StatRcrds,https://clerk.assembly.ca.gov/sites/clerk.assembly.ca.gov/files/archive/Statutes/1990/90Vol5_StatRcrds.pdf,,
1991,Vol1_Constitution,https://clerk.assembly.ca.gov/sites/clerk.assembly.ca.gov/files/archive/Statutes/1991/91Vol1_Constitution.PDF,,
1991,Vol1,https://clerk.assembly.ca.gov/sites/clerk.assembly.ca.gov/files/archive/Statutes/1991/91Vol1.PDF,,
1991,Vol2,https://clerk.assembly.ca.gov/sites/clerk.assembly.ca.gov/files/archive/Statutes/1991/91Vol2.PDF,,
1991,Vol3,https://clerk.assembly.ca.gov/sites/clerk.assembly.ca.gov/files/archive/Statutes/1991/91Vol3.PDF,,
1991,Vol4_Digest,https://clerk.assembly.ca.gov/sites/clerk.assembly.ca.gov/files/archive/Statutes/1991/91Vol4_Digest.pdf,,
1991,Vol4_Index,https://clerk.assembly.ca.gov/sites/clerk.assembly.ca.gov/files/archive/Statutes/1991/91Vol4_Index.pdf,,
1991,Vol4_89_91Statutory,https://clerk.assembly.ca.gov/sites/clerk.assembly.ca.gov/files/archive/Statutes/1991/91Vol4_89_91Statutory.pdf,,
1991,Vol4_Gov_Reorgplan1,https://clerk.assembly.ca.gov/sites/clerk.assembly.ca.gov/files/archive/Statutes/1991/91Vol4_Gov_Reorgplan1.pdf,,
1991,Vol4_Appendix,https://clerk.assembly.ca.gov/sites/clerk.assembly.ca.gov/files/archive/Statutes/1991/91Vol4_Appendix.pdf,,
1992,Vol1_Constitution,https://clerk.assembly.ca.gov/sites/clerk.assembly.ca.gov/files/archive/Statutes/1992/92Vol1_Constitution.PDF,,
1992,Vol1_IndextoConstitution,https://clerk.assembly.ca.gov/sites/clerk.assembly.ca.gov/files/archive/Statutes/1992/92Vol1_Indexto%20Constitution.PDF,,
1992,Vol1_Measures,https://clerk.assembly.ca.gov/sites/clerk.assembly.ca.gov/files/archive/Statutes/1992/92Vol1_Measures.PDF,,
1992,Vol1_Statutes,https://clerk.assembly.ca.gov/sites/clerk.assembly.ca.gov/files/archive/Statutes/1992/92Vol1_Statutes.PDF,,
1992,Vol2,https://clerk.assembly.ca.gov/sites/clerk.assembly.ca.gov/files/archive/Statutes/1992/92Vol2.PDF,,
1992,Vol3,https://clerk.assembly.ca.gov/sites/clerk.assembly.ca.gov/files/archive/Statutes/1992/92Vol3.PDF,,
1992,Vol4,https://clerk.assembly.ca.gov/sites/clerk.assembly.ca.gov/files/archive/Statutes/1992/92Vol4.PDF,,
1993,Vol1,https://clerk.assembly.ca.gov/sites/clerk.assembly.ca.gov/files/archive/Statutes/1993/1993_Stats_vol1.pdf,yes,121977897
1993,Vol1_Constitution,https://clerk.assembly.ca.gov/sites/clerk.assembly.ca.gov/files/archive/Statutes/1993/Vol1_Constitution.pdf,,
1993,Vol2,https://clerk.assembly.ca.gov/sites/clerk.assembly.ca.gov/files/archive/Statutes/1993/1993_Stats_vol2.pdf,,
1993,Vol3,https://clerk.assembly.ca.gov/sites/clerk.assembly.ca.gov/files/archive/Statutes/1993/1993_Stats_vol3.pdf,,
1993,Vol4,https://clerk.assembly.ca.gov/sites/clerk.assembly.ca.gov/files/archive/Statutes/1993/1993_Stats_vol4.pdf,,
1993,Vol5,https://clerk.assembly.ca.gov/sites/clerk.assembly.ca.gov/files/archive/Statutes/1993/1993_Stats_vol5.pdf,,
1994,TOC,https://clerk.assembly.ca.gov/sites/clerk.assembly.ca.gov/files/archive/Statutes/1994/1994toc.pdf,,
1994,Vol1,https://clerk.assembly.ca.gov/sites/clerk.assembly.ca.gov/files/archive/Statutes/1994/1994_Vol_1.pdf,,
1994,Vol2,https://clerk.assembly.ca.gov/sites/clerk.assembly.ca.gov/files/archive/Statutes/1994/1994_Vol_2.pdf,,
1994,Vol3,https://clerk.assembly.ca.gov/sites/clerk.assembly.ca.gov/files/archive/Statutes/1994/1994_Vol_3.pdf,,
1994,Vol4,https://clerk.assembly.ca.gov/sites/clerk.assembly.ca.gov/files/archive/Statutes/1994/1994_Vol_4.pdf,,
1994,Vol5,https://clerk.assembly.ca.gov/sites/clerk.assembly.ca.gov/files/archive/Statutes/1994/1994_Vol_5.pdf,,
1995,TOC,https://clerk.assembly.ca.gov/sites/clerk.assembly.ca.gov/files/archive/Statutes/1995/1995toc.pdf,,
1995,Vol1,https://clerk.assembly.ca.gov/sites/clerk.assembly.ca.gov/files/archive/Statutes/1995/vol_1.pdf,,
1995,Vol2,https://clerk.assembly.ca.gov/sites/clerk.assembly.ca.gov/files/archive/Statutes/1995/vol_2.pdf,,
1995,Vol3,https://clerk.assembly.ca.gov/sites/clerk.assembly.ca.gov/files/archive/Statutes/1995/vol_3.pdf,,
1995,Vol4,https://clerk.assembly.ca.gov/sites/clerk.assembly.ca.gov/files/archive/Statutes/1995/vol_4.pdf,,
1995,Vol5,https://clerk.assembly.ca.gov/sites/clerk.assembly.ca.gov/files/archive/Statutes/1995/vol_5.pdf,,
1996,Vol1,https://clerk.assembly.ca.gov/sites/clerk.assembly.ca.gov/files/archive/Statutes/1996/vol%201.pdf,,
1996,Vol2,https://clerk.assembly.ca.gov/sites/clerk.assembly.ca.gov/files/archive/Statutes/1996/vol%202.pdf,,
1996,Vol3,https://clerk.assembly.ca.gov/sites/clerk.assembly.ca.gov/files/archive/Statutes/1996/vol%203.pdf,,
1996,Vol4,https://clerk.assembly.ca.gov/sites/clerk.assembly.ca.gov/files/archive/Statutes/1996/vol%204.pdf,,
1996,Vol5,https://clerk.assembly.ca.gov/sites/clerk.assembly.ca.gov/files/archive/Statutes/1996/vol%205.pdf,,
1996,Vol6,https://clerk.assembly.ca.gov/sites/clerk.assembly.ca.gov/files/archive/Statutes/1996/vol%206.pdf,,
1997,Vol1,https://clerk.assembly.ca.gov/sites/clerk.assembly.ca.gov/files/archive/Statutes/1997/Vol_1.pdf,,
1997,Vol2,https://clerk.assembly.ca.gov/sites/clerk.assembly.ca.gov/files/archive/Statutes/1997/Vol_2.pdf,,
1997,Vol3,https://clerk.assembly.ca.gov/sites/clerk.assembly.ca.gov/files/archive/Statutes/1997/Vol_3.pdf,,
1997,Vol4,https://clerk.assembly.ca.gov/sites/clerk.assembly.ca.gov/files/archive/Statutes/1997/Vol_4.pdf,,
1997,Vol5,https://clerk.assembly.ca.gov/sites/clerk.assembly.ca.gov/files/archive/Statutes/1997/Vol_5.pdf,,
1997,Vol6,https://clerk.assembly.ca.gov/sites/clerk.assembly.ca.gov/files/archive/Statutes/1997/Vol_6.pdf,,
1998,Vol1,https://clerk.assembly.ca.gov/sites/clerk.assembly.ca.gov/files/archive/Statutes/1998/Vol_1.pdf,,
1998,Vol2,https://clerk.assembly.ca.gov/sites/clerk.assembly.ca.gov/files/archive/Statutes/1998/Vol_2.pdf,,
1998,Vol3,https://clerk.assembly.ca.gov/sites/clerk.assembly.ca.gov/files/archive/Statutes/1998/Vol_3.pdf,,
1998,Vol4,https://clerk.assembly.ca.gov/sites/clerk.assembly.ca.gov/files/archive/Statutes/1998/Vol_4.pdf,,
1998,Vol5,https://clerk.assembly.ca.gov/sites/clerk.assembly.ca.gov/files/archive/Statutes/1998/Vol_5.pdf,,
1998,Vol6,https://clerk.assembly.ca.gov/sites/clerk.assembly.ca.gov/files/archive/Statutes/1998/Vol_6.pdf,,
1999,Vol1,https://clerk.assembly.ca.gov/sites/clerk.assembly.ca.gov/files/archive/Statutes/1999/Vol_1.pdf,,
1999,Vol2,https://clerk.assembly.ca.gov/sites/clerk.assembly.ca.gov/files/archive/Statutes/1999/Vol_2.pdf,,
1999,Vol3,https://clerk.assembly.ca.gov/sites/clerk.assembly.ca.gov/files/archive/Statutes/1999/Vol_3.pdf,,
1999,Vol4,https://clerk.assembly.ca.gov/sites/clerk.assembly.ca.gov/files/archive/Statutes/1999/Vol_4.pdf,,
1999,Vol5,https://clerk.assembly.ca.gov/sites/clerk.assembly.ca.gov/files/archive/Statutes/1999/Vol_5.pdf,,
2000,Vol1,https://clerk.assembly.ca.gov/sites/clerk.assembly.ca.gov/files/archive/Statutes/2000/Vol_1.pdf,,
2000,Vol2,https://clerk.assembly.ca.gov/sites/clerk.assembly.ca.gov/files/archive/Statutes/2000/Vol_2.pdf,,
2000,Vol3,https://clerk.assembly.ca.gov/sites/clerk.assembly.ca.gov/files/archive/Statutes/2000/Vol_3.pdf,,
2000,Vol4,https://clerk.assembly.ca.gov/sites/clerk.assembly.ca.gov/files/archive/Statutes/2000/Vol_4.pdf,,
2000,Vol5,https://clerk.assembly.ca.gov/sites/clerk.assembly.ca.gov/files/archive/Statutes/2000/Vol_5.pdf,,
2000,Vol6,https://clerk.assembly.ca.gov/sites/clerk.assembly.ca.gov/files/archive/Statutes/2000/Vol_6.pdf,,
2001,Vol1,https://clerk.assembly.ca.gov/sites/clerk.assembly.ca.gov/files/archive/Statutes/2001/2001_Statutes_1666_Vol_1.pdf,,
2001,Vol2,https://clerk.assembly.ca.gov/sites/clerk.assembly.ca.gov/files/archive/Statutes/2001/2001_Statutes_1666_Vol_2.pdf,,
2001,Vol3,https://clerk.assembly.ca.gov/sites/clerk.assembly.ca.gov/files/archive/Statutes/2001/2001_Statutes_1666_Vol_3.pdf,,
2001,Vol4,https://clerk.assembly.ca.gov/sites/clerk.assembly.ca.gov/files/archive/Statutes/2001/2001_Statutes_1666_Vol_4.pdf,,
2001,Vol5,https://clerk.assembly.ca.gov/sites/clerk.assembly.ca.gov/files/archive/Statutes/2001/2001_Statutes_1666_Vol_5.pdf,,
2002,Vol1,https://clerk.assembly.ca.gov/sites/clerk.assembly.ca.gov/files/archive/Statutes/2002/2002_Statutes_1667_Vol_1.pdf,,
2002,Vol2,https://clerk.assembly.ca.gov/sites/clerk.assembly.ca.gov/files/archive/Statutes/2002/2002_Statutes_1667_Vol_2.pdf,,
2002,Vol3,https://clerk.assembly.ca.gov/sites/clerk.assembly.ca.gov/files/archive/Statutes/2002/2002_Statutes_1667_Vol_3.pdf,,
2002,Vol4,https://clerk.assembly.ca.gov/sites/clerk.assembly.ca.gov/files/archive/Statutes/2002/2002_Statutes_1667_Vol_4.pdf,,
2002,Vol5,https://clerk.assembly.ca.gov/sites/clerk.assembly.ca.gov/files/archive/Statutes/2002/2002_Statutes_1667_Vol_5.pdf,,
2002,Vol6,https://clerk.assembly.ca.gov/sites/clerk.assembly.ca.gov/files/archive/Statutes/2002/2002_Statutes_1667_Vol_6.pdf,,
2003,Vol1,https://clerk.assembly.ca.gov/sites/clerk.assembly.ca.gov/files/archive/Statutes/2003/2003_Statutes_1668_Vol_1.pdf,,
2003,Vol2,https://clerk.assembly.ca.gov/sites/clerk.assembly.ca.gov/files/archive/Statutes/2003/2003_Statutes_1668_Vol_2.pdf,,
2003,Vol3,https://clerk.assembly.ca.gov/sites/clerk.assembly.ca.gov/files/archive/Statutes/2003/2003_Statutes_1668_Vol_3.pdf,,
2003,Vol4,https://clerk.assembly.ca.gov/sites/clerk.assembly.ca.gov/files/archive/Statutes/2003/2003_Statutes_1668_Vol_4.pdf,,
2003,Vol5,https://clerk.assembly.ca.gov/sites/clerk.assembly.ca.gov/files/archive/Statutes/2003/2003_Statutes_1668_Vol_5_r1.pdf,,
2004,Vol1,https://clerk.assembly.ca.gov/sites/clerk.assembly.ca.gov/files/archive/Statutes/2004/2004_Statutes_1669_Vol_1_R2.pdf,,
2004,Vol2,https://clerk.assembly.ca.gov/sites/clerk.assembly.ca.gov/files/archive/Statutes/2004/2004_Statutes_1669_Vol_2_R1.pdf,,
2004,Vol3,https://clerk.assembly.ca.gov/sites/clerk.assembly.ca.gov/files/archive/Statutes/2004/2004_Statutes_1669_Vol_3_R1.pdf,,
2004,Vol4,https://clerk.assembly.ca.gov/sites/clerk.assembly.ca.gov/files/archive/Statutes/2004/2004_Statutes_1669_Vol_4.pdf,,
2004,Vol5,https://clerk.assembly.ca.gov/sites/clerk.assembly.ca.gov/files/archive/Statutes/2004/2004_Statutes_1669_Vol_5.pdf,,
2004,Vol6,https://clerk.assembly.ca.gov/sites/clerk.assembly.ca.gov/files/archive/Statutes/2004/2004_Statutes_1669_Vol_6.pdf,,
2005,Vol1,https://clerk.assembly.ca.gov/sites/clerk.assembly.ca.gov/files/archive/Statutes/2005/1752_2005_Statutes_Vol1.pdf,,
2005,Vol2,https://clerk.assembly.ca.gov/sites/clerk.assembly.ca.gov/files/archive/Statutes/2005/1752_2005_Statutes_Vol2.pdf,,
2005,Vol3,https://clerk.assembly.ca.gov/sites/clerk.assembly.ca.gov/files/archive/Statutes/2005/1752_2005_Statutes_Vol3.pdf,,
2005,Vol4,https://clerk.assembly.ca.gov/sites/clerk.assembly.ca.gov/files/archive/Statutes/2005/1752_2005_Statutes_Vol4.pdf,,
2006,Vol1,https://clerk.assembly.ca.gov/sites/clerk.assembly.ca.gov/files/archive/Statutes/2006/1755_2006_Volume1.pdf,,
2006,Vol2,https://clerk.assembly.ca.gov/sites/clerk.assembly.ca.gov/files/archive/Statutes/2006/1755_2006_Volume2.pdf,,
2006,Vol3,https://clerk.assembly.ca.gov/sites/clerk.assembly.ca.gov/files/archive/Statutes/2006/1755_2006_Volume3.pdf,,
2006,Vol4,https://clerk.assembly.ca.gov/sites/clerk.assembly.ca.gov/files/archive/Statutes/2006/1755_2006_Volume4.pdf,,
2006,Vol5,https://clerk.assembly.ca.gov/sites/clerk.assembly.ca.gov/files/archive/Statutes/2006/1755_2006_Volume5.pdf,,
2006,Vol6,https://clerk.assembly.ca.gov/sites/clerk.assembly.ca.gov/files/archive/Statutes/2006/1755_2006_Volume6.pdf,,
2007,Vol1,https://clerk.assembly.ca.gov/sites/clerk.assembly.ca.gov/files/archive/Statutes/2007/1875_2007_Volume1.pdf,,
2007,Vol2,https://clerk.assembly.ca.gov/sites/clerk.assembly.ca.gov/files/archive/Statutes/2007/1875_2007_Volume2.pdf,,
2007,Vol3,https://clerk.assembly.ca.gov/sites/clerk.assembly.ca.gov/files/archive/Statutes/2007/1875_2007_Volume3.pdf,,
2007,Vol4,https://clerk.assembly.ca.gov/sites/clerk.assembly.ca.gov/files/archive/Statutes/2007/1875_2007_Volume4.pdf,,
2007,Vol5,https://clerk.assembly.ca.gov/sites/clerk.assembly.ca.gov/files/archive/Statutes/2007/1875_2007_Volume5.pdf,,
2008,Vol1,https://clerk.assembly.ca.gov/sites/clerk.assembly.ca.gov/files/archive/Statutes/2008/1876_2008_Volume1.pdf,,
2008,Vol2,https://clerk.assembly.ca.gov/sites/clerk.assembly.ca.gov/files/archive/Statutes/2008/1876_2008_Volume2.pdf,,
2008,Vol3,https://clerk.assembly.ca.gov/sites/clerk.assembly.ca.gov/files/archive/Statutes/2008/1876_2008_Volume3.pdf,,
2008,Vol4,https://clerk.assembly.ca.gov/sites/clerk.assembly.ca.gov/files/archive/Statutes/2008/1876_2008_Volume4.pdf,,
2008,Vol5,https://clerk.assembly.ca.gov/sites/clerk.assembly.ca.gov/files/archive/Statutes/2008/1876_2008_Volume5.pdf,,
