production-1905	335	23.0	gompensa	<<gompensa>> compensation of assessors the compensation of	compense
production-1905	337	34.0	mintia	<<mintia>> militia for active duty the commander in	cintia|mantia|minia|minta|minutia|mitia
production-1905	338	16.7	orgeniza	organization of reserve militia when ordered out <<orgeniza>>	organiza|organize
production-1905	338	30.9	ontnay	where troops are called into active service <<ontnay>>	outlay
production-1905	339	37.0	ofwhom	<<ofwhom>> unlawful or riotous assembly or arresting the	whom
production-1905	340	26.10	tiot	subordinate only to the governor in matters <<tiot>>	biot|diot|fiot|iiot|iot|miot
production-1905	340	33.0	mspector	<<mspector>> general and paymaster general all duties of	spector
production-1905	343	45.0	watersof	<<watersof>> ne or entrance from the pacific ocean	waters|waterson
production-1905	344	5.11	spplica	in the city of san diego aforesaid <<spplica>>	applica
production-1905	344	11.11	pplica	appear and be heard the board may <<pplica>>	applica|plica
production-1905	346	5.9	tovtate	upon the publication of such report forward <<tovtate>>	tomtate
production-1905	346	12.3	certam	approved march and <<certam>> acts amendatory	ceram|certa|certai
production-1905	348	9.12	iisposie	county treasury of such county to satisfy <<iisposie>>	dispose
production-1905	348	17.12	umform	act entitled an act to establish a <<umform>>	unform
production-1905	351	1.0	peput	<<peput>> provided that in counties of this class	peut
production-1905	351	18.0	guperin	<<guperin>> the superintendent of schools two thousand dollars	guerin
production-1905	352	47.9	poputa	of the several townships shall be deter <<poputa>>	popula|popular
production-1905	353	41.0	tture	<<tture>> therefor providing for the maintenance of the	ature|sture|taure|thure|toure|ture
production-1905	354	11.8	seerctary	the bank commissioners shall have the power <<seerctary>>	secretary
production-1905	354	12.10	itiaae	secretary at a salary of three hundred <<itiaae>>	vitiate
production-1905	356	17.9	pashon	cash shall include specie national bank notes <<pashon>>	dashon|lashon|pasion|pason|passon|paston
production-1905	359	25.0	thelass	<<thelass>> of them by law or by virtue	thelast
production-1905	359	27.0	gpunty	<<gpunty>> the county clerk three thousand dollars per	gaunty|grunty|gunty|punty
production-1905	360	40.10	bycin	allowed each justice of the peace may <<bycin>> ivi	bynin|mycin
production-1905	360	44.9	ciassifica	purpose of regulating the salaries of constables <<ciassifica>>	classifica
production-1905	362	32.4	thelass	lowing salaries to wit <<thelass>>	thelast
production-1905	363	41.0	tendentol	<<tendentol>> ner annum and actual traveling expenses when	tendent
production-1905	365	24.1	srby	ine <<srby>> themselves or their agents or employs shall	arby|erby|irby|orby|rby|saby
production-1905	366	3.12	dutyot	duty of the state dairy bureau now <<dutyot>>	duty
production-1905	366	4.11	turoau	of this state to enforce the provi <<turoau>>	bureau
production-1905	366	23.1	ccciti	chapter <<ccciti>>	cacti
production-1905	366	29.11	atibn	having the care custody or con seve <<atibn>>	action|aibn|atiba|atin|ation
production-1905	369	36.0	tassen	<<tassen>> officers shal receive as compensation for the	assen|bassen|cassen|gassen|hassen|jassen
production-1905	370	33.10	upervis	dollars per day when the board is <<upervis>>	pervis|supervise
production-1905	371	21.0	transferof	<<transferof>> firm or person their agents or employs	transferor
production-1905	372	29.9	moteys	not immediately required to meet current expenditures <<moteys>>	mateys|moneys|moreys|moseys|motels|motes
production-1905	373	49.0	emnity	<<emnity>> sec the treasurer with the approval of	enmity
production-1905	374	24.11	vitvate	properly indorsed by the treasurer the po <<vitvate>>	vitiate|vittate
production-1905	376	28.8	pubtica	damages costs and expenses thereof such resolution <<pubtica>>	public|publica
production-1905	377	46.0	demnland	<<demnland>> dikes levees and other improvements for the	demand|demonland
production-1905	380	5.3	cohected	county auditor and <<cohected>> at the same time and in the	conected
production-1905	380	13.9	pisposi	moneys collected from such district for such <<pisposi>>	dispose
production-1905	380	48.11	peciie	or repair of dikes levees or other <<peciie>>	pecite
production-1905	381	8.0	claimsap	<<claimsap>> certificate being first filed in the office	claims
production-1905	381	9.0	proveds	<<proveds>> board of supervisors signed by said engineer	proved|provers|proves
production-1905	381	17.0	fendent	<<fendent>> point a superintendent for said district whenever	pendent|tendent
production-1905	381	26.0	hneer	<<hneer>> ana t employ a competent engineer and	heer|neer|sneer
production-1905	383	16.0	buperin	<<buperin>> the superintendent of schools fifteen hundred dollars	buterin
production-1905	383	17.0	tendentof	<<tendentof>> yer annum and actual traveling expenses when	tendent
production-1905	385	26.0	tendentol	<<tendentol>> yer annum and actual traveling expenses while	tendent
production-1905	387	15.7	mnety	april first one thousand eight hundred and <<mnety>> seven	mnet
production-1905	387	30.0	mecscd	<<mecscd>> county officers shall receive as compensation for	mecca
production-1905	390	38.10	tket	such property at the rates hereinafter pre <<tket>>	eket|ket|oket|sket|teet|tet
production-1905	391	49.1	vemience	hovey <<vemience>> termed the primary rates when the market	eminence
production-1905	393	23.0	cxeoutors	<<cxeoutors>> property to them in lieu of commissions	executors
production-1905	394	5.10	ynin	any legacy or property for distribution sub <<ynin>>	anin|bynin|enin|hnin|inin|knin
production-1905	394	30.11	poduty	paid into his hands for any tax <<poduty>>	pouty
production-1905	394	49.9	petuna	any debts shall be proven against the <<petuna>>	petula|petune|petunia
production-1905	403	22.0	tendentof	<<tendentof>> ber annum and actual traveling expenses when	tendent
production-1905	406	17.8	guperin	the superintendent of schools ten hundred dollars <<guperin>>	guerin
production-1905	406	19.9	guryeyor	ten dollars per day when engaged im <<guryeyor>>	surveyor
production-1905	406	34.8	tiissioner	a horticultural commissioner who shall have expert <<tiissioner>>	missioner
production-1905	410	18.12	rypdass	virtue of their offices the following sal <<rypdass>>	bypass
production-1905	410	47.7	publicad	the public administrator four hundred dollars per <<publicad>>	publica|publicado|publicae|publican
production-1905	411	53.0	omcial	<<omcial>> in counties of this class the official	ocial|social
production-1905	416	12.10	eetor	commissions now or hereafter allowed by law <<eetor>>	betor|detor|ector|etor|fetor
production-1905	416	30.11	tendente	he shall also be allowed his actual <<tendente>>	pendente|tendence|tendent|tenente|teniente
production-1905	418	43.10	ichahes	acres of land at present constituting the <<ichahes>>	chases
production-1905	419	27.0	boverne	<<boverne>> taken within six months from and after	boerne
production-1905	419	30.12	wriform	act entitled an act to establish a <<wriform>>	oriform|triform
production-1905	425	5.0	meneed	<<meneed>> be commenced in the superior court of	mended|meneer
production-1905	426	23.11	pdeputics	deputies at a salary of five dollars <<pdeputics>>	deputies
production-1905	426	36.7	guperin	the superintendent of schools fifteen hundred dollars <<guperin>>	guerin
production-1905	426	37.8	tendento	annum and actual traveling expenses when visit <<tendento>>	tendent
production-1905	427	25.0	feesin	<<feesin>> retain for their own use the fees	feedin|feelin|fees
production-1905	428	38.11	ompanie	of any person engaged in the business <<ompanie>>	companie|companies
production-1905	429	50.0	ingomance	<<ingomance>> experience in the united states under all	ignorance
production-1905	431	41.0	creditedto	<<creditedto>> hospital asylum prison school or harbor supported	credited
production-1905	433	30.0	toespe	<<toespe>> hereafter allowed by law	these
production-1905	434	30.10	gupervis	dollars per day while in the service <<gupervis>>	supervise
production-1905	437	8.0	aitie	<<aitie>> o section whenever it shall appear by	ailie|aimie|aite|amitie|antie|artie
production-1905	437	15.0	tostate	<<tostate>> shall thereupon become the duty of the	costate|testate|tomtate
production-1905	438	4.12	daiken	child is not able to attend gian <<daiken>>	aiken|baiken|daiker|daikin|daikon|daimen
production-1905	438	8.11	pyyate	capable of teaching in such branches as <<pyyate>>	plate
production-1905	438	22.12	sompited	board of education or board of trustees <<sompited>>	computed
production-1905	438	25.9	cusea	attendance at school during the continuance of <<cusea>> fron	casea|csea|cusa|cuse|cusec|custa
production-1905	439	17.0	oaon	<<oaon>> ap thirty sixth session of the legislature	aon|faon|gaon|kaon|laon|maon
production-1905	441	37.0	andcon	<<andcon>> monthly in the same manner as salaries	ancon|andon|andron
production-1905	442	22.9	gupervis	of the board of supervisors shall receive <<gupervis>>	supervise
production-1905	445	0.0	vjdd	<<vjdd>> statutes of california	jdd|vdd
production-1905	445	17.0	jointor	<<jointor>> tute joint or several actions against any	jointer
production-1905	445	33.0	holack	<<holack>> persons as appear by the books of	hoback|holck|holick|hosack|polack
production-1905	446	28.8	marrica	of stock in corporations standing on the <<marrica>>	marica|marrick
production-1905	447	0.0	btateboard	<<btateboard>> the state board of health shall consist	skateboard
production-1905	447	3.0	mentand	<<mentand>> appointed by the governor for the term	menand|mental|montand
production-1905	447	44.0	lymphs	<<lymphs>>	lymph|lymphy|nymphs
production-1905	448	33.10	datice	performance of his duties he shall enforce <<datice>>	danice|darice|dative|hatice|matice
production-1905	454	6.12	foranton	another may be formed at any time <<foranton>>	forenoon
production-1905	454	20.9	coneur	all the provisions relative to the formation <<coneur>>	coeur|coleur|concur|coner|conour
production-1905	455	34.0	ormade	<<ormade>> officer now existing or any hereafter created	made
production-1905	456	39.12	pupbe	notice the court shall set the same <<pupbe>>	pube|pupae|pupe|puppe
production-1905	457	26.0	vorpora	<<vorpora>> vide for the organization incorporation and government	corpora|porpora
production-1905	457	35.0	hoathe	<<hoathe>> ote prescribed and required by the provisions	heathe|loathe
production-1905	458	22.7	liapitities	the person company or corporation whose fran <<liapitities>>	liabilities
production-1905	461	29.0	toactas	<<toactas>> body shall constitute said board of trustees	tracts
production-1905	462	16.9	retirea	any person while serving as a fireman <<retirea>>	retire|retired|retiree|retirer|retires
production-1905	462	44.11	ofips	county city or town shall lose his <<ofips>> lie	fips|ofis|ofits
production-1905	463	0.0	ehila	<<ehila>> or children until they shall be sixteen	chila|eila|hila|khila|phila|shila
production-1905	463	6.0	wigew	<<wigew>> years of service die from natural causes	wieew
production-1905	464	27.8	superyis	the board of supervisors or other governing <<superyis>>	supervise
production-1905	464	31.12	inib	made into said fund of the following <<inib>> tuna	bnib|cnib|iib|iiib|inb|incb
production-1905	465	1.0	titledto	<<titledto>> any relief from such fund provided that	titled
production-1905	465	18.0	ferredto	<<ferredto>> ing the average amount per year paid	ferretto
production-1905	465	37.0	pairsof	<<pairsof>> materials and specifications and estimates as are	pairs
production-1905	467	50.0	corporu	<<corporu>> indicated by the insurance department reports in	corpor|corpora|corpore
production-1905	468	48.10	fprpora	country to transact the business of mutual <<fprpora>>	corpora
production-1905	469	1.0	anlilé	<<anlilé>> required by its home authorities a statement	anil
production-1905	469	5.0	miciener	<<miciener>> service upon whom binds the corporation a	michener
production-1905	469	8.1	tifivate	ceititivare <<tifivate>> from the proper officer of its state	titivate
production-1905	469	14.5	egnal	tion has accumulated a fund <<egnal>> to that required of like	egal|engal|ernal|genal|regnal
production-1905	469	40.0	contel	<<contel>> casualty insurance only or for one hundred	cantel|centel|conatel|connel|conte|contee
production-1905	469	45.7	cxam	contract of insurance any solicitor agent employ <<cxam>>	caam|cam|ccam|cham|ciam|clam
production-1905	471	27.7	conneil	members of any such society lodge or <<conneil>> exclusively	connel|connell|conseil|corneil
production-1905	471	28.0	citapter	<<citapter>> cccliv	chapter
production-1905	471	43.0	ratem	<<ratem>> ave or charge for the use of	artem|atem|hatem|rate|rated|ratel
production-1905	473	13.0	menband	<<menband>>	menand
production-1905	474	3.12	jaiicr	there shall be and there is hereby <<jaiicr>>	jailer
production-1905	475	0.0	pepuly	<<pepuly>> nev in addition one deputy to be	deputy
production-1905	475	11.0	buperin	<<buperin>> the superintendent of sehooly for skull services	buterin
production-1905	475	41.7	oxpcuses	annum and in addition thereto all necessary <<oxpcuses>>	excuses
production-1905	477	17.0	fregyer	<<fregyer>> the court in which the same is	freyer
production-1905	477	22.7	iecast	formant the defendant and be served at <<iecast>> two days before the	decast|diecast|incast|recast
production-1905	479	1.0	citapter	<<citapter>> ccoclix	chapter
production-1905	479	21.3	regiate	very and to <<regiate>> the practice uf dentistry in the state	regiae|registe|regrate|reigate
production-1905	480	17.12	pieia	this class there shal be seven field <<pieia>>	piera|pieria|pieta
production-1905	482	10.8	flectionc	person offering to vote may be challenged <<flectionc>>	flection|flections
production-1905	483	17.0	atidavit	<<atidavit>> ment upon receiving an affidavit by or	affidavit
production-1905	485	13.0	nofers	<<nofers>> compensation provided for in this section shall	gofers|hofers
production-1905	485	21.0	apcesxor	<<apcesxor>> the assessor shall receive three thousand dollars	ancestor
production-1905	485	45.0	buperin	<<buperin>> the superintendent of schools twenty one hundred	buterin
production-1905	486	5.11	fiwnship	is hereby determined to be the registered <<fiwnship>>	township
production-1905	488	35.9	oetor	collector one thousand dollars per annum ree <<oetor>>	betor|detor|etor|fetor
production-1905	488	37.8	pitoriay	district attorney nine hundred dollars per annum <<pitoriay>>	pictorial
production-1905	488	42.7	guperin	the superintendent of schools four hundred dollars <<guperin>>	guerin
production-1905	490	13.11	pavyt	on the roster of voters for him <<pavyt>>	pavit|pavy|payt
production-1905	491	5.0	anditer	<<anditer>> the auditor one thousand dollars per annum	inditer
production-1905	491	7.0	appum	<<appum>>	apium|appam|apply|appu|appui
production-1905	491	12.0	ansimm	<<ansimm>>	anima
production-1905	491	45.2	nanied	the above <<nanied>> salaries shall be in full compensation for	nanded|nannied
production-1905	495	13.6	gnarter	west one quarter mile to the <<gnarter>> section corner on the	garter|gnatter
production-1905	496	2.12	sacrm	section thirty two tp n r w <<sacrm>>	sacr|sacra|sacre|sacri|sacro|sacrum
production-1905	497	3.0	menfo	<<menfo>> running north and south between sections sixteen	mendo|mengo|menko|menlo|menno|meno
production-1905	499	16.0	certifiemte	<<certifiemte>> visors shall cause a certificate of election	certificate
production-1905	499	17.0	ofclection	<<ofclection>> clerk of said board to the person	flection
production-1905	499	18.0	itlection	<<itlection>> highest number of legal votes where one	election
production-1905	500	7.11	joara	of sacramento the board shall hold regular <<joara>>	jara|joana|jofra|jora|juara|loara
production-1905	501	29.0	appor	<<appor>> said assessors must assess upon the land	apor|appar|apper|appo|apport|appr
production-1905	503	4.0	andcom	<<andcom>> be made in the manner prescribed by	adcom|ancom|andom|random
production-1905	503	18.0	justcon	<<justcon>> property proof of such posting and publication	juston
production-1905	503	51.0	pytand	<<pytand>> cient money in the funds of said	stand
production-1905	505	24.0	rivercon	<<rivercon>> water and shall have such other powers	riverton
production-1905	506	22.10	gniered	any contract for the construction of such <<gniered>>	entered
production-1905	506	46.9	castricts	swamp land districts levee districts and protec <<castricts>>	districts
production-1905	507	40.1	triet	engineer <<triet>> jf the report of the engineer be	griet|priet|riet|thiet|tiet|tiret
production-1905	508	39.13	dutre	of chapter i of part viii nnd <<dutre>>	autre|detre|ducre|dupre|dure|dutee
production-1905	508	43.0	trict	<<trict>> relating to all matters within the boundaries	strict|tract|triact|tric|trica|trice
production-1905	509	22.0	sloners	<<sloners>> vacancy occur in any board of trustees	cloners|loners|slopers|slovers|sooners|stoners
production-1905	510	38.10	ahinage	annually in the month of january of <<ahinage>>	apinage
production-1905	510	40.0	gioners	<<gioners>> a complete statement in detail of the	ginners|goners|gooners
production-1905	510	49.12	foners	or one of them shall have made <<foners>>	boners|coners|doners|foner|fones|foyers
production-1905	511	41.0	eicron	<<eicron>> otter for sale or exchange present or	bicron|escrow|micron
production-1905	512	1.11	byany	unsanitary condition or that is produced from <<byany>>	bany|beany|byan
production-1905	513	18.0	certam	<<certam>> sgc no person or persons firms or	ceram|certa|certai
production-1905	513	32.0	beused	<<beused>> but whenever any preparation of boron is	bemused|boused|bused|reused
production-1905	514	21.9	agentsan	to employ such assistant agents as inspect <<agentsan>>	agents
production-1905	514	27.10	gysot	of dairy products and the handling of <<gysot>>	gysgt
production-1905	515	20.0	ermarian	<<ermarian>> reported to the state veterinarian	marian
production-1905	515	33.0	fonof	<<fonof>> state dairy bureau which shall pay the	fono|food|foof
production-1905	518	3.11	heenge	year and may be issued in periods <<heenge>>	heene|henge|peenge|reenge|wheenge
production-1905	518	6.11	icepe	pay an annual license fee of one <<icepe>>	cepe|icee
production-1905	518	29.10	pispo	fees paid to the state dairy bureau <<pispo>>	bispo|dispo|ispo|pipo|pippo|pisco
production-1905	519	6.0	entacts	<<entacts>> entitled an act to prevent deception in	enacts
production-1905	520	33.9	pmted	the property and management of said home <<pmted>>	pated|pmed
production-1905	521	14.0	termot	<<termot>> for the term of two years from	dermot|termo|termon|termor
production-1905	521	37.0	bloyes	<<bloyes>> at its discretion	blokes|boyes|cloyes
production-1905	523	18.0	bondof	<<bondof>> ing into a contract with any successful	bondo|bondoc|bondor
production-1905	524	31.9	xcehre	to the requirements of section of this <<xcehre>>	cere
production-1905	524	32.11	mtlons	whom the cause was tried may cause <<mtlons>>	melons
production-1905	524	41.11	evgross	engrossed by the party presenting the same <<evgross>>	engross
production-1905	525	20.0	agnicul	<<agnicul>> society upon blanks to be furnished by	agricul
production-1905	525	21.0	guialiy	<<guialiy>> statistics showing the products grown produced or	guilty
production-1905	528	16.9	epaty	dollars per annum one office deputy assessor <<epaty>>	paty|peaty
production-1905	532	4.9	publicad	administrator such fees as are now oy <<publicad>>	publica|publicado|publicae|publican
production-1905	533	25.0	andcon	<<andcon>> justice of the peace to file on	ancon|andon|andron
production-1905	537	39.0	schoowe	<<schoowe>> approved by the state board of education	schoole
production-1905	538	8.10	fpey	state board of education in this state <<fpey>> e	fey|fley|fpe|frey|pey|spey
production-1905	538	45.9	onnia	primary grade certificates who shall pass satisfactory <<onnia>>	annia|omnia|oncia|onia|onna|onni
production-1905	539	24.0	tigeate	<<tigeate>> versity or from any other university that	migrate
production-1905	540	16.13	erdon	state of california to be known as <<erdon>>	ardon|ebdon|edon|egdon|eldon|endon
production-1905	541	14.0	mayuse	<<mayuse>> or abutments for supporting the insulators wires	cayuse|mabuse
production-1905	542	9.12	jjors	this state or any other state shall <<jjors>> sme	jors
production-1905	543	16.0	tyclerk	<<tyclerk>> furnish a certified copy thereof to each	clerk
production-1905	545	5.0	boardto	<<boardto>> turn over to the treasurer of the	board
production-1905	546	43.8	travelmg	month and ten cents per mile for <<travelmg>> to and from	travelog
production-1905	549	25.0	andcon	<<andcon>> justice of the peace to file on	ancon|andon|andron
production-1905	550	29.9	yoior	officers shall receive as compensation for the <<yoior>>	yoir
production-1905	553	39.0	sonoo	<<sonoo>> approved by the state board of education	onoo|snoo|songo|sonho|sonko|sonno
production-1905	554	51.9	fntoree	granted county boards of education may renew <<fntoree>>	entree
production-1905	555	39.0	vahé	<<vahé>> until time as the said document shall	mahé|vah|vahe|vahi|vahl|vahn
production-1905	557	15.0	rightof	<<rightof>> necessary fixtures of their lines in such	righto|righton
production-1905	557	18.0	paability	<<paability>> any person who injures or destroys through	papability|payability
production-1905	559	2.0	comern	<<comern>> who have not complied with the provisions	comen|comeon|comer|comers
production-1905	559	12.0	poratfons	<<poratfons>> s proclamation the secretary of state shall	portions
production-1905	559	16.0	tyelerk	<<tyelerk>> furnish a certified copy thereof to each	tyler
production-1905	561	5.0	boardto	<<boardto>> turn over to the treasurer of the	board
production-1905	563	18.0	stenoge	<<stenoge>> be chief report clerk at a salary	stenog
production-1905	565	44.0	tendentof	<<tendentof>> her annum which shall be in full	tendent
production-1905	569	23.0	zensmp	<<zensmp>> warden of the prison in which he	zens
production-1905	571	11.0	apphleation	<<apphleation>> all information pertaining to the identification	appellation
production-1905	573	12.0	euperin	<<euperin>> o five dollars per annum and actual	eucerin
production-1905	576	46.5	travelmg	of assistance provided that for <<travelmg>> m performance of	travelog
production-1905	579	41.0	icmper	<<icmper>> y to do so temporary certificates valid	imper
production-1905	581	14.0	graphsete	<<graphsete>> legalized bureau of identification photographs and minute	graphite
production-1905	581	15.7	deserip	description of such convict together with minute <<deserip>>	descrip|deseri|desert
production-1905	582	3.11	fowhom	which the said goods shall be sold <<fowhom>>	whom
production-1905	582	43.11	xemina	hold or cause to be held such <<xemina>>	emina|femina|gemina|hemina|jemina|lemina
production-1905	582	45.8	iramea	qualifications and fitness of applicants for certification <<iramea>>	framea|irama
production-1905	586	2.9	lcentiate	pharmacist and provided further that no per <<lcentiate>>	licentiate
production-1905	589	49.0	vietion	<<vietion>> thereof shall be liable to punishment by	viation
production-1905	590	9.9	conviec	deemed guilty of a misdemeanor and upon <<conviec>>	convice
production-1905	590	30.6	phopi	registered or copyrighted proprietary medicines registered <<phopi>>	hopi|popi
production-1905	591	39.0	boardmay	<<boardmay>> sec the board of pharmacy may in	boardman
production-1905	592	12.11	rppy	in said stores and a brief state <<rppy>>	appy|eppy|ippy|oppy|ppy|rippy
production-1905	592	42.4	nicting	are hereby repealed a <<nicting>>	nicking
production-1905	593	45.0	justicesof	<<justicesof>> hach justice of the peace the following	justices
production-1905	595	39.7	umform	act entitled an act to establish a <<umform>> system of county	unform
production-1905	596	4.12	iigase	by law or by virtue of their <<iigase>>	incase|ligase
production-1905	596	12.9	shenft	thirty five hundred dollars per annum and <<shenft>>	senft
production-1905	598	46.0	sgorion	<<sgorion>> there is hereby added to the political	gordon
production-1905	599	2.14	encum	for the value over and above the <<encum>>	encom|encup|engum|enum
production-1905	599	3.0	ormort	<<ormort>> brance as the said encumbrance is shown	ormont
production-1905	599	25.0	eohool	<<eohool>> ceding section and which is also a	school
production-1905	599	31.0	termot	<<termot>> the board and said board may fix	dermot|termo|termon|termor
production-1905	600	24.12	pexation	which at the time of such annexation <<pexation>>	vexation
production-1905	601	37.0	uperin	<<uperin>> eae	perin|uprein
production-1905	601	38.0	tendentof	<<tendentof>> per annum and actual traveling expenses when	tendent
production-1905	602	26.8	pascne	to the full and equal accommodations advantages <<pascne>>	pasche|pascoe
production-1905	602	35.10	fadpro	denying to any citizen except for reasons <<fadpro>>	faro
production-1905	603	8.0	placesof	<<placesof>> ation or the proprietor lessee or the	places
production-1905	603	9.0	ontrete	<<ontrete>> opera house theater melodeon museum circus caravan	concrete
production-1905	606	31.11	cqiy	amended or new by laws may be <<cqiy>>	ciy|cqi
production-1905	607	24.0	bedivides	<<bedivides>> such corporation may with the consent of	divides|redivides
production-1905	609	45.0	towhom	<<towhom>> wards may be bound by indenture as	whom
production-1905	610	31.5	intemper	facts of incapacity desertion habitual <<intemper>> jury trial	integer|untemper
production-1905	611	5.0	winin	<<winin>> a master must not remove his apprentice	dinin|inin|kinin|linin|minin|pinin
production-1905	611	18.0	plaintsof	<<plaintsof>> apprentices who reside within the county against	plaintiff
production-1905	611	44.9	misbe	apprentice who is guilty of any gross <<misbe>>	isbe|misae|mise|misoe|misse|miste
production-1905	612	24.12	bmoting	trade or business he must appear with <<bmoting>>	booting|emoting|moting
production-1905	613	7.0	howmade	<<howmade>> may be made at any meeting of	homage
production-1905	613	43.0	ofinten	<<ofinten>> which is authorized by section one of	often
production-1905	614	13.11	cuyi	if not to some competent person employed <<cuyi>> cer	buyi|cubi|cudi|cui|cumi|curi
production-1905	614	27.9	epreve	of the proposed improvement upon the several <<epreve>>	preve
production-1905	615	1.0	tesolation	<<tesolation>> section three of this act the clerk	desolation
production-1905	616	30.10	cluetor	the last preceding section the tax collector <<cluetor>>	cluster
production-1905	617	2.0	pesolad	<<pesolad>> parcels of land within said district the	resold
production-1905	618	18.12	focyer	work shall be done and the work <<focyer>>	focker|foyer
production-1905	618	25.11	iudmea	officer or person and by said city <<iudmea>>	idea|idumea
production-1905	619	32.0	fireand	<<fireand>> take on any one risk whether it	firearm|firend
production-1905	621	30.0	fredepart	<<fredepart>> corporated city or town wherein such a	predepart
production-1905	623	34.0	andcen	<<andcen>> complete and put in full operation at	anden|andren
production-1905	624	2.10	iovera	an elevation of five thousand feet or <<iovera>>	lovera|overa|povera
production-1905	624	20.11	seiv	law of this state or the united <<seiv>>	eiv|sei|seia|seib|seid|seif
production-1905	624	21.11	toadin	state or territory thereof have power to <<toadin>>	loadin|toadie|tradin
production-1905	624	28.3	niust	every such corporation <<niust>> start and run its cars time of	iust|nist|nius|nust
production-1905	624	34.11	frmished	starting at the junction of other railroads <<frmished>>	famished|furnished
production-1905	626	10.8	weoron	is hereby amended to read as follows <<weoron>>	weapon
production-1905	631	6.0	failureto	<<failureto>> sworn statement required thereby is guilty of	failure
production-1905	634	7.10	sencies	countersigned at the time of its issue <<sencies>>	agencies
production-1905	634	31.9	fonsoh	containing the manner and terms of such <<fonsoh>>	folsom|fonso
production-1905	634	35.14	vrtary	the secretary of state such cer s <<vrtary>>	votary
production-1905	635	25.0	jendent	<<jendent>> verified under oath showing all receipts and	pendent|tendent
production-1905	636	15.14	fendent	duty of the directors of the corporation <<fendent>>	pendent|tendent
production-1905	636	21.10	xemine	and eighty nine such stockholder is entitled <<xemine>>	emine|femine|hemine
production-1905	637	22.0	tyaerk	<<tyaerk>> secretary of state a certificate of the	tyler
production-1905	637	24.0	taryof	<<taryof>> tion becomes a body corporate and by	tariff
production-1905	637	42.0	rightsand	<<rightsand>> to be accorded to stockholders are distinct	righthand
production-1905	637	49.0	fonterrea	<<fonterrea>> committee of the corporation the right to	fonterra
production-1905	638	11.9	tiots	without capital stock must prescribe how members <<tiots>>	iots|riots|thots|tifts|tilts|tints
production-1905	638	29.6	contny	e every corporation association or institution <<contny>>	conny|contry|conty
production-1905	638	35.12	hotles	be published in a newspaper of general <<hotles>> ot	hoiles|holes|holles|hoteles|hotels|hottes
production-1905	639	38.0	ceainet	<<ceainet>> thereof may prefer a complaint against any	cabinet
production-1905	640	45.9	ouent	found begging or receiving or gathering alms <<ouent>>	olent|orent|ouen|ouest|quent|suent
production-1905	642	1.7	gorpora	corporations to furnish light for public use <<gorpora>>	corpora|porpora
production-1905	642	28.10	fzvent	shall such corporation be required to supply <<fzvent>>	event
production-1905	645	44.0	ibip	<<ibip>> fees labor which each member must be	bip|ibdp|ibi|ibid|ibig|ibis
production-1905	646	31.10	mtcrea	or diminished by a vote of two <<mtcrea>>	crea|mccrea|mcrea
production-1905	647	17.0	feefor	<<feefor>> ing of the certified copy of the	feeder
production-1905	647	23.0	issubject	<<issubject>> tions and is possessed of all the	subject
production-1905	648	17.9	possossio	for the possession of real property leased <<possossio>>	possession
production-1905	649	19.0	pfoneto	<<pfoneto>> ing and repairing the same and of	poneto
production-1905	650	32.9	fcison	by continuing their respective courses there would <<fcison>>	cison|faison|fison|foison|frison|prison
production-1905	652	24.11	heknow	officer taking it knows or has satisfactory <<heknow>>	beknow|know|reknow
production-1905	652	34.10	tdemont	a corporation must be substantially in the <<tdemont>>	demont|tremont
production-1905	653	5.0	rected	<<rected>> court to obtain a judgment correcting the	erected|nected|reacted|recited|recked|recte
production-1905	655	19.0	mevil	<<mevil>> making of his will either in his	bevil|devil|evil|meil|melvil|menil
production-1905	655	20.0	unprovid	<<unprovid>> and dies leaving such child unprovided for	unproved|unprovide
production-1905	656	27.9	snecession	person having title to any estate not <<snecession>>	secession
production-1905	658	41.8	iiur	preceding section the superior court on information <<iiur>>	aiur|iir|iiu|iium|iur|yiur
production-1905	660	37.12	wmtten	written or not supersedes all the negotiations <<wmtten>>	watten|wetten|witten|written
production-1905	661	10.0	whermast	<<whermast>> doing a storage business must not issue	whereas
production-1905	661	11.0	potbe	<<potbe>> voucher for any merchandise grain or other	notbe|pombe|pote|potee
production-1905	662	7.10	dilties	any of the provisions of sections eighteen <<dilties>>	dieties|dillies|dirties|ditties
production-1905	662	26.11	rinaer	a thing other than a domestic ani <<rinaer>> of	rinder|riner|ringer|rinker|rinner|rinser
production-1905	662	32.12	ifowner	to such finder or saver he must <<ifowner>>	owner
production-1905	662	33.12	ujwn	affidavit with the justice of the peace <<ujwn>>	jwn|ujan
production-1905	663	38.0	perficular	<<perficular>> hirer must not use it for any	particular|perticular
production-1905	664	39.11	fotet	his own so as to constitute himself <<fotet>>	foget|foret|fote|motet
production-1905	666	21.9	ishes	lien as to such property unless otherwise <<ishes>>	ashes|dishes|fishes|ihes|ises|ishe
production-1905	666	37.10	gonky	twenty nine hundred and fifty five and <<gonky>>	conky|donky|gonk|gony|gorky|gunky
production-1905	668	7.0	braneers	<<braneers>> of such mare or cow and of	branders
production-1905	668	25.11	ultine	his personal services which takes prece sf <<ultine>>	line|uline|ultime|ulting|untine
production-1905	669	12.0	iuent	<<iuent>> pre ment when necessary must be made	ident|isent|iwent|quent|suent
production-1905	672	2.8	sucteen	act to amend section four hundred and <<sucteen>> of the	subteen
production-1905	673	1.0	seeey	<<seeey>> otherwise provided for five dollars	heeey|seedy|seee|seeed|seeee|seeley
production-1905	674	28.11	reamred	five hundred and fifty dollars per teacher <<reamred>>	reamed|reared|rearmed
production-1905	675	31.0	insufi	<<insufi>> tate of salaries or for any other	insure
production-1905	676	28.9	pispos	derived from this tax in each county <<pispos>>	dispos
production-1905	679	42.0	proofof	<<proofof>> jn any action or proceeding instituted against	proof
production-1905	679	49.0	bxemp	<<bxemp>> effect as im other cases every corporation	exempt
production-1905	680	11.10	tighie	carrying freight or passengers under or by <<tighie>> in	tighe
production-1905	680	25.11	feacony	this state or is maintaining an office <<feacony>>	felony
production-1905	680	28.11	sraute	business herein must file in the office <<sraute>>	saute
production-1905	681	38.0	sntishied	<<sntishied>> discharged and satisfied by the person responsible	satisfied
production-1905	683	16.0	mestuor	<<mestuor>> de appointed by the district attorney of	mentor|sestuor
production-1905	683	25.0	dutyof	<<dutyof>> fhe duty of said prosecuting attorney and	duty
production-1905	683	40.0	aeont	<<aeont>> the husband of the wife and children	aeon|aeons|amont|ayont
production-1905	686	46.7	ronds	roads tunnels ditches flumes pipes and dumping <<ronds>>	bonds|fonds|fronds|gonds|monds|ponds
production-1905	688	22.10	ornace	be registered in any register of electors <<ornace>>	ornate
production-1905	688	37.8	frandu	person not entitled to vote who fraudulently <<frandu>>	frand|frands
production-1905	693	44.0	abauc	<<abauc>> for any person by abduction duress or	abac
production-1905	693	45.0	tgege	<<tgege>> fraudulent device or contrivance whatever to impede	agege|gege
production-1905	695	28.0	refusalto	<<refusalto>> who after the expiration of the time	refusal
production-1905	696	8.9	pripery	one hundred of said code is hereby <<pripery>>	pipery|primery|prizery|propery|tripery
production-1905	697	11.0	opnation	<<opnation>> code to be numbered one hundred and	opination|optation|ornation
production-1905	699	8.0	eoetie	<<eoetie>> section section one hundred and sixty five	boetie|eerie
production-1905	700	45.10	oropon	upon the grounds belonging or adjacent thereto <<oropon>>	oregon
production-1905	705	1.1	pbading	or <<pbading>> state any female person born in the	bading
production-1905	705	12.0	fabitation	<<fabitation>> male to whom she is not married	habitation
production-1905	705	23.0	placingor	<<placingor>> g every man who by force intimidation	placing
production-1905	705	25.0	efone	<<efone>> s procures any other person or persons	efore|enone|eone|fone|ifone|ofone
production-1905	706	2.9	fornica	and adultery is guilty of a misdemeanor <<fornica>>	formica|fornia|fornical|monica
production-1905	707	20.0	bunduys	<<bunduys>> section section three hundred and ten and	bundys|sundays
production-1905	708	17.6	lquida	from attachments executions and liens pending <<lquida>>	quida
production-1905	708	40.9	commic	administration of said bureau shall be vested <<commic>>	comic|commi|commie|commin|commis|commit
production-1905	709	4.0	smume	<<smume>> sbe the commissioners shall each receive a	mume|same|smule|smuse|spume|sume
production-1905	711	6.0	dusinessn	<<dusinessn>> find that any association corporation or society	business
production-1905	712	2.11	rastecs	shall at once assume office and have <<rastecs>>	rasters
production-1905	712	42.11	npon	commissioners and requesting them so to fon <<npon>>	apon|epon|gpon|ipon|lpon|neon
production-1905	712	43.11	reavest	make a full investigation of its affairs <<reavest>>	realest|reaves|revest
production-1905	713	50.0	heense	<<heense>> provided in this act and any such	heene|heese|hense
production-1905	714	42.9	fprecent	office of the commissioners appointed under and <<fprecent>>	precent
production-1905	715	26.0	egont	<<egont>> of of california or of any political	egmont|egon|egot|gont
production-1905	716	2.10	sipula	employed in the execution of said con <<sipula>>	sicula|simula|situla|stipula|tipula
production-1905	716	8.13	forfested	such officer or agent to take cognizance <<forfested>>	forested|forfeited
production-1905	716	9.12	inviele	provisions of said act committed in the <<inviele>>	invite
production-1905	718	15.10	manuiac	inscription or device placed or impressed upon <<manuiac>>	maniac|manual|manufac
production-1905	719	2.1	yiage	marriage <<yiage>> license with the certificate indorsed thereon as	viage|yage
production-1905	720	22.11	foroners	as are now or may be hereafter <<foroners>>	coroners
production-1905	721	17.0	tometer	<<tometer>> person operating any railroad in this state	ometer|oometer|together
production-1905	722	29.1	dxyv	chapter <<dxyv>>	dxy
production-1905	722	39.8	foxgery	person who with intent to defraud signs <<foxgery>> o	forgery|foxery
production-1905	723	3.6	postnote	bond covenant bank bill or note <<postnote>> check draft	postnate|postpone
production-1905	724	42.11	myii	four hundred and twenty and to read <<myii>>	maii|mii|miii|mkii|myi|myia
production-1905	725	44.0	buperin	<<buperin>> the superintendent of schools fifteen hundred dollars	buterin
production-1905	725	45.0	tendentof	<<tendentof>> ber annum and his actual traveling expenses	tendent
production-1905	728	10.9	misemes	is hereby amended to read as follows <<misemes>>	misses
production-1905	728	12.10	kining	the property of another or who overdrives <<kining>>	dining|fining|ining|jining|kiing|kiling
production-1905	728	14.8	overdny	deprives of necessary sustenance drink or shelter <<overdny>>	overdry
production-1905	728	29.11	unncces	causes to be carried in or upon <<unncces>>	uncles
production-1905	729	15.0	pmpound	<<pmpound>> e any person who impounds or causes	impound
production-1905	734	13.8	properiy	false or fraudulent representation or pretense defrauds <<properiy>>	properly|property|propery
production-1905	734	42.9	defraua	who obtains any livery hire or other <<defraua>>	defraud
production-1905	735	26.0	branee	<<branee>> such mortgagor informs the person to whom	brance|brande|brandee|brane|branen|branes
production-1905	735	46.0	somety	<<somety>> of any secret society order or organization	somet|someth
production-1905	736	25.4	mjures	or who knowingly takes <<mjures>> or destroys the nest of any	maures|mures
production-1905	736	38.10	mniicious	hundred and one of the penal code <<mniicious>>	malicious
production-1905	736	42.10	orinjuring	railroad tramroad or cable road or any <<orinjuring>>	injuring
production-1905	737	18.0	tuschief	<<tuschief>> j hereby amended to read as follows	mischief
production-1905	738	16.0	inelosure	<<inelosure>>	inclosure
production-1905	739	33.0	erper	<<erper>> or telephone office who willfully refuses or	erber|erer|erger|erler|ermer|erner
production-1905	739	51.0	empyoye	<<empyoye>> every agent operator or employ of any	employe
production-1905	739	53.0	fonuined	<<fonuined>> information derived by him from any private	confined
production-1905	740	46.9	igdiction	seven hundred and seventy seven of the <<igdiction>>	indiction
production-1905	741	27.0	ridnaping	<<ridnaping>> the jurisdiction of a criminal action	kidnaping
production-1905	742	37.8	crana	sections nine hundred and seven nine hun <<crana>>	arana|brana|cana|carna|cerana|chana
production-1905	743	8.0	redeivable	<<redeivable>> receive no other evidence than such as	receivable
production-1905	745	14.0	provea	<<provea>> witnesses or of one witness and corroborating	protea|prova|prove|proved|proven|prover
production-1905	745	20.1	veigling	eae <<veigling>> enticing or taking away an unmarried female	veiling
production-1905	746	36.11	mighen	the defendant that no judgment be rendered <<mighen>>	meighen|migden|mithen
production-1905	749	10.0	inforee	<<inforee>> the conviction is had on the application	inforce|informe
production-1905	750	40.10	fowon	for arraignment or for trial or judgment <<fowon>>	cowon|fogon|foon|foton|fown|gowon
production-1905	751	9.0	byacton	<<byacton>> after twenty days from the entry upon	bacton|bracton
production-1905	752	32.10	hxamina	time and place so designated it is <<hxamina>>	examine|hamina
production-1905	753	21.0	sisenti	<<sisenti>> state hospital of keeping him there and	silent
production-1905	753	27.1	dxuil	chapter <<dxuil>>	deuil
production-1905	755	25.0	incaseof	<<incaseof>> jf it appears that the offense complained	incase
production-1905	756	26.10	inavire	as to afford a reasonable ground to <<inavire>>	navire
production-1905	757	45.1	yrecognizance	recogni <<yrecognizance>> must be in writing and must be	recognizance
production-1905	758	18.12	tocourt	at once file it and such depo <<tocourt>>	court
production-1905	758	29.9	ggunty	sixteen hundred and three of the penal <<ggunty>>	gaunty|grunty|gunty
production-1905	761	50.0	tiedees	<<tiedees>> upon the pledge of personal property which	tides
production-1905	762	31.11	boox	sell at public auction any savings posit <<boox>>	bbox|blox|boix|boo|boob|bood
production-1905	763	38.0	notap	<<notap>> brokers making loans upon the actual and	nofap|nota|notal|notam|notan|notar
production-1905	765	32.2	ecanse	body minutes <<ecanse>> their clerk or other officer performing the	ecause
production-1905	766	11.10	jvhen	after an election shall have been held <<jvhen>> vot	jhen
production-1905	770	9.11	iomme	districts and the establishment of county e <<iomme>>	comme|domme|gomme|homme|imme|iommi
production-1905	770	42.14	subible	a citizen of the state and a <<subible>> ss	subicle
production-1905	771	47.0	preserya	<<preserya>> sec a new section is hereby added	preserve
production-1905	771	49.0	comestie	<<comestie>> section the board of supervisors shall adopt	domestic
production-1905	772	32.10	pjson	for life who escapes therefrom is punishable <<pjson>>	json|pason|person|peson|pison|puson
production-1905	774	15.10	eportic	amount paid out shall be reported quarterly <<eportic>>	epoptic|exotic
production-1905	776	10.9	bxecutors	of the code of civil procedure is <<bxecutors>>	executors
production-1905	778	28.10	pattment	and mileage of lieutenant governor and sena <<pattment>>	partment
production-1905	784	10.3	eonoee	for military purposes <<eonoee>>	donee
production-1905	788	38.9	finacy	materials furnished by the state printing office <<finacy>>	finace|finaly
production-1905	788	49.10	aaut	home for adult blind twenty eight thou <<aaut>>	aadt|aapt|aart|aat|aau|aaup
production-1905	790	32.10	shvo	state normal school at chico five thou <<shvo>>	hvo|savo|shao|sheo|shio|shmo
production-1905	792	42.8	oyernor	maintenance of governor s residence five thousand <<oyernor>>	governor
production-1905	793	47.0	biennie	<<biennie>> and for which appropriations other than salaries	bennie|bienne|biennia|biennis|binnie
production-1905	794	27.9	pproptl	made in this act are expressly forbidden <<pproptl>>	propel
production-1905	796	34.7	builifis	hundred per annum each five bailiffs whose <<builifis>>	bailiffs
production-1905	796	40.9	tenogra	and one stenographer whose salary s hereby <<tenogra>>	tenor
production-1905	804	0.11	presentna	must be presented at a regular meet <<presentna>>	presenta
production-1905	804	30.9	oeeor	have been incorrectly described it shall direct <<oeeor>>	over
production-1905	805	15.0	certifeate	<<certifeate>> suc the officers of the election must	certificate
production-1905	805	37.0	bondof	<<bondof>> in such sum as the board of	bondo|bondoc|bondor
production-1905	806	20.9	streetiaws	to streets and highways including the right <<streetiaws>>	streetcars
production-1905	807	41.0	perens	<<perens>> excuse to furnish necessary food clothing shelter	berens|erens|ferens|kerens|parens|pedens
production-1905	809	23.0	childto	<<childto>> trate it appears that any child under	child
production-1905	810	13.8	pinsot	section eleven hundred and seventy one of <<pinsot>>	pinot|pinson|poinsot|ponsot
production-1905	811	26.0	neednot	<<neednot>> and given modified or refused or when	feedlot
production-1905	813	44.0	injuriesto	<<injuriesto>> section a new section is hereby added	injuries
production-1905	815	21.0	btreetcars	<<btreetcars>> ogqa any person company or corporation operating	streetcars
production-1905	815	21.1	ogqa	btreetcars <<ogqa>> any person company or corporation operating	oga|ogba|ogma|ogra
production-1905	815	44.0	closingot	<<closingot>> good any person who enters upon or	closing
production-1905	816	34.9	siyers	into any river creek pond reservoir stream <<siyers>> ete	diyers|sayers|siders|simers|sivers|sixers
production-1905	820	16.9	renium	four hundred and two and as sobered <<renium>>	regium|rhenium|xenium
production-1905	820	18.9	diseused	animal having glanders or farcy shall at <<diseused>>	diseased|diseuse|disused
production-1905	820	28.11	tnsate	or perform any labor in the construction <<tnsate>>	ansate|ensate
production-1905	821	21.0	sameact	<<sameact>> the prosecution is not required to elect	sameach
production-1905	822	14.9	domurer	demurrer is allowed the judgment is fina <<domurer>>	demurer|demurrer|dourer
production-1905	822	34.8	couvie	or information with having suffered a previous <<couvie>>	courie|course|couve
production-1905	824	26.11	oeated	only the county in which the orig <<oeated>>	beated|eated|heated|meated|orated|ovated
production-1905	825	18.0	sators	<<sators>> section section sixteen hundred and sixteen of	astors|cators|gators|sartors|sator|satori
production-1905	826	42.9	puvnea	publication must state the character of the <<puvnea>>	purnea
production-1905	827	33.0	peiea	<<peiea>> amount of his bid with the clerk	peila|perea
production-1905	829	1.0	andcon	<<andcon>> in any franchise or grant offered or	ancon|andon|andron
production-1905	829	43.0	ofcourts	<<ofcourts>> ag follows	courts
production-1905	830	6.10	ofeo	on said committee and thereupon said sc <<ofeo>>	feo|odeo|oeo|ofe|ofek|ofen
production-1905	830	28.8	secetes	to examine into the qualifications and management <<secetes>>	secedes|secretes
production-1905	831	3.0	avohation	<<avohation>> in all the counties of the state	avocation|avolation
production-1905	831	22.0	termof	<<termof>> court the term of office of probation	termo|termon|termor
production-1905	836	8.9	gorpets	three hundred and twelve of the civil <<gorpets>>	carpets|gorgets
production-1905	837	19.0	polytechi	<<polytechi>> section the sum of fifteen thousand dol	polytech|polytechnic
production-1905	837	21.0	mentsat	<<mentsat>> not otherwise appropriated to be paid to	mental|mentat
production-1905	840	4.6	blanther	for the arrest of josef e <<blanther>> for murder	blancher|blather
production-1905	840	12.8	blanther	california for the arrest of josef e <<blanther>> for murder	blancher|blather
production-1905	841	32.0	seapial	<<seapial>> much thereof as may be necessary is	serial
production-1905	842	24.10	spelen	any money in the state treasury not <<spelen>>	selen|speen|spelean|spielen|spleen
production-1905	842	25.10	pppropre	be paid to the board of directors <<pppropre>>	appropre
production-1905	844	50.12	pomnee	of sixty thousand dollars shall not be <<pomnee>>	pommee
production-1905	847	1.0	priaton	<<priaton>> tribute an amount equal to fifty per	prison
production-1905	847	20.0	shallcon	<<shallcon>> commissioner of highways shall constitute a commission	shallon|shalloon|stallion
production-1905	849	9.0	hallfor	<<hallfor>> ten thousand dollars for building an assembly	halldor|hallford
production-1905	849	22.0	gbam	<<gbam>> section the sum of one hundred and	abam|bam|gam|gba|gbas|gbm
production-1905	849	23.0	aunders	<<aunders>> a	anders|funders|launders|maunders|saunders|sunders
production-1905	851	21.0	behool	<<behool>> school at los angeles is hereby authorized	befool|behoof|behoot|behowl|bhool
production-1905	852	25.10	fianit	of any moneys in the state treasury <<fianit>>	finit
production-1905	853	10.0	seheol	<<seheol>> ro of much thereof as may be	school|sheol
production-1905	856	9.11	deln	persistent truant from school the words delin <<deln>>	dean|deen|defn|dehn|dein|del
production-1905	857	35.0	kopeps	<<kopeps>> of the court in some suitable place	kopeks|koppes
production-1905	858	4.12	peintment	of said court a majority of the <<peintment>>	pointment
production-1905	860	20.10	megr	him for that purpose shall inquire into <<megr>>	degr|egr|mear|meer|meg|mega
production-1905	860	35.11	tepre	said deputy probation officer or said jy <<tepre>>	depre|lepre|repre|teare|tempre|temre
production-1905	866	2.11	yemele	office register such motor vehicle in a <<yemele>>	jemele|semele
production-1905	867	45.0	vehiclesto	<<vehiclesto>> subdivision a person operating a motor vehicle	vehicles
production-1905	867	46.0	tooston	<<tooston>> at request or on signal by putting	boston|toosoon|toston
production-1905	868	14.13	specd	tests or races to be con fr <<specd>>	spead|spec|speca|spece|speced|speci
production-1905	869	10.1	localor	by <<localor>> after adopted the speed of motor vehicles	locator
production-1905	869	21.0	signson	<<signson>> ing the words slow down to miles	signon|signs|singson
production-1905	869	22.0	poplic	<<poplic>> inserted and also an arrow pointing in	polic|poplin|public
production-1905	869	46.0	jorsn	<<jorsn>> curtail or abridge the right of any	joran|joren|jorn|joron|jors
production-1905	869	47.0	uriles	<<uriles>>	briles|kuriles|riles|urines
production-1905	870	17.9	gaciner	voluntarily permit any other person to wear <<gaciner>>	gained|gainer
production-1905	870	23.12	chaut	such person shall have complied in p <<chaut>>	caut|chaat|chaft|chait|chant|chapt
production-1905	872	42.11	mpns	commenced against the state treasurer a say <<mpns>>	apns|cpns|dpns|epns|lpns|mans
production-1905	873	17.0	frencea	<<frencea>> first monday in june of the year	frence
production-1905	876	23.8	regisiature	that the senate and the assembly jointly <<regisiature>>	legislature
production-1905	876	29.9	vetegram	the secretary of the senate is hereby <<vetegram>>	veteran
production-1905	877	7.0	wetex	<<wetex>> thirty second thirty third and thirty fourth	webex|weex|wete|weten
production-1905	877	30.0	givnited	<<givnited>> of the assembly be and they are	invited
production-1905	878	22.10	amenda	of berkeley in the county of ala <<amenda>>	agenda|amanda|ameda|amena|amend|amende
production-1905	879	34.0	dateor	<<dateor>> a general municipal election to be held	dater|dator
production-1905	882	29.0	nially	<<nially>> on the third tuesday in may commencing	cially|nally|niall|nilly
production-1905	883	7.0	termof	<<termof>> and until the election or appointment and	termo|termon|termor
production-1905	886	44.12	eftice	members a city clerk whose term of <<eftice>>	entice
production-1905	887	23.0	ofoffice	<<ofoffice>> bal election and whose term of office	offfice
production-1905	888	5.1	sessot	follows <<sessot>>	session|sesso|sesson
production-1905	888	10.9	dutyas	such rules and regulations as may be <<dutyas>>	dutys
production-1905	888	36.9	aunaitor	auditor shall number and keep a record <<aunaitor>>	auditor
production-1905	890	25.0	ollows	<<ollows>>	allows|follows|hollows|ollow
production-1905	890	26.10	oftcers	than fifty days next before the date <<oftcers>>	officers
production-1905	890	50.13	ublica	be the duty of the city coun <<ublica>>	public|publica|ulica
production-1905	892	22.12	ofiur	amount of taxes due on the delin <<ofiur>>	ofir|ofour
production-1905	893	5.0	sieity	<<sieity>> advise the council on all engineering questions	seity|simity|sixty
production-1905	894	32.10	gejary	next after his election and whose salary <<gejary>>	geary
production-1905	896	4.9	onicio	superintendent of streets shall be ex x <<onicio>>	inicio|oficio
production-1905	898	24.9	faxntion	free public schools therein and for carrying <<faxntion>>	taxation
production-1905	902	19.10	ciassifica	the date of their election provided that <<ciassifica>>	classifica
production-1905	903	42.0	fablice	<<fablice>> ber door for ten days and published	fabrice
production-1905	908	5.9	sratemen	statement under oath setting forth specifically all <<sratemen>>	statemen|statement
production-1905	908	29.10	reguinte	laying of telegraph or telephone wires in <<reguinte>>	regulate
production-1905	908	30.12	teyine	erecting of gas and electric lights the <<teyine>>	teine|thyine
production-1905	908	34.10	stects	of streets and sidewalks for signs signposts <<stects>>	sects|spects|steets|stents|stets
production-1905	909	0.0	providefor	<<providefor>> io provide for the construction and repair	provider
production-1905	909	22.11	oceupa	suppress all houses of ill fame all <<oceupa>>	occupy
production-1905	909	27.1	plaaives	ox <<plaaives>> powder fireworks dynamite nitro glycerine and other	plosives
production-1905	909	32.0	tnies	<<tnies>> ste all other manufactories works and business	anies|etnies|knies|nies|thies|ties
production-1905	910	35.9	ecttic	and regulate the construction and repair of <<ecttic>>	ectatic
production-1905	912	39.13	mppey	dollars in any one year to be <<mppey>>	mopey
production-1905	913	23.0	pranto	<<pranto>> shall have any validity or effect unless	panto|prantl|pranzo|prato|pratto|pronto
production-1905	915	2.1	mayate	of <<mayate>> this is to certify that we c	hayate|jayate|malate|mayte
production-1905	916	17.10	cniet	chief clerk of the assembly is hereby <<cniet>> clerk	cnet|niet
production-1905	916	22.10	oetity	forthwith certified copies of this resolution to <<oetity>>	entity
production-1905	916	34.10	contaming	the times herein referred to a city <<contaming>> a popu prrambie	containg
production-1905	916	34.13	prrambie	referred to a city contaming a popu <<prrambie>>	preamble
production-1905	917	1.0	santarose	<<santarose>> the year one thousand nine hundred and	santarosa
production-1905	920	30.10	fcer	chief of police city attorney city treasurer <<fcer>>	acer|cer|ecer|facer|faer|fce
production-1905	921	1.0	dutiesof	<<dutiesof>> assessments and all taxes of every kind	duties
production-1905	921	5.6	uncoliectible	credit him with all moneys and <<uncoliectible>> claims and	uncollectible
production-1905	922	7.4	unicss	shall invalidate said assessment <<unicss>> the same is	unics
production-1905	932	30.13	specialtax	at a rate of not more than <<specialtax>>	specialty
production-1905	936	19.15	ansliza	said day and sit as a board <<ansliza>>	analiza
production-1905	939	27.0	oivey	<<oivey>> tion of the particular rights privileges or	divey|givey|ivey|jivey|ovey
production-1905	940	22.10	jythout	cover any such property rights whether within <<jythout>>	without
production-1905	940	31.10	visdze	the council is authorized empowered and j <<visdze>>	vide
production-1905	941	13.0	formof	<<formof>> street work in letters of not less	formol
production-1905	942	18.12	omply	work is to be apportioned and eol <<omply>>	amply|comply|imply
production-1905	944	39.9	uabitity	neither the city nor any officer thereof <<uabitity>>	ability
production-1905	946	30.8	vetaly	construed and all presumptions shall be indulged <<vetaly>>	petaly|vealy|vitaly
production-1905	947	13.0	councilto	<<councilto>> sc the council shall have power to	council
production-1905	947	23.0	forwork	<<forwork>> adopted by the council and shall be	formwork|forward|forword|forworn
production-1905	947	39.0	ugvea	<<ugvea>> in the following form viz in the	uvea
production-1905	947	46.0	bilect	<<bilect>> of sec all orders and resolutions duly	bisect
production-1905	948	21.8	pussnes	public laundry tannery glue factory cannery winery <<pussnes>>	pusses|pussies
production-1905	950	26.10	inbure	senate of the state of california the <<inbure>>	injure|insure|inure
production-1905	953	32.0	nointerest	<<nointerest>> indirectly interested in any contract with said	cointerest|interest|noninterest
production-1905	953	50.0	ofordi	<<ofordi>> nance the enacting clause of every ordinance	ford|ofori
production-1905	954	2.13	ordt	and the vote be taken by ing <<ordt>>	dordt|odt|oldt|orat|ord|orda
production-1905	954	18.9	éfect	ordinance shall take effect until ten days <<éfect>>	efect|fect
production-1905	954	42.11	detation	and within thirty days after such bill <<detation>>	delation|deltation|dentation|deration|dotation|fetation
production-1905	955	9.0	equaliza	<<equaliza>> council shall constitute the board of equalization	equalize
production-1905	955	13.0	pomedor	<<pomedor>> except the mayor the members of the	comedor
production-1905	955	23.1	yarily	tonctas <<yarily>> unable to perform his official duties the	marily|warily|yamily|yarly
production-1905	959	26.0	certainex	<<certainex>> exceeding the estimated cost of two hundred	certain|certaine
production-1905	960	30.10	proveed	for the purpose of sewerage or drain <<proveed>>	proceed|proved
production-1905	961	14.0	gompensa	<<gompensa>> of park commissioners shall also have power	compense
production-1905	961	24.0	maintaming	<<maintaming>> and improving said parks plazas and squares	maintaing
production-1905	962	28.12	deduc	and all persons so paying said tax <<deduc>>	dedic|deduce|deduct|dedue|educ|leduc
production-1905	962	43.12	saleor	hour fixed for the sale all the <<saleor>>	saler|salvor
production-1905	963	22.0	forsame	<<forsame>> shall write upon the proper certificate as	forsake|forsale
production-1905	967	31.0	termana	<<termana>> serve four years or until their successors	hermana|terman|termina
production-1905	969	23.0	ereeo	<<ereeo>> signed by electors equal in number to	freeo
production-1905	969	50.0	ordineee	<<ordineee>> council to a vote of the people	ordinate|ordinee
production-1905	970	38.8	xcep	and except an ordinance for the immediate <<xcep>>	acep|cep|excep|ncep|rcep|scep
production-1905	973	7.0	annp	<<annp>> wuheereess the said proposed amendments and each	acnp|anap|andp|ann|anna|annd
production-1905	975	17.0	trusteesto	<<trusteesto>> pass said ordinance without alteration within twenty	trustees
production-1905	975	26.0	cectho	<<cectho>> said ordinance without alteration shall be submitted	centro
production-1905	976	13.12	inailing	to be submitted to the voters of <<inailing>>	nailing|snailing|unailing
production-1905	977	7.0	orspecial	<<orspecial>> trustees may of its own motion submit	special
production-1905	981	45.0	othercom	<<othercom>> tained shall preclude the council of said	otherdom
production-1905	984	0.0	heense	<<heense>> either for the purpose of revenue or	heene|heese|hense
production-1905	985	20.0	franenises	<<franenises>> five years franchises for street railways to	franchises
production-1905	986	2.9	tesnons	the streets and to determine what parades <<tesnons>>	lessons|tenons
production-1905	986	6.10	potici	fire health and police departments hereby and <<potici>>	portici
production-1905	986	16.12	whariage	and determine annually the rates of compensation <<whariage>>	wharfage
production-1905	987	7.0	propertly	<<propertly>>	properly|property
production-1905	987	11.0	examuna	<<examuna>> he shall examine the work done under	examine
production-1905	987	24.0	ientof	<<ientof>> time of his appointment be a citizen	into
production-1905	988	30.8	inelu	and ratified amendments numbers one to ten <<inelu>>	inclu|inel|influ|nelu
production-1905	991	51.7	antil	the city limits known as the job <<antil>> tract and such	ancil|anil|anoil|antal|antel|anti
production-1905	993	22.0	timeand	<<timeand>> ors of their respective wards the mayor	tideland
production-1905	994	25.12	ghcit	bonds every bond shall be in form <<ghcit>> s	gheit
production-1905	996	50.0	ollows	<<ollows>>	allows|follows|hollows|ollow
production-1905	997	9.0	policeand	<<policeand>> second to make and enforce all such	policeman
production-1905	997	10.0	cavitery	<<cavitery>> sanitary and other regulations as pertain to	cavitary|cavity
production-1905	997	23.1	gcribe	partment <<gcribe>> fire limits and adopt regulations for the	scribe
production-1905	997	27.0	housesof	<<housesof>> ninth to prohibit and suppress lewdness and	houses
production-1905	999	42.0	mayorand	<<mayorand>> sec until the mayor and common council	mayrand
production-1905	999	45.0	equaliza	<<equaliza>> referred to the common council shall meet	equalize
production-1905	1001	4.0	tenureof	<<tenureof>> case where a vacancy has occurred and	tenure
production-1905	1003	0.1	assessot	uuy <<assessot>>	assessor
production-1905	1003	47.0	bxamina	<<bxamina>> second to examine and report when directed	examine
production-1905	1005	12.0	corporn	<<corporn>> works as may be made his duty	corpor|corpora|corpore
production-1905	1005	35.0	purisdic	<<purisdic>> sec the police court shall have jurisdiction	periodic|puristic
production-1905	1007	4.0	mayorand	<<mayorand>> sec it shall be the duty of	mayrand
production-1905	1007	22.0	torsemine	<<torsemine>> clerk shall examine and from the great	torsemide
production-1905	1009	17.0	topetition	<<topetition>> sioner shall add to his signature his	petition
production-1905	1011	29.0	costof	<<costof>> to be paid out of the ordinary	costo|coston|costos
production-1905	1012	50.9	gerifed	sealed proposals and awarding a contract to <<gerifed>>	serifed
production-1905	1013	17.0	ireaunds	<<ireaunds>> treasury authorized by law at the time	refunds
production-1905	1014	37.12	giones	known as the board of water com <<giones>>	gines|gionee|goines|gones
production-1905	1016	15.9	iburse	therefor a complete and accurate account of <<iburse>>	burse|imburse
production-1905	1016	48.14	ctings	each month and as often as the <<ctings>>	actings|clings|stings|tings
production-1905	1016	50.10	gompensa	of said board shall each receive a <<gompensa>>	compense
production-1905	1018	28.8	iaaae	also the organization government and discipline of <<iaaae>>	isaae
production-1905	1018	32.10	tisns	all necessary rules and regulations to carry <<tisns>>	tiens|tins|tions|tisno|tiss
production-1905	1019	12.0	termof	<<termof>> education shall be four years three members	termo|termon|termor
production-1905	1022	19.11	rgmine	of education shall have power to admin <<rgmine>>	mine|romine
production-1905	1022	27.10	isims	payable out of the school fund shall <<isims>>	iims|isim|isis|isms|sims
production-1905	1025	6.0	omeers	<<omeers>> oq aby contract made by them in	ameers|meers|omers
production-1905	1025	49.0	subjectof	<<subjectof>> sec every ordinance shall embrace but one	subject
production-1905	1027	12.0	toiake	<<toiake>> approval by the legislature of the state	take|tomake|totake
production-1905	1027	36.2	catick	j w <<catick>> secretary	catic|cation|natick
production-1905	1030	48.10	orice	shall maintain an office and prescribe office <<orice>>	brice|erice|grice|morice|norice|odice
production-1905	1032	45.11	boura	or may hereafter be conferred or imposed <<boura>>	bhura|bogra|bohra|bokura|boora|bora
production-1905	1032	49.12	meoese	that are now or may hereafter be <<meoese>>	meese
production-1905	1036	1.9	bfelty	surveys and other professional work made or <<bfelty>>	felty
production-1905	1036	12.10	uperin	the organization of a board of public <<uperin>>	perin|uprein
production-1905	1039	41.0	puskilled	<<puskilled>> be entered in the order of their	skilled
production-1905	1042	14.11	erform	now performed or hereafter to be performed <<erform>>	efform|eform|perform|reform
production-1905	1042	35.13	oftero	an officer of the city of los <<oftero>> cit	ofter|otero
production-1905	1043	43.0	poresea	<<poresea>> ol them was published for days in	portsea
production-1905	1044	39.8	lelande	angeles state of california and h j <<lelande>> city ond aerk	lalande|leland
production-1905	1044	39.11	aerk	california and h j lelande city ond <<aerk>>	aek|aer|aera|aerc|aere|aeri
production-1905	1048	36.10	srainances	of all ordinances relating to the construc <<srainances>>	ordinances
production-1905	1049	20.0	orbond	<<orbond>> the president of the board for an	orbon|ormond
production-1905	1051	10.0	iiine	<<iiine>> works under this charter it shall be	iiie|iine|imine
production-1905	1053	36.0	welene	<<welene>> the draft thereof approved by the city	belene|celene|elene|helene|melene|selene
production-1905	1054	16.9	dubhea	of time place and general scope of <<dubhea>>	dubhe
production-1905	1055	2.0	paskilled	<<paskilled>> filled shall notify said commission of that	skilled
production-1905	1055	34.0	extraorai	<<extraorai>> business or to meet extraordinary exigencies the	extraoral
production-1905	1057	23.0	tocease	<<tocease>> county then upon the taking effect of	cease
production-1905	1057	34.2	fliet	city officer <<fliet>> herewith or with the provisions of such	fiet|filet|fleet|flet|flie|flied
production-1905	1058	46.9	hotity	ag ordinance no new series which s <<hotity>>	hoity|hotty
production-1905	1059	10.0	hatifica	<<hatifica>> that at said election a majority of	pacifica
production-1905	1059	25.3	lelande	seal h j <<lelande>>	lalande|leland
production-1905	1059	34.0	birthany	<<birthany>> ber at eight o clock p m	birthday
production-1905	1063	0.1	bemeg	bound <<bemeg>> distant tour hundred and twenty four and	beeg|beme|bemer
production-1905	1066	13.11	tonand	be elected on the first monday of <<tonand>>	toland|tonant
production-1905	1067	10.0	gispo	<<gispo>> signed by the mayor and city clerk	bispo|dispo|gimpo|gismo|ispo
production-1905	1067	42.0	andman	<<andman>> management of all water and water works	adman|andaman|andan|andean|andian|antman
production-1905	1069	0.0	gompensa	<<gompensa>> ec c he members of the board	compense
production-1905	1069	17.0	qonsend	<<qonsend>> three years next preceding his appointment the	consent
production-1905	1071	3.0	qualifieae	<<qualifieae>> have been duly admitted to practice his	qualified
production-1905	1071	8.0	mentand	<<mentand>> firmed by the council he may be	menand|mental|montand
production-1905	1072	27.11	fublica	make or cause to be made publica <<fublica>>	fulica|public|publica
production-1905	1073	38.0	absenceof	<<absenceof>> resolved by the senate the assembly concurring	absence
production-1905	1081	3.0	anord	<<anord>> returned with the objections of the mayor	abord|acord|aford|anod|anond|anor
production-1905	1083	21.0	approprias	<<approprias>> nineteenth to make appropriations authorized by law	appropriate
production-1905	1083	25.0	feon	<<feon>> appertaining or appropriated to the city or	aeon|beon|deon|eon|faon|fean
production-1905	1083	38.0	fesponsr	<<fesponsr>> city uot authorized by the provisions of	response
production-1905	1084	51.10	benels	to station flagmen or to place sufficient <<benels>>	beels|benela|benes|bevels|bezels
production-1905	1085	47.0	fesula	<<fesula>> tions and restrictions in the use thereof	fecula|ferula|result
production-1905	1086	4.11	mnilroads	between the tracks and along and within <<mnilroads>>	railroads
production-1905	1086	15.10	obstruc	free from weeds grass and rubbish and <<obstruc>>	obstruct
production-1905	1087	40.0	yeeland	<<yeeland>> provided it shall be lawful for the	leeland|seeland|yelland|zeeland
production-1905	1089	6.0	oesie	<<oesie>> oto he must number all warrants consecutively	oeste|onesie|onsie|ossie|poesie
production-1905	1093	38.0	suretics	<<suretics>> officers the contract shall specify the time	sureties
production-1905	1094	33.12	scqiie	the qualified electors of said city not <<scqiie>>	scribe
production-1905	1096	24.9	jussior	whenever the board of trustees shall determine <<jussior>>	junior|jussion
production-1905	1097	17.0	denoml	<<denoml>> preference in the sale and allotment thereof	denom
production-1905	1097	19.0	payingof	<<payingof>> payable on the day and at the	paying
production-1905	1097	34.0	prlica	<<prlica>> to the credit of the proper fund	plica
production-1905	1098	34.13	oetea	district and by the vote of the <<oetea>>	metea|oeta
production-1905	1099	10.0	gompensa	<<gompensa>> their term of office shal be until	compense
production-1905	1099	29.0	mspector	<<mspector>> wealth a plumbing inspector who shall be	spector
production-1905	1100	3.8	poniand	repairs and alterations thereof within the city <<poniand>>	poniard
production-1905	1102	45.10	mauot	into effect the powers herein granted to <<mauot>>	magot|manot|marot|masot|maust|maut
production-1905	1104	6.12	ofcily	is required must give a bond in <<ofcily>>	oily
production-1905	1104	15.12	ieial	may be given with personal sureties c <<ieial>>	ilial|inial
production-1905	1104	47.10	gupesy	specifying therein the names of the com <<gupesy>>	guest
production-1905	1106	48.12	proveawn	time by the electors qualified to vote <<proveawn>>	proven
production-1905	1107	42.0	oressors	<<oressors>> sought to be removed may be a	lessors|pressors
production-1905	1111	32.0	fundsin	<<fundsin>> any bank or banks organized under the	fundin
production-1905	1113	42.0	siomecs	<<siomecs>> at a general or special election and	isomers
production-1905	1115	23.3	mekenney	district c h <<mekenney>> of the eleventh assembly district	mckenney|mckinney
production-1907-09	2	30.4	mecartwy	a s bl as <<mecartwy>> b thompson	mccarthy
production-1907-09	2	34.3	leavitr	s b bet <<leavitr>> mo toe mccurinvey	leaving|leavitt
production-1907-09	2	39.6	clipe	ae ee pricy b willis oo <<clipe>>	cipe|clepe|clie|clime|cline|clip
production-1907-09	2	41.1	hewht	b <<hewht>> gp b savage an	hecht|heght|hewat|hewet|hewit|hewt
production-1907-09	2	47.9	bovnton	of suc to or os b soa <<bovnton>> o o	bonton|boonton|boynton
production-1907-09	2	49.4	stetgun	a coghlan bl bl <<stetgun>>	shotgun
production-1907-09	2	50.6	murtinelli	a b suekett n b i <<murtinelli>>	martinelli
production-1907-09	2	55.1	leavitl	ab <<leavitl>> wi b mccarmey th	leaving|leavitt
production-1907-09	2	55.4	mccarmey	ab leavitl wi b <<mccarmey>> th	mccamey|mccarey|mccarley|mccarney
production-1907-09	3	10.9	cooons	as trunsuoscssce we aub li perine cose <<cooons>>	choons|cocoons|codons|colons|coons|croons
production-1907-09	3	11.4	draneo	hj a be bl <<draneo>> eseoos os ia i st alb wil	drane|drano
production-1907-09	3	25.2	avitl	b w <<avitl>> b bunton vosoctersccoe ay	avial|avil|avita|avital
production-1907-09	3	28.3	wagne	a b wy <<wagne>> tpgeeg i whs	agne|gagne|magne|wage|wagen|wagle
production-1907-09	3	35.2	ackett	b fi <<ackett>> snes b miller oe sy a	accept|hackett|jackett|rackett|sackett|tackett
production-1907-09	3	40.3	papeon	b ho ae <<papeon>> crororeeny ay a b johnson u weed	paeon|papen|papern|papion|papon
production-1907-09	3	46.3	caminetty	b bo oh <<caminetty>> oo copy hoon alb ee heathe rene	caminetti
production-1907-09	3	52.7	mecur	b stetson ao weereseo e h b <<mecur>> who cosas bs	mecum|mercur|meur|recur|secur
production-1907-09	3	59.2	meltore	a b <<meltore>> oreov ed br re b kennedy	melmore
production-1907-09	3	59.3	oreov	a b meltore <<oreov>> ed br re b kennedy	oreo|oreos|orlov
production-1907-09	4	10.0	merece	<<merece>> cra ba ai b xu thompoun i	meece|merce|merete|merice
production-1907-09	4	15.3	coeeey	a b preston <<coeeey>> b bih gems me	convey
production-1907-09	4	18.10	aecet	g in an a be a wel <<aecet>>	acet|decet
production-1907-09	4	32.4	noeee	ey b oou sanford <<noeee>> pt bets a b ae eee sai	neee|novee
production-1907-09	4	39.3	oweee	z ri woe <<oweee>> a s cooso it	owee|weee
production-1907-09	4	39.6	cooso	z ri woe oweee a s <<cooso>> it	conso|cooo|coos|coosa|coost|corso
production-1907-09	4	50.1	transeo	vi <<transeo>> a fre ener	transco|transe|transpo
production-1907-09	4	59.5	cetoecs	oye ab obl drew oo <<cetoecs>> eats soe	vetoes
production-1907-09	4	64.1	fompson	ws <<fompson>> eae fu b ae ss	compson|tompson
production-1907-09	4	65.2	thompen	our te <<thompen>> vole top ab i mebariney z	thompsen|thomsen
production-1907-09	4	71.1	puriin	b <<puriin>> wo wenn eens	purin|purlin
production-1907-09	5	8.1	wrtte	spat <<wrtte>>	wette|witte|write|writte|wrote|wtte
production-1907-09	5	14.5	ofpincer	bbl a b gillis sn <<ofpincer>> gas j a b culien fel	officer
production-1907-09	5	14.10	culien	gillis sn ofpincer gas j a b <<culien>> fel	clien|culin|cullen|culmen|julien
production-1907-09	5	17.7	weeene	a b grittiths aes g b cutie <<weeene>> eens	weeee|weeeee
production-1907-09	5	22.5	neeoee	sed bb wal willis ene <<neeoee>> ie a b play elle ths	needed
production-1907-09	5	23.7	plavelle	bb gl bteison we h a b <<plavelle>>	flavelle|lavelle
production-1907-09	5	27.9	blavelle	pet ced tid tid tilt wi alb <<blavelle>> ll oo hi	flavelle|lavelle
production-1907-09	5	28.9	dattan	b smm willig j tus abd ls <<dattan>> ttt isn	attan|cattan|dastan|data|dathan|datta
production-1907-09	5	29.1	curowright	se <<curowright>> a gee a a ae dla ans	cartwright
production-1907-09	5	30.8	tnilliard	hurd en od git ae awb lr <<tnilliard>>	billiard
production-1907-09	5	41.9	holuhan	transue weeny i gin a bi mr <<holuhan>> ruy	holahan|holohan
production-1907-09	5	44.8	backott	albe wir transue b al be ua <<backott>> al	backout
production-1907-09	5	46.3	cransue	a b orp <<cransue>> tor arl a be johnson of suc	transue
production-1907-09	5	61.8	flavelie	a b hinkle i i a b <<flavelie>>	flavelle
production-1907-09	5	70.7	drewens	s b toes holohan tb ae be <<drewens>> verses soc b	drewes
production-1907-09	5	71.2	camninettd	aap ost <<camninettd>> m ar drew s	caminetti
production-1907-09	6	12.1	gibbona	is <<gibbona>> soo ae bro alb greer at	gibbon|gibbons
production-1907-09	6	14.1	sibbons	bh <<sibbons>> a bb	bibbons|gibbons|ribbons|sibbens
production-1907-09	6	16.1	gipbons	alb <<gipbons>> rs a wh pearl	gibbons
production-1907-09	6	24.5	barekett	eae ia guten woe ove <<barekett>> cl ce	barkett
production-1907-09	6	25.5	bicketto	a romertte ene ad ae <<bicketto>> a ag	bickett
production-1907-09	6	28.3	ymow	a ee ie <<ymow>> s sooo wi sach the wenn	kmow|mow|yeow|yow
production-1907-09	6	30.3	seoese	s os loft <<seoese>> cece i bod a me dg i	seese|semese|senese
production-1907-09	6	31.1	ropn	ete <<ropn>> serrate ol worl a b d bw	opn|roan|roen|rohn|ron|ronn
production-1907-09	6	32.2	poynion	b eae <<poynion>> sects bs bue b it ale	poynton
production-1907-09	6	39.4	atner	bb mccartney a ue <<atner>> er	abner|ainer|aner|anner|anter|arner
production-1907-09	6	40.1	ppetto	mee <<ppetto>> a j ol b miller ee i	petto|petty|pretto
production-1907-09	6	42.2	lanvit	m b <<lanvit>> slo wee seen ected if b b	langit|lanvin
production-1907-09	6	42.11	artinelli	wee seen ected if b b um <<artinelli>>	martinelli
production-1907-09	6	48.4	teavin	a é w lr <<teavin>> correct poe bu a b ar wheela	heavin|leavin|tearin|teasin|telvin|tevin
production-1907-09	6	48.11	wheela	teavin correct poe bu a b ar <<wheela>> i	sheela|wheel|wheelan|wheels|wheely|wheelz
production-1907-09	6	50.9	welkbr	g merc ae sia hs ob pe <<welkbr>> a ne	welker
production-1907-09	6	52.6	bamoit	b ies thompson ey is mi <<bamoit>> ss	bait
production-1907-09	6	56.12	sitien	rise nd ref et g be he <<sitien>> ooo oo is	setien|simien|sitient|sitten|stien|titien
production-1907-09	6	60.2	bunford	a ge <<bunford>> an a b er rtetyon ttlilt wit	benford|binford|bufford|buford|bulford|burford
production-1907-09	6	64.2	etgon	b p <<etgon>> ce be eo	egon|elgon|ergon|eton|etron
production-1907-09	7	12.2	lewdy	gol ab <<lewdy>> tit we s alb h rew beoctecceceeon	lawdy|leady|leddy|leedy|leidy|lewd
production-1907-09	7	18.4	sslee	for acb lod ken <<sslee>> les alb od wheolan wt	salee|slee
production-1907-09	7	18.8	wheolan	acb lod ken sslee les alb od <<wheolan>> wt	wheelan|whelan
production-1907-09	7	19.4	onufs	ton acb yas john <<onufs>> diego g alb greer	oeufs|onus
production-1907-09	7	40.3	wikeon	a alb lael <<wikeon>> os be bar stetson	wigeon|wikeno
production-1907-09	7	44.1	stebon	hi <<stebon>> f ab jwhowlan	stefon
production-1907-09	8	12.5	runsie	j r wolfe i rb <<runsie>>	runcie|runs|russie
production-1907-09	8	17.1	rrppe	acg <<rrppe>> ooooo aa a wil ooo	rappe|rippe|ruppe
production-1907-09	8	21.6	meclellan	j r olis a j r <<meclellan>>	maclellan|mcclellan|mclellan
production-1907-09	8	23.7	sraia	ze is and eerie ras ww ls <<sraia>> oo fed rel se	praia|raia|saia|saria|staia
production-1907-09	8	25.3	leavites	r willis g <<leavites>> n c	levites
production-1907-09	8	27.3	bornert	a curtin r <<bornert>> b e	bernert|bohnert|borner
production-1907-09	10	7.0	xame	<<xame>> ofmvial position residence	aame|ame|bame|came|dame|fame
production-1907-09	10	12.3	tuttd	w rr williams <<tuttd>> wrousuret oo co oes voll sey seeseececedesces	tutt|tutta|tutte|tutted|tutti|tutto
production-1907-09	10	13.13	wquiney	eee eee ee yee ne eee wee <<wquiney>>	quiney
production-1907-09	10	14.2	weenee	w ringasbury <<weenee>> surveyor general ctidtiiiett iiiiiie tos angeles	weeee|weeeee|weegee|weened|weener|weenie
production-1907-09	10	15.0	rdward	<<rdward>> byatt superintendent of public instruction riverside	dward|edward|redward|reward
production-1907-09	10	28.12	redddin	eee eee ee eee eee eee oe <<redddin>>	reddin|redding
production-1907-09	11	7.8	wuue	a melvin associate justice wan renee knee <<wuue>> e oakland	wsue|wube|wude|wune|wuse|wuyue
production-1907-09	12	1.0	wannew	<<wannew>> r porter of watsonville president	wanne|wanner
production-1907-09	12	2.2	wovrs	evwakp j <<wovrs>> of sun francisco president pro tem	wors
production-1907-09	12	14.5	duekson	caminetti a democrat tenth yee <<duekson>>	duerson
production-1907-09	12	21.3	deand	hare john p <<deand>> u l twenty third j h folsom	dand|dead|dean|deana|deanda|deane
production-1907-09	12	23.4	twonly	holohan james b democrat <<twonly>> ninth watsonville	townly|twinly
production-1907-09	12	39.12	alambra	fifth w eon napeene eee e ee <<alambra>>	alhambra|anambra
production-1907-09	12	45.4	vortieth	wright leroy a republican <<vortieth>> b street san diego	fortieth
production-1907-09	12	49.2	przing	gzonce m <<przing>> of san francisco speaker pro tem	pring|prizing|prying
production-1907-09	12	50.1	luorp	cito <<luorp>> of banta barbara chief clerk	lump
production-1907-09	12	53.0	nanie	<<nanie>> party postoffice address	anie|annie|banie|canie|danie|fanie
production-1907-09	12	57.0	beardslec	<<beardslec>> k l republican iit stockton	beardslee|beardsley
production-1907-09	12	58.0	boatty	<<boatty>> henry n r ull a fourteenth street	batty|beatty|blatty|boatly|boaty|botty
production-1907-09	12	60.9	strvot	j d i i u l heron <<strvot>> san francisco	stroot
production-1907-09	12	61.4	pocct	bohnett l d republican <<pocct>> cro cneecotoceetg san jose	poct
production-1907-09	12	64.0	onttell	<<onttell>> h g republican ce eececee pasudene	outtell
production-1907-09	12	64.6	pasudene	onttell h g republican ce eececee <<pasudene>>	pasadena
production-1907-09	13	3.3	neisco	tt tes se <<neisco>>	eisco|nesco|teisco
production-1907-09	13	6.0	mreeont	<<mreeont>> republican oo rr pow al pve uc	fremont
production-1907-09	13	10.0	ongnin	<<ongnin>> voie ro repabligan i i	ongoing
production-1907-09	13	12.3	hepublian	i x ams <<hepublian>> tk e ninth street oakland	republican
production-1907-09	13	18.5	octat	giang ose povo ood be <<octat>> sei tan park	octa|octad|octal|octan|octant|octet
production-1907-09	13	25.5	socor	here arians al republican i <<socor>> coriaeed	rocor|scor|secor|sobor|socar|soco
production-1907-09	13	37.0	henanuy	<<henanuy>> john a republican jeceee ce eee ee	tenancy
production-1907-09	13	37.4	jeceee	henanuy john a republican <<jeceee>> ce eee ee ee copperopolis	decree
production-1907-09	13	40.2	epubliean	cee eee <<epubliean>> ido twentycdina ave mee	republican
production-1907-09	13	48.7	aiisier	isley a vo cree fe i tot <<aiisier>> a	alisier
production-1907-09	13	51.2	cpublican	rech a <<cpublican>> nee to venture	publican
production-1907-09	13	59.0	gransne	<<gransne>> db toy rubublican ra aac seat ece	grantee
production-1907-09	13	59.3	rubublican	gransne db toy <<rubublican>> ra aac seat ece tanto	republican
production-1907-09	13	60.4	pemourat	woesues charles w coc <<pemourat>> oe oe faba ae	democrat
production-1907-09	13	61.0	hineyy	<<hineyy>> wi democrat as sssi ga wry	hiney|ninety
production-1907-09	13	62.0	epiney	<<epiney>> wb we ot republican pa cl seaeeyninal	epinay|piney
production-1907-09	13	64.0	wrilie	<<wrilie>> g w votre gepuplionn gaia	while|whilie
production-1907-09	14	7.4	saeeaa	charles bundy reece washington <<saeeaa>> wanaemeaee december	saeeda
production-1907-09	14	10.0	nnols	<<nnols>>	nnos|nols
production-1907-09	14	30.0	fulwin	<<fulwin>> p corey new york cily october u	fulin
production-1907-09	14	31.0	bunmel	<<bunmel>> b goodale new york city january	bunuel|bunzel
production-1907-09	14	41.2	tsmt	al p <<tsmt>> ee eee eee portland eee le angus	bsmt|csmt|smt|stmt|tmt|tsat
production-1907-09	14	47.1	pairman	francis <<pairman>> pitpsburg e e march	airman|fairman|lairman|parman
production-1907-09	14	47.2	pitpsburg	francis pairman <<pitpsburg>> e e march	pittsburg
production-1907-09	14	50.0	thonws	<<thonws>> j hunt philadelphia november	thongs|thons
production-1907-09	15	5.0	olurk	<<olurk>> burdick newport november l	lurk|plurk
production-1907-09	15	11.0	vdney	<<vdney>> h peddar london england february	edney|vaney|veney|viney
production-1907-09	15	13.4	irelanil	lucas d gry pallabay <<irelanil>> ee september	ireland
production-1907-09	15	14.4	dowru	robert w hamilton eas <<dowru>> reland november	doru|dowry
production-1907-09	15	31.0	hawall	<<hawall>>	hawala
production-1907-09	16	23.10	unicss	persons shall be bailable by sufficient sureties <<unicss>> for capital	unics
production-1907-09	16	32.4	monneor	parties signified in such <<monneor>> ns moy be prescribed by law in	monner
production-1907-09	18	30.8	cuact	the legislature shall have the power to <<cuact>> ins relative to the	coact
production-1907-09	18	56.1	adonicd	amendment <<adonicd>> november	adoniad|adonic
production-1907-09	20	23.3	ycnos	spare and the <<ycnos>> and nays of the members of either	yunos
production-1907-09	21	9.4	mauuer	reconsidered in the same <<mauuer>> as bills which have been disapproved by	mauer|mauger|mauler|maurer|mauser
production-1907-09	22	18.8	nurember	is elected or appointed new sections adopted <<nurember>>	nuremberg
production-1907-09	23	19.1	udupled	amendment <<udupled>> november	coupled
production-1907-09	24	57.0	adovied	<<adovied>> nmocember	adopted
production-1907-09	24	57.1	nmocember	adovied <<nmocember>>	november
production-1907-09	27	49.0	cnsex	<<cnsex>> matters and proveedingx pending before a district	unsex
production-1907-09	27	56.5	himacl	wake such writs returnable before <<himacl>> or the supreme court or before any	himal
production-1907-09	30	54.2	woless	this section <<woless>> the cause thereof be entered on tho	doless
production-1907-09	30	58.0	norender	<<norender>>	narender|render
production-1907-09	31	23.13	doposi	judges of the superior courts to take <<doposi>>	deposit
production-1907-09	31	46.0	nonual	<<nonual>> salary of eight thousand dollars and the	nondual|nounal
production-1907-09	32	44.0	miditla	<<miditla>>	militia
production-1907-09	34	8.13	innds	derived from the sale of the public <<innds>>	inds|innes|innis|inns|ninds
production-1907-09	34	54.0	cighty	<<cighty>> fire having its school buildings located in	eighty|fighty|lighty|mighty|nighty|righty
production-1907-09	35	23.1	yneancies	and <<yneancies>> occurring shall be filled in like manner	tenancies
production-1907-09	37	42.7	bonrds	which shall constitute any one of ruch <<bonrds>>	boards|bonds|bords
production-1907-09	38	24.12	mecw	the united states designated iu said bonds <<mecw>>	ecw|mcw|mec|meca|mecc|mech
production-1907-09	39	42.0	curpobations	<<curpobations>>	corporations
production-1907-09	41	32.12	tonnuge	and transport each the other s passcngers <<tonnuge>>	tonnage
production-1907-09	41	42.15	mombor	any such pass or ticket by a <<mombor>>	mombo
production-1907-09	42	36.1	rutos	excessive <<rutos>> the plaintiff in addition to the actual	autos|frutos|mutos|putos|rtos|ruths
production-1907-09	43	35.14	sectionized	in small tracts of all lands not <<sectionized>>	sectionize
production-1907-09	44	1.3	tnxer	ment of all <<tnxer>> on real property by installments	taxer
production-1907-09	44	53.2	pluating	time of <<pluating>> in orchard form and grapevines under the	plating|pleating
production-1907-09	45	1.3	kigiits	water and water <<kigiits>>	digits
production-1907-09	45	5.0	seriled	<<seriled>> by jaw provided that the rates or	periled|serifed
production-1907-09	47	5.5	amicted	paupers mendicnnts criminals or invalids <<amicted>> with contagious or infectious	amiced
production-1907-09	49	6.7	intitude	intersects the thirty ninth degree of north <<intitude>> thence running in a straight line	institute|intitule
production-1907-09	49	29.5	wiless	july eighteen hundred and eighty <<wiless>> sooner altered or repealed by the legislature	wiess|wigless|wiles|winless|witess|witless
production-1907-09	49	35.5	cuusey	all writs prosecutions actions and <<cuusey>> of action except ns herein otherwise	causey
production-1907-09	50	18.6	equnt	booky corms of return nnd un <<equnt>> number of the aforesaid ballots which number	equant
production-1907-09	51	11.1	kpwin	latest <<kpwin>> fp smith secretary	kawin|kwin
production-1907-09	51	14.0	clitus	<<clitus>> barbour j b w witchoock chas f	cleitus|cletus|clites|clits|clivus|coitus
production-1907-09	51	22.0	josepii	<<josepii>> co brown daniel inman j schomp	joseph
production-1907-09	51	23.7	rubpus	sam l b burt george a jolidnson <<rubpus>> siiommaker	rubeus|rubus|rumpus
production-1907-09	51	43.3	jomun	bimonw j farrell <<jomun>> mccoy a pb vacquerel	comun|jamun|jomon|jotun
production-1907-09	51	45.2	pretd	jacob hk <<pretd>> jiiram milis wm van voorieibs	pred|prend|pret|preta|prete|preti
production-1907-09	51	45.3	jiiram	jacob hk pretd <<jiiram>> milis wm van voorieibs	hiram|jairam
production-1907-09	51	55.3	gfrorge	joel a itarvey <<gfrorge>> oaleyver h c wilson	george
production-1907-09	52	0.0	paffed	<<paffed>> at	faffed|gaffed|puffed
production-1907-09	54	0.0	tlurty	<<tlurty>> eigiitiu session dy	thirty|tlusty
production-1907-09	60	29.8	penieney	the sum of thirty three thousand dollars <<penieney>>	pendency
production-1907-09	60	41.0	shme	<<shme>>	hme|ihme|sahme|same|seme|shae
production-1907-09	62	29.10	froin	additional judges of the superior court in <<froin>>	broin|foin|frain|frein|frin|froid
production-1907-09	63	21.0	leoil	<<leoil>> port supervisors of the county in which	leil|reoil
production-1907-09	66	0.0	mprovenient	<<mprovenient>> of the navigation of the sacramento san	provenient
production-1907-09	67	42.0	powersof	<<powersof>> preserving drying packing shipping or marketing of	powers
production-1907-09	68	19.11	transiero	rights or interest therein nor shal a <<transiero>>	transaero
production-1907-09	69	31.0	vership	<<vership>> ship of any member in the association	hership
production-1907-09	70	7.11	oppotn	and officers as its business may tu <<oppotn>>	oppose
production-1907-09	70	20.10	coiip	of the total votes uf all members <<coiip>> other cur	coin
production-1907-09	70	47.0	tofore	<<tofore>> incorporated under the laws of this state	before
production-1907-09	71	6.0	ainend	<<ainend>> tion or against the members or the	anend
production-1907-09	74	30.0	cilapter	<<cilapter>>	chapter
production-1907-09	74	38.9	mulluny	the meaning of this code are every <<mulluny>>	mullany|mullen
production-1907-09	75	5.0	imowing	<<imowing>> gay of january the twenty second day	mowing
production-1907-09	76	28.0	ctiapter	<<ctiapter>>	chapter
production-1907-09	77	9.0	publicee	<<publicee>> ing thereof in some newspaper published in	publicae|publice
production-1907-09	77	44.1	etnen	be <<etnen>> section after the approval of the petition	einen|enen|ennen|enten|eten|etnean
production-1907-09	78	17.7	cmbank	way including drains canals sloughs water yates <<cmbank>>	embank|mbank
production-1907-09	78	25.6	juands	required for the drainage of the <<juands>> embraced in the district	juanda|juande|juanes|juans
production-1907-09	79	16.0	fesewed	<<fesewed>> supervisors must make a list of the	renewed|resewed
production-1907-09	79	26.0	tionef	<<tionef>> such list cause a notice to be	tione
production-1907-09	81	1.7	deerce	collection of delinquent assessments the court may <<deerce>>	deere
production-1907-09	81	23.0	prvedure	<<prvedure>> drain the same and to manage such	procedure
production-1907-09	83	21.0	abbuss	<<abbuss>> owner of land in the district may	abbass|abbess|abuse
production-1907-09	83	22.0	naype	<<naype>> ments thereon or any part thereof with	nape|nappe|natpe|naye
production-1907-09	84	1.0	ciiapter	<<ciiapter>>	chapter
production-1907-09	86	35.0	jotendent	<<jotendent>> in accordance with this section shall be	tendent
production-1907-09	87	1.0	ciiapter	<<ciiapter>>	chapter
production-1907-09	87	8.0	srerion	<<srerion>> section nine of an act entitled an	region
production-1907-09	88	1.0	ciiapter	<<ciiapter>>	chapter
production-1907-09	89	10.0	burent	<<burent>> stale treasury not otherwise appropriated to pay	barent|berent|brent|bulent|buren|buret
production-1907-09	90	18.0	ciiapter	<<ciiapter>>	chapter
production-1907-09	91	1.0	ciiapter	<<ciiapter>>	chapter
production-1907-09	91	30.0	bercd	<<bercd>> relating to the levy and collection of	berch|berck|bercy|berd|bernd
production-1907-09	93	32.0	poualties	<<poualties>> follows to wit ten per cent if	penalties
production-1907-09	94	37.8	fectorie	in any factory workshop or other establishment <<fectorie>>	factories
production-1907-09	96	14.11	ohacs	the first day of january one thousand <<ohacs>>	hacs|mohacs|ohaus
production-1907-09	97	20.0	praual	<<praual>> bonds and in any year in which	prabal|pratal
production-1907-09	98	45.11	salery	city own or county every city justice <<salery>>	galery|salary|saler|salers|salesy|saley
production-1907-09	99	22.0	citapter	<<citapter>>	chapter
production-1907-09	100	1.0	cilapter	<<cilapter>>	chapter
production-1907-09	100	17.0	cilapter	<<cilapter>>	chapter
production-1907-09	101	20.0	lymphs	<<lymphs>>	lymph|lymphy|nymphs
production-1907-09	102	18.0	ferated	<<ferated>> mislabeled or misbranded foods and liquors and	aerated|berated|cerated|derated|ferrated|gerated
production-1907-09	104	1.0	ciiapter	<<ciiapter>>	chapter
production-1907-09	105	7.5	scabics	to eradicate said disease of <<scabics>> by dipping said sheep one	scabies
production-1907-09	106	1.0	cilapter	<<cilapter>>	chapter
production-1907-09	106	19.13	miytel	in such a manner as may infest <<miytel>>	mintel|mitel|mittel
production-1907-09	106	32.10	fipret	boophilus annulatus tick are to he moved <<fipret>>	fikret
production-1907-09	107	14.0	siule	<<siule>> ver section if upon such second examination	saule|seule|shule|siale|sible|sicle
production-1907-09	111	14.0	sontheru	<<sontheru>> southern california state hospital near the city	southern
production-1907-09	111	35.0	tendents	<<tendents>> chief executive officer in his absence or	pendents|tendent|tenents|tennents
production-1907-09	113	16.0	testriv	<<testriv>> be made by the board of managers	testril
production-1907-09	113	25.0	ifacture	<<ifacture>> supplies and materials necessary or required to	facture
production-1907-09	113	51.0	tintates	<<tintates>> county may grant certificates in accordance with	inmates
production-1907-09	117	0.0	certilieate	<<certilieate>> place irom which he came to this	certificate
production-1907-09	117	2.0	fermoly	<<fermoly>> ll oe religious belief	fermoy|firmly
production-1907-09	117	13.0	haveany	<<haveany>> relatives been eccentric or peculiar in any	haven
production-1907-09	118	0.9	certifcat	or suicidal if either homicide or suicide <<certifcat>>	certificat|certificate
production-1907-09	118	39.7	judyme	the judge after such examination and certificate <<judyme>>	judge
production-1907-09	121	30.7	etatoment	order fixing time for hearing and examination <<etatoment>>	statement
production-1907-09	121	37.1	nneene	ween <<nneene>> y	greene
production-1907-09	123	21.0	wonthiy	<<wonthiy>> ance of all insane patients at state	monthly
production-1907-09	124	22.9	fromone	patients or inmates or the number of <<fromone>>	frozone|promote
production-1907-09	125	41.0	patlen	<<patlen>> chapter six title ten part two of	paglen|pahlen|palen|paten|patien|patten
production-1907-09	126	13.10	certitica	is discharged as recovered from a state <<certitica>>	certifica
production-1907-09	127	24.5	besane	order adjudge such person to <<besane>> said order shall be filed	beane|besagne|besame|besan|besant
production-1907-09	127	51.0	perere	<<perere>> petitioner may be tried before a jury	perdere|perdre|pereire|perera|perre
production-1907-09	128	26.7	ininded	be admitted into the home for feeble <<ininded>> he may petition sdmissio	intended
production-1907-09	128	26.11	sdmissio	home for feeble ininded he may petition <<sdmissio>>	admission
production-1907-09	130	0.0	trurty	<<trurty>> ejootii session a	trusty
production-1907-09	130	1.0	citapter	<<citapter>>	chapter
production-1907-09	131	35.8	cominon	section an act entitled an act concerning <<cominon>>	comicon|comino
production-1907-09	132	0.1	fightic	thirty <<fightic>> session od	fightin
production-1907-09	132	22.9	aporopri	the use of said state agricultural society <<aporopri>>	appropri
production-1907-09	134	1.0	cilapter	<<cilapter>>	chapter
production-1907-09	135	29.0	qulce	<<qulce>> title to wil situate in the vity	dulce|rule
production-1907-09	135	31.0	pieslon	<<pieslon>> line of ordinary high tide of san	preston
production-1907-09	135	32.0	mameda	<<mameda>> which point is six chains and seventy	ameda|kameda|maceda|maeda|makeda|mamed
production-1907-09	136	13.10	moneva	suits to quiet title shall be commenced <<moneva>>	moneda|monera|moneta|monev|soneva
production-1907-09	137	28.8	cuteye	fork of the yuba river known as <<cuteye>> foster s bar	cateye|cute|cutey|cuteys|outeye
production-1907-09	137	31.4	downicville	of beginning county scat <<downicville>>	downieville
production-1907-09	137	49.11	munetion	river to a point south of the <<munetion>>	munition
production-1907-09	140	30.9	mugl	subject to the supervision of the superintendent <<mugl>> not	fugl|mgl|muel|mug|muga|mugg
production-1907-09	140	39.5	billheads	of or circulate any letterheads <<billheads>> blank notes blank	billhead|bullheads
production-1907-09	141	2.0	adyerts	<<adyerts>> sec no bank or any officer thereof	adverts
production-1907-09	141	10.0	bepositors	<<bepositors>> sec the president or managing officer of	depositors
production-1907-09	142	29.9	sivle	and creditors thereof and for their ecc <<sivle>>	siale|sible|sicle|sidle|sigle|sile
production-1907-09	142	42.7	vactuer	sec every copartnership doing a banking business <<vactuer>>	facture
production-1907-09	143	42.1	teser	surplus <<teser>> ve fund shall be restored in manner	deser|eser|feser|geser|leser|neser
production-1907-09	144	27.8	jupart	every bank shall maintain for each department <<jupart>>	dupart|jumart
production-1907-09	144	45.10	bekept	of account for each department of its <<bekept>>	bewept|kept
production-1907-09	145	19.0	nowstock	<<nowstock>> sec every corporation heretofore created under the	nonstock
production-1907-09	147	1.12	pubhe	purchase be suld or disposed of at <<pubhe>>	dubhe|pube|puhe
production-1907-09	147	6.0	tongon	<<tongon>> stockholder of any bank shall directly or	dongon|tongan|tongo|tonjon|tonon|tonson
production-1907-09	147	24.0	sharesof	<<sharesof>> se no bank shall purchase or invest	shares
production-1907-09	149	3.0	vxamina	<<vxamina>> deposits of banks organized and conducting business	examine
production-1907-09	150	16.1	varricd	is <<varricd>> on such lot and building shall not	varric|varrick
production-1907-09	151	44.0	pxeced	<<pxeced>> sixty per centum of the market value	pieced
production-1907-09	151	46.0	restrie	<<restrie>> no savings bank shall purchase the bonds	estrie|restric|restrike|restrip|restrive
production-1907-09	153	29.0	loaneon	<<loaneon>> centum of its assets on any one	loaned
production-1907-09	153	47.0	ivanson	<<ivanson>> teal estate except it be a first	evanson|ianson|vanson
production-1907-09	154	47.10	cerites	shall be made by any commercial bank <<cerites>>	cerates|cerite|certes|crites|nerites
production-1907-09	156	49.7	froin	such deposits shall relieve the public administrator <<froin>> depositing	broin|foin|frain|frein|frin|froid
production-1907-09	157	5.0	erxite	<<erxite>> jurisdiction of any estate in process of	errite|exite
production-1907-09	157	24.0	kesponsl	<<kesponsl>> sec such trust company shall not be	response
production-1907-09	159	16.0	jidential	<<jidential>> es	bidential|identical
production-1907-09	160	0.7	nmless	cute any trust mentioned jn this aet <<nmless>> it shall have	nless
production-1907-09	161	36.0	vreated	<<vreated>> expenses incurred in and about the conduct	created|greated|treated
production-1907-09	161	47.0	cpositea	<<cpositea>> danks under and by virtue of the	posited
production-1907-09	162	50.9	banle	the insolvency or unsafe condition of anv <<banle>>	baale|bable|baile|bale|balle|bance
production-1907-09	163	35.0	certivate	<<certivate>> yoqnired by this act the superintendent of	cultivate
production-1907-09	165	5.0	alatements	<<alatements>> superintendent of banks every bank shall also	abatements
production-1907-09	165	12.0	bhull	<<bhull>> total amount of loans the total amount	ahull|bhul|bhula|brull|bull|chull
production-1907-09	165	33.0	muuner	<<muuner>> jaw binding upon it he must by	manner
production-1907-09	165	40.6	ecanse	order require such bank to show <<ecanse>> before the superintend	ecause
production-1907-09	167	47.0	wottide	<<wottide>> counsel and other officers and assistants and	ottice
production-1907-09	168	0.9	pposit	collected by the superintendent of banks shall <<pposit>> ot	opposit|posit|prosit
production-1907-09	168	23.7	epoms	may make proper provisions for unclaimed deposits <<epoms>>	epos|eproms|poms
production-1907-09	168	26.11	iptendent	it may at any time within ten <<iptendent>>	intendent
production-1907-09	169	20.0	escheatof	<<escheatof>> it is hereby made the duty of	escheator
production-1907-09	172	2.8	oonicial	every official report made by the superintendent <<oonicial>>	official
production-1907-09	173	1.0	cttapter	<<cttapter>>	chapter
production-1907-09	173	40.0	swtelands	<<swtelands>> when stale hands upon which the full	wetlands
production-1907-09	174	3.0	foriner	<<foriner>> possessors or owners their heirs or assigns	forkner|forner|fortner
production-1907-09	174	8.10	tuyments	referred to or afterwards and before appli <<tuyments>>	payments
production-1907-09	174	20.10	soneys	shall he distributed in the manner prescribed <<soneys>>	coneys|honeys|moneys|oneys|poneys|sobeys
production-1907-09	174	26.10	assizus	former owner or possessor his heirs or <<assizus>> cersiticar	assizes
production-1907-09	176	17.9	mvertive	shall file with the governing or legislative <<mvertive>>	overtime
production-1907-09	177	33.0	vwoner	<<vwoner>> and officers of all districts and other	voner
production-1907-09	177	39.0	seeounts	<<seeounts>> for inspection	recounts
production-1907-09	178	7.0	cinet	<<cinet>> changed within ninety days prior to any	binet|canet|cient|cinct|cine|cinel
production-1907-09	180	3.9	reconnts	all officers having the care management collection <<reconnts>>	recounts
production-1907-09	180	41.3	equallze	to equalize assessments <<equallze>>	equalize
production-1907-09	180	43.14	prococute	party and by a two thirds vote <<prococute>>	prosecute
