vol	flagged	garbage	roman	recoverable	garbage_pct
production-1993-vol1	6069	3980	20	2069	65.6
production-1996-vol1	5379	3017	11	2351	56.1
production-1999-vol1	4604	2490	6	2108	54.1
production-1991-vol1	3548	2485	0	1063	70.0
production-1995-vol1	4171	2334	8	1829	56.0
production-1994-vol1	4196	2251	9	1936	53.6
production-1992-vol2	3149	1944	0	1205	61.7
production-1873-74-code	5928	1707	1	4220	28.8
production-1865-66	8348	1526	274	6548	18.3
production-1981-vol1-chapters	2272	1435	1	836	63.2
production-1998-vol1	3021	1424	14	1583	47.1
production-1992-vol4	7647	1421	0	6226	18.6
production-1998-vol2	2213	1399	0	814	63.2
production-1977-vol1-chapters	2657	1369	2	1286	51.5
production-1978-vol1-chapters	2586	1359	0	1227	52.6
production-1980-vol1-chapters	2155	1341	1	813	62.2
production-1869-70	17501	1340	276	15885	7.7
production-1863	15099	1302	144	13653	8.6
production-1863-64	4973	1276	193	3504	25.7
production-1989-vol1-chapters	2784	1242	2	1540	44.6
production-1986-vol1-chapters	2800	1236	1	1563	44.1
production-1997-vol2	1926	1209	2	715	62.8
production-1990-vol2	2355	1206	2	1147	51.2
production-1867-68	5819	1190	307	4322	20.5
production-1862	13626	1178	136	12312	8.6
production-1873-74	7192	1162	299	5731	16.2
production-1988-vol1-chapters	2229	1149	0	1080	51.5
production-1984-vol1-chapters	2426	1140	1	1285	47.0
production-1871-72	5678	1135	279	4264	20.0
production-1987-vol1-chapters	2521	1122	1	1398	44.5
production-1985-vol1-chapters	2746	1114	1	1631	40.6
production-1975-vol1-chapters	2175	1040	2	1133	47.8
production-1976-vol1-chapters	1957	1038	1	918	53.0
production-1973-vol1-chapters	1774	966	1	807	54.5
production-1972-vol1-chapters	2119	943	4	1172	44.5
production-1983-vol1-chapters	1859	911	0	948	49.0
production-1991-vol2	1589	911	0	678	57.3
production-1974-vol1-chapters	1925	862	0	1063	44.8
production-1982-vol1-chapters	3472	836	1	2635	24.1
production-1980-vol3	1716	741	1	974	43.2
production-1997-vol1	1854	594	22	1238	32.0
production-1988-vol2	1732	592	3	1137	34.2
production-1979-vol1-chapters	1394	479	0	915	34.4
production-1910-11	18457	470	19	17968	2.5
production-1978-vol2	1145	440	2	703	38.4
production-1986-vol2	1281	438	0	843	34.2
production-1977-vol2	3053	415	2	2636	13.6
production-1974-vol2-chapters	946	401	2	543	42.4
production-1979-vol2	985	393	2	590	39.9
production-1984-vol2	1402	387	0	1015	27.6
production-1976-vol3	1091	384	1	706	35.2
production-1913-statutes	12508	377	8	12123	3.0
production-1992-vol3	1046	368	0	678	35.2
production-1983-vol2	1023	366	0	657	35.8
production-1982-vol3	1749	362	1	1386	20.7
production-1861	4432	359	202	3871	8.1
production-1921-vol1-chapters	15721	337	19	15365	2.1
production-1989-vol3	1210	334	1	875	27.6
production-1923-vol1-chapters	13905	298	10	13597	2.1
production-1992-vol1-statutes	780	292	0	488	37.4
production-1980-vol2	952	284	0	668	29.8
production-1915-vol1-chapters	15630	282	9	15339	1.8
production-1993-vol3	620	276	0	344	44.5
production-1907-09	9746	251	19	9476	2.6
production-1917-vol1-chapters	10729	244	12	10473	2.3
production-1933-vol1-chapters	16345	244	13	16088	1.5
production-1994-vol4	695	242	0	453	34.8
production-1981-vol2	710	219	0	491	30.8
production-1941-vol1-41chapters	11637	215	5	11417	1.8
production-1919-vol1-chapters	10057	213	11	9833	2.1
production-1939-vol1-chapters	11332	208	4	11120	1.8
production-1986-vol3	716	206	0	510	28.8
production-1945-vol1-chapters	14743	197	13	14533	1.3
production-1987-vol3	855	193	2	660	22.6
production-1943-vol1-chapters	13002	191	7	12804	1.5
production-1985-vol3	832	191	0	641	23.0
production-1969-vol2-chapters	2571	190	1	2380	7.4
production-1935-vol1-chapters	12452	181	8	12263	1.5
production-1975-vol2-chapters	907	181	0	726	20.0
production-1949-vol1-chapters	14539	180	11	14348	1.2
production-1877-78	5767	178	372	5217	3.1
production-1973-vol2-chapters	611	174	0	437	28.5
production-1994-vol3	542	174	0	368	32.1
production-1993-vol2	698	167	1	530	23.9
production-1982-vol2	1098	161	0	937	14.7
production-1937-vol1-chapters	9041	158	3	8880	1.7
production-1947-vol1-chapters	12691	155	9	12527	1.2
production-1990-vol4	996	154	0	842	15.5
production-1972-vol2-chapters	536	147	0	389	27.4
production-1994-vol2	727	147	0	580	20.2
production-1951-vol1-chapters	8716	133	2	8581	1.5
production-1929-vol1-29chapters	8151	132	3	8016	1.6
production-1978-vol3	542	128	1	413	23.6
production-1931-vol1-chapters	9376	125	8	9243	1.3
production-1875-76	4300	124	322	3854	2.9
production-1982-vol5	530	122	0	408	23.0
production-1991-vol3	567	122	0	445	21.5
production-1957-vol1-57chapters	5296	115	2	5179	2.2
production-1983-vol3	806	115	1	690	14.3
production-1961-vol1-61chapters	7873	113	4	7756	1.4
production-1953-vol1-chapters	7040	110	6	6924	1.6
production-1979-vol3	676	109	1	566	16.1
production-1927-vol1-chapters	5849	105	3	5741	1.8
production-1959-vol2-chapters	5731	104	7	5620	1.8
production-1987-vol4-chapters	3516	104	1	3411	3.0
production-1981-vol3	887	102	1	784	11.5
production-1925-vol1-chapters	4615	98	6	4511	2.1
production-1951-vol2-chapters	5981	98	6	5877	1.6
production-1961-vol2-chapters	5374	98	2	5274	1.8
production-1959-vol1-59chapters	6236	97	1	6138	1.6
production-1984-vol3	845	94	0	751	11.1
production-1905	4876	90	402	4384	1.8
production-1988-vol4-chapters	4205	87	0	4118	2.1
production-1955-vol2-chapters	4708	82	1	4625	1.7
production-1990-vol3	752	82	0	670	10.9
production-1900-01	3624	80	119	3425	2.2
production-1988-vol3	661	79	0	582	12.0
production-1985-vol2	681	77	0	604	11.3
production-1993-vol4	528	76	0	452	14.4
production-1957-vol2-57chapters	5098	71	4	5023	1.4
production-1903	2701	69	214	2418	2.6
production-1953-vol2-chapters	4960	68	1	4891	1.4
production-1976-vol2	674	68	0	606	10.1
production-1906-07	4147	67	6	4074	1.6
production-1982-vol4	942	66	0	876	7.0
production-1971-vol1-chapters	4141	65	4	4072	1.6
production-1955-vol1-55chapters	3917	64	0	3853	1.6
production-1893	3619	62	106	3451	1.7
production-1989-vol2	762	62	0	700	8.1
production-1889	2477	59	115	2303	2.4
production-1969-vol1-chapters	2005	56	5	1944	2.8
production-1996-vol6	1020	55	0	965	5.4
production-1994-vol5	1031	52	0	979	5.0
production-1995-vol3	770	51	0	719	6.6
production-1983-vol4-chapters	252	50	0	202	19.8
production-1891	1938	49	127	1762	2.5
production-1897	2326	48	141	2137	2.1
production-1999-vol3	582	47	0	535	8.1
production-1996-vol4	648	46	1	601	7.1
production-1999-vol5	629	42	0	587	6.7
production-1995-vol5	837	41	0	796	4.9
production-1885-86	1606	40	40	1526	2.5
production-1899	2355	40	92	2223	1.7
production-1971-vol2	2405	40	1	2364	1.7
production-1987-vol2	924	40	0	884	4.3
production-1883-84-regular	1931	39	12	1880	2.0
production-1895	1521	38	85	1398	2.5
production-1990-vol1-chapters	443	38	0	405	8.6
production-1968-vol2-chapters	2499	36	2	2461	1.4
production-1880-code	1430	34	15	1381	2.4
production-1963-vol2-chapters	2759	33	1	2725	1.2
production-1887	1403	32	60	1311	2.3
production-1998-vol6	302	32	0	270	10.6
production-1967-vol2	2177	30	5	2142	1.4
production-1995-vol2	734	30	1	703	4.1
production-1998-vol3	443	30	1	412	6.8
production-1993-vol5	1217	29	2	1186	2.4
production-1997-vol6	285	29	1	255	10.2
production-1961-vol1-60chapters	1366	27	3	1336	2.0
production-1963-vol1-63chapters	1954	27	1	1926	1.4
production-1995-vol4	412	26	1	385	6.3
production-1880	1419	25	24	1370	1.8
production-1947-vol1-46chapters	1863	25	1	1837	1.3
production-1967-vol1-chapters	1919	24	2	1893	1.3
production-1970-vol2-chapters	1848	24	0	1824	1.3
production-1999-vol2	522	22	0	500	4.2
production-1957-vol1-56chapters	1297	21	1	1275	1.6
production-1967-vol3-chapters	1459	20	0	1439	1.4
production-1968-vol1-chapters	1293	20	1	1272	1.5
production-1875-76-code	492	19	50	423	3.9
production-1950-vol1-chapters	927	19	0	908	2.0
production-1965-vol2	1498	19	2	1477	1.3
production-1881	580	18	3	559	3.1
production-1959-vol1-58chapters	1289	17	1	1271	1.3
production-1965-vol1-65chapters	940	17	0	923	1.8
production-1970-vol1-chapters	1688	17	0	1671	1.0
production-1948-vol1-chapters	932	16	1	915	1.7
production-1953-vol1-52chapters	1599	16	0	1583	1.0
production-1965-vol1-64chapters	987	16	0	971	1.6
production-1877-78-code	488	15	67	406	3.1
production-1990-vol5-reg-session	208	14	0	194	6.7
production-1998-vol5	958	14	0	944	1.5
production-1999-vol4	559	13	4	542	2.3
production-1955-vol1-54chapters	958	12	1	945	1.3
production-1996-vol2	414	12	0	402	2.9
production-1949-vol1-49chapters-prior	619	11	0	608	1.8
production-1965-vol3-chapters	1673	11	0	1662	0.7
production-1977-vol3-chapters	152	11	0	141	7.2
production-1996-vol5	268	10	0	258	3.7
production-1963-vol1-62chapters	816	9	0	807	1.1
production-1996-vol3	417	9	0	408	2.2
production-1943-vol1-42chapters	459	7	0	452	1.5
production-1998-vol4	382	7	1	374	1.8
production-1938-vol1-chapters	495	6	0	489	1.2
production-1990-vol5-firstextra	29	6	0	23	20.7
production-1951-vol1-50chapters	336	5	0	331	1.5
production-1971-vol3-chapters	432	5	3	424	1.2
production-1997-vol5	570	5	0	565	0.9
production-1997-vol4	621	4	0	617	0.6
production-1935-vol1-34chapters	122	2	0	120	1.6
production-1997-vol3	319	2	2	315	0.6
production-1883-84	40	1	0	39	2.5
production-1927-vol1-26chapters	6	1	1	4	16.7
production-1929-vol1-28chapters	7	1	0	6	14.3
production-1966-vol1-chapters	68	0	0	68	0.0
