vol	order	resolved_chapter	source
production-1861	218	443	hand
production-1861	91	155	hand
production-1862	14	56	LVI
production-1862	142	405	CCCCV
production-1862	143	409	CCCCIX
production-1862	154	442	CCCCXLII
production-1862	20	72	LXXII
production-1862	25	83	LXXXIII
production-1862	52	148	CXLVIII
production-1862	62	168	CLXVIII
production-1862	63	169	CLXIX
production-1863	0	1	I
production-1863	110	245	vision
production-1863	189	504	vision
production-1863	28	42	XLII
production-1863	30	47	XLVII
production-1863	32	50	L
production-1863	60	104	CIV
production-1863	70	123	CXXIII
production-1863-64	216	403	vision
production-1863-64	31	52	vision
production-1865-66	107	193	handread
production-1865-66	153	303	handread
production-1865-66	30	42	handread
production-1865-66	320	641	handread
production-1867-68	130	144	vision
production-1867-68	193	225	handread
production-1867-68	2	4	vision
production-1867-68	246	294	vision
production-1867-68	278	335	vision
production-1867-68	335	425	handread
production-1867-68	356	465	handread
production-1867-68	385	517	vision
production-1867-68	40	44	vision
production-1867-68	409	545	vision
production-1867-68	68	74	vision
production-1869-70	104	142	vision
production-1869-70	106	145	handread
production-1869-70	115	154	vision
production-1869-70	129	175	vision
production-1869-70	137	193	vision
production-1869-70	140	201	handread
production-1869-70	143	205	vision
production-1869-70	186	284	handread
production-1869-70	212	335	vision
production-1869-70	233	394	handread
production-1869-70	26	35	vision
production-1869-70	263	455	handread
production-1869-70	271	495	vision
production-1869-70	316	553	vision
production-1869-70	330	572	vision
production-1869-70	332	574	handread
production-1869-70	44	58	vision
production-1869-70	82	113	vision
production-1869-70	91	127	vision
production-1871-72	113	154	CLIV
production-1871-72	114	156	CLVI
production-1871-72	115	157	CLVII
production-1871-72	145	205	CCV
production-1871-72	146	206	CCVI
production-1871-72	175	245	CCXLV
production-1871-72	200	294	CCXCIV
production-1871-72	235	345	CCCXLV
production-1871-72	247	365	CCCLXV
production-1871-72	285	442	CCCCXLII
production-1871-72	292	455	CCCCLV
production-1871-72	296	465	CCCCLXV
production-1871-72	309	504	DIV
production-1871-72	332	534	DXXXIV
production-1871-72	335	545	DXLV
production-1871-72	341	551	DLI
production-1871-72	355	575	DLXXV
production-1871-72	58	75	LXXV
production-1871-72	79	104	CIV
production-1873-74	14	24	handread
production-1873-74	141	216	vision
production-1873-74	151	234	handread
production-1873-74	164	255	vision
production-1873-74	19	35	vision
production-1873-74	206	335	vision
production-1873-74	219	354	vision
production-1873-74	221	356	handread
production-1873-74	239	406	handread
production-1873-74	252	445	handread
production-1873-74	263	465	handread
production-1873-74	269	494	vision
production-1873-74	274	503	vision
production-1873-74	294	527	vision
production-1873-74	300	535	vision
production-1873-74	318	576	handread
production-1873-74	319	577	handread
production-1873-74	32	55	vision
production-1873-74	328	602	vision
production-1873-74	335	612	vision
production-1873-74	361	657	handread
production-1873-74	58	94	vision
production-1873-74	77	115	handread
production-1873-74	93	135	handread
production-1875-76	291	507	handread
production-1875-76	337	572	vision
production-1875-76	50	67	handread
production-1875-76	79	111	handread
production-1877-78	1	3	handread
production-1877-78	41	53	vision
production-1877-78	48	62	vision
production-1880	106	123	CXXIII
production-1880	33	38	XXXVIII
production-1881	59	76	LXXVI
production-1883-84-regular	42	54	handread
production-1885-86	88	108	CVIII
production-1887	126	143	CXLIII
production-1887	157	182	CLXXXII
production-1889	132	158	CLVIII
production-1889	173	208	CCVIII
production-1889	206	258	CCLVIII
production-1889	208	261	CCLXI
production-1889	211	265	CCLXV
production-1891	170	195	vision
production-1891	176	202	handread
production-1891	55	60	vision
production-1893	31	33	XXXIII
production-1895	143	153	vision
production-1897	22	25	XXV
production-1899	102	137	handread
production-1899	107	143	handread
production-1899	109	145	vision
production-1899	169	215	handread
production-1899	36	45	vision
production-1899	50	65	vision
production-1900-01	198	241	handread
production-1900-01	229	275	handread
production-1900-01	52	65	handread
production-1903	149	173	CLXXIII
production-1903	150	175	CLXXV
production-1903	235	275	CCLXXV
production-1903	248	293	CCXCIII
production-1903	280	332	CCCXXXII
production-1903	305	367	CCCLXVII
production-1903	38	44	XLIV
production-1905	202	241	hand
production-1905	40	44	hand
production-1905	450	563	DLXIII
production-1905	458	571	hand
production-1905	465	582	DLXXXII
production-1910-11	267	514	514
production-1910-11	27	54	54
production-1910-11	29	57	57
production-1927-vol1-chapters	701	811	811
production-1935-vol1-chapters	90	105	hand
production-1941-vol1-41chapters	681	1132	hand
production-1941-vol1-41chapters	728	1206	1206
production-1943-vol1-chapters	712	1019	1019
production-1945-vol1-chapters	1040	1305	1305
production-1945-vol1-chapters	1089	1370	1370
production-1945-vol1-chapters	1095	1378	1378
production-1945-vol1-chapters	1099	1383	1383
production-1945-vol1-chapters	1110	1399	1399
production-1945-vol1-chapters	1121	1414	1414
production-1945-vol1-chapters	1135	1439	1439
production-1945-vol1-chapters	964	1195	1195
production-1947-vol1-chapters	922	1036	1036
production-1949-vol1-chapters	773	1043	1043
production-1949-vol1-chapters	926	1236	1236
production-1951-vol1-chapters	453	611	611
production-1951-vol2-chapters	10	1035	1035
production-1951-vol2-chapters	11	1037	1037
production-1951-vol2-chapters	201	1263	1263
production-1951-vol2-chapters	252	1328	1328
production-1953-vol2-chapters	640	1773	1773
production-1955-vol1-55chapters	791	1037	1037
production-1955-vol2-chapters	537	1853	1853
production-1957-vol1-57chapters	846	1134	1134
production-1957-vol1-57chapters	974	1302	1302
production-1957-vol2-57chapters	695	2153	2153
production-1957-vol2-57chapters	880	2351	2351
production-1957-vol2-57chapters	897	2371	2371
production-1959-vol1-59chapters	359	416	416
production-1959-vol2-chapters	273	1342	1342
production-1959-vol2-chapters	299	1374	1374
production-1959-vol2-chapters	353	1436	1436
production-1961-vol1-61chapters	869	1233	1233
production-1961-vol2-chapters	165	1433	1433
production-1961-vol2-chapters	529	1843	1843
production-1961-vol2-chapters	57	1310	1310
production-1963-vol1-63chapters	31	35	35
production-1963-vol2-chapters	1017	2143	2143
production-1963-vol2-chapters	303	1382	1382
production-1963-vol2-chapters	735	1836	1836
production-1963-vol2-chapters	736	1837	1837
production-1963-vol2-chapters	827	1937	1937
production-1965-vol2	796	1377	1377
production-1967-vol2	741	1338	1338
production-1967-vol2	777	1378	1378
production-1967-vol2	781	1383	1383
production-1967-vol2	897	1517	1517
production-1967-vol2	912	1533	1533
production-1968-vol2-chapters	179	1163	1163
production-1968-vol2-chapters	241	1243	1243
production-1968-vol2-chapters	317	1345	1345
production-1971-vol1-chapters	1033	1234	1234
production-1971-vol1-chapters	1034	1235	tess_arabic
production-1971-vol1-chapters	1062	1273	1273
production-1971-vol1-chapters	1070	1288	1288
production-1971-vol1-chapters	768	907	907
production-1971-vol1-chapters	944	1120	1120
production-1971-vol2	14	1321	1321
production-1971-vol2	384	1797	1797
production-1971-vol2	79	1401	1401
production-1975-vol1-chapters	129	134	134
production-1979-vol3	182	1201	1201
production-1979-vol3	49	1033	1033
production-1982-vol3	72	830	tess_arabic
production-1982-vol5	85	1615	1615
production-1988-vol3	71	1313	1313
production-1999-vol4	159	929	vision
