vol	in_act_order	chapter_raw	ocr_chapter	corrected_chapter	tier	reason
production-1861	3	VIL	7	7	OCR_PLAUSIBLE	ocr_fits(5<7<8)
production-1861	7	XI1	12	12	AUTO	bracket(11<13)
production-1861	12	XXTI	22	22	OCR_PLAUSIBLE	ocr_fits(16<22<24)
production-1861	17	XXVIIIl	29	29	OCR_PLAUSIBLE	ocr_fits(27<29<34)
production-1861	18	XXX1	31	31	OCR_PLAUSIBLE	ocr_fits(27<31<34)
production-1861	19	XXXTII	33	33	OCR_PLAUSIBLE	ocr_fits(27<33<34)
production-1861	29	XLVIIL	48	48	OCR_PLAUSIBLE	ocr_fits(46<48<50)
production-1861	35	LVIIL	58	58	AUTO	bracket(57<59)
production-1861	39	LXIJ	62	62	CONFIRMED	fill_agrees(61)
production-1861	44	LXXIIT	73	73	OCR_PLAUSIBLE	ocr_fits(70<73<76)
production-1861	46	LXXVIIIL	79	79	OCR_PLAUSIBLE	ocr_fits(76<79<80)
production-1861	49	LXXXIIT	83	83	OCR_PLAUSIBLE	ocr_fits(81<83<89)
production-1861	57	CIIL	103	103	OCR_PLAUSIBLE	ocr_fits(101<103<104)
production-1861	61	CVITI	108	108	AUTO	bracket(107<109)
production-1861	65	CXIJ	112	112	CONFIRMED	fill_agrees(111)
production-1861	75	CXXVIL	127	127	CONFIRMED	fill_agrees(126)
production-1861	77	CXXXJ	131	131	CONFIRMED	fill_agrees(130)
production-1861	78	CXXXITI	133	133	OCR_PLAUSIBLE	ocr_fits(130<133<135)
production-1861	80	CXXXVIL	137	137	OCR_PLAUSIBLE	ocr_fits(135<137<139)
production-1861	89	CLIL	152	152	OCR_PLAUSIBLE	ocr_fits(149<152<156)
production-1861	90	CLIIL	153	153	OCR_PLAUSIBLE	ocr_fits(149<153<156)
production-1861	91	Cly	101		REVIEW	fill_disagrees(ocr=101,fill=152)
production-1861	104	CLXXIITI	174	173	AUTO	bracket(172<174)
production-1861	115	CCIL	202	202	OCR_PLAUSIBLE	ocr_fits(200<202<203)
production-1861	119	CCVIT	207	207	OCR_PLAUSIBLE	ocr_fits(204<207<215)
production-1861	120	CCXIJI	213	213	OCR_PLAUSIBLE	ocr_fits(204<213<215)
production-1861	126	CCXXYV	225	225	OCR_PLAUSIBLE	ocr_fits(222<225<229)
production-1861	133	CCXLYVI	246	246	OCR_PLAUSIBLE	ocr_fits(243<246<249)
production-1861	137	CCLITI	253	253	AUTO	bracket(252<254)
production-1861	147	CCLXXVIT	277	277	OCR_PLAUSIBLE	ocr_fits(275<277<279)
production-1861	152	CCCIIL	303	303	OCR_PLAUSIBLE	ocr_fits(301<303<304)
production-1861	154	CCCVIIL	308	308	OCR_PLAUSIBLE	ocr_fits(304<308<309)
production-1861	158	CCCXIIL	313	313	OCR_PLAUSIBLE	ocr_fits(311<313<318)
production-1861	159	CCCXVIT	317	317	OCR_PLAUSIBLE	ocr_fits(311<317<318)
production-1861	161	CCCXTX	319	319	AUTO	bracket(318<320)
production-1861	171	CCCXLIT	342	342	CONFIRMED	fill_agrees(341)
production-1861	177	CCCLIT	352	352	OCR_PLAUSIBLE	ocr_fits(350<352<354)
production-1861	178	CCCLITI	353	353	OCR_PLAUSIBLE	ocr_fits(350<353<354)
production-1861	185	CCCLXIIT	363	363	OCR_PLAUSIBLE	ocr_fits(361<363<364)
production-1861	188	CCCLXVIT	367	367	OCR_PLAUSIBLE	ocr_fits(365<367<370)
production-1861	197	CCCXCIIT	393	393	AUTO	bracket(392<394)
production-1861	202	CCCCIL	402	402	AUTO	bracket(401<403)
production-1861	206	CCCCVITI	408	408	OCR_PLAUSIBLE	ocr_fits(406<408<413)
production-1861	207	CCCCTX	409	409	OCR_PLAUSIBLE	ocr_fits(406<409<413)
production-1861	218	CCCCXLIY	441		REVIEW	fill_disagrees(ocr=441,fill=442)
production-1861	221	CCCCLITI	453	453	OCR_PLAUSIBLE	ocr_fits(449<453<454)
production-1861	223	CCCCLYV	455	455	CONFIRMED	fill_agrees(454)
production-1861	226	CCCCLXIL	462	462	OCR_PLAUSIBLE	ocr_fits(459<462<469)
production-1861	237	DIT	502	502	AUTO	bracket(501<504)
production-1861	238	DITI	503	503	AUTO	bracket(501<504)
production-1862	0	Vi	6	6	OCR_PLAUSIBLE	ocr_before(6<10)
production-1862	4	XXT	21	21	OCR_PLAUSIBLE	ocr_fits(16<21<44)
production-1862	10	XLVIL	47	47	OCR_PLAUSIBLE	ocr_fits(45<47<60)
production-1862	11	XLVITT	48	48	OCR_PLAUSIBLE	ocr_fits(45<48<60)
production-1862	14	TVI	5		REVIEW	fill_disagrees(ocr=5,fill=48)
production-1862	15	LVIT	57	57	OCR_PLAUSIBLE	ocr_fits(45<57<60)
production-1862	17	LXTTL	63	63	OCR_PLAUSIBLE	ocr_fits(60<63<530)
production-1862	18	LXVIT	67	67	OCR_PLAUSIBLE	ocr_fits(60<67<530)
production-1862	20	XXTI	22		REVIEW	fill_disagrees(ocr=22,fill=63)
production-1862	25	LXXXTI	82		REVIEW	restart_or_decrease(530->90)
production-1862	30	XCTX	99	99	OCR_PLAUSIBLE	ocr_fits(96<99<101)
production-1862	33	CIT	102	102	CONFIRMED	fill_agrees(101)
production-1862	38	CXTV	114	114	OCR_PLAUSIBLE	ocr_fits(109<114<134)
production-1862	39	CXVIT	117	117	OCR_PLAUSIBLE	ocr_fits(109<117<134)
production-1862	40	CXXT	121	121	OCR_PLAUSIBLE	ocr_fits(109<121<134)
production-1862	41	CXXTIT	123	123	OCR_PLAUSIBLE	ocr_fits(109<123<134)
production-1862	45	CXXXIL	132	132	OCR_PLAUSIBLE	ocr_fits(109<132<134)
production-1862	47	CXXXVi	136	136	OCR_PLAUSIBLE	ocr_fits(134<136<146)
production-1862	48	CXXXVIT	137	137	OCR_PLAUSIBLE	ocr_fits(134<137<146)
production-1862	49	CXLIT	142	142	OCR_PLAUSIBLE	ocr_fits(134<142<146)
production-1862	52	d	500		REVIEW	fill_disagrees(ocr=500,fill=147)
production-1862	58	CLVITT	158	158	OCR_PLAUSIBLE	ocr_fits(155<158<159)
production-1862	62	CLXVITT	168		REVIEW	restart_or_decrease(190->170)
production-1862	63	CLXTX	169		REVIEW	restart_or_decrease(190->170)
production-1862	70	CXCTII	193	193	CONFIRMED	fill_agrees(192)
production-1862	72	CXCVIIT	198	198	OCR_PLAUSIBLE	ocr_fits(196<198<206)
production-1862	73	CCTIL	203	203	OCR_PLAUSIBLE	ocr_fits(196<203<206)
production-1862	90	CCLXIIT	263	263	OCR_PLAUSIBLE	ocr_fits(261<263<269)
production-1862	91	CCLXVIL	267	267	OCR_PLAUSIBLE	ocr_fits(261<267<269)
production-1862	96	CCLXXTTI	273	273	CONFIRMED	fill_agrees(272)
production-1862	99	CCXCT	291	291	OCR_PLAUSIBLE	ocr_fits(286<291<292)
production-1862	101	CCXCVIL	297	297	OCR_PLAUSIBLE	ocr_fits(292<297<300)
production-1862	102	CCXCVITL	298	298	OCR_PLAUSIBLE	ocr_fits(292<298<300)
production-1862	104	CCCIIL	303	303	OCR_PLAUSIBLE	ocr_fits(300<303<305)
production-1862	105	CCCTV	304	304	OCR_PLAUSIBLE	ocr_fits(300<304<305)
production-1862	108	CCCVIT	307	307	OCR_PLAUSIBLE	ocr_fits(305<307<312)
production-1862	109	CCCVIIL	308	308	OCR_PLAUSIBLE	ocr_fits(305<308<312)
production-1862	117	CCCXX1IV	325	325	OCR_PLAUSIBLE	ocr_fits(320<325<334)
production-1862	125	CCCXLVIT	347	347	OCR_PLAUSIBLE	ocr_fits(345<347<349)
production-1862	130	CCCLIIT	353	353	OCR_PLAUSIBLE	ocr_fits(351<353<357)
production-1862	133	CCCLXITI	363	363	OCR_PLAUSIBLE	ocr_fits(357<363<366)
production-1862	135	CCCLXVIL	367	367	CONFIRMED	fill_agrees(366)
production-1862	136	CCCXCT	391	391	OCR_PLAUSIBLE	ocr_fits(366<391<395)
production-1862	137	CCCXCTI	392	392	OCR_PLAUSIBLE	ocr_fits(366<392<395)
production-1862	140	CCCXCVIL	397	397	OCR_PLAUSIBLE	ocr_fits(395<397<450)
production-1862	142	CCCCYV	405		REVIEW	restart_or_decrease(450->410)
production-1862	143	CCCCTIX	410		REVIEW	restart_or_decrease(450->410)
production-1862	146	CCCCXXIL	422	422	OCR_PLAUSIBLE	ocr_fits(416<422<426)
production-1862	147	CCCCXXYV	425	425	OCR_PLAUSIBLE	ocr_fits(416<425<426)
production-1862	151	CCCCXLIL	442	442	OCR_PLAUSIBLE	ocr_fits(435<442<444)
production-1862	154	CCCCLIT	452		REVIEW	fill_disagrees(ocr=452,fill=445)
production-1863	0	IL	2		REVIEW	fill_disagrees(ocr=2,fill=1)
production-1863	8	XIL	12	12	OCR_PLAUSIBLE	ocr_fits(10<12<14)
production-1863	9	XTII	13	13	OCR_PLAUSIBLE	ocr_fits(10<13<14)
production-1863	13	XVIT	17	17	OCR_PLAUSIBLE	ocr_fits(15<17<20)
production-1863	16	XXTI	22	22	OCR_PLAUSIBLE	ocr_fits(20<22<27)
production-1863	17	XXTV	24	24	OCR_PLAUSIBLE	ocr_fits(20<24<27)
production-1863	19	XXVIIT	28	28	CONFIRMED	fill_agrees(27)
production-1863	26	XXXVITI	38	38	OCR_PLAUSIBLE	ocr_fits(36<38<39)
production-1863	28	XTTIT	14		REVIEW	fill_disagrees(ocr=14,fill=40)
production-1863	30	XTVIT	16		REVIEW	fill_disagrees(ocr=16,fill=47)
production-1863	32	Ii	2		REVIEW	fill_disagrees(ocr=2,fill=50)
production-1863	34	LIT	52	52	OCR_PLAUSIBLE	ocr_fits(49<52<56)
production-1863	35	LILL	53	53	OCR_PLAUSIBLE	ocr_fits(49<53<56)
production-1863	39	LVIL	57	57	CONFIRMED	fill_agrees(56)
production-1863	42	LXTIT	63	63	OCR_PLAUSIBLE	ocr_fits(61<63<70)
production-1863	49	LXXXIT	82	82	OCR_PLAUSIBLE	ocr_fits(80<82<90)
production-1863	50	LXXXVIT	87	87	OCR_PLAUSIBLE	ocr_fits(80<87<90)
production-1863	52	XCIIT	93	93	OCR_PLAUSIBLE	ocr_fits(90<93<94)
production-1863	57	Cl	101	101	AUTO	bracket(100<102)
production-1863	59	CITL	103	103	CONFIRMED	fill_agrees(102)
production-1863	60	CLY	150		REVIEW	fill_disagrees(ocr=150,fill=104)
production-1863	64	CXIL	112	112	OCR_PLAUSIBLE	ocr_fits(110<112<113)
production-1863	67	CXVITT	118	118	OCR_PLAUSIBLE	ocr_fits(116<118<119)
production-1863	70	CXXTMI	1120		REVIEW	fill_disagrees(ocr=1120,fill=122)
production-1863	74	CXXVITL	128	128	OCR_PLAUSIBLE	ocr_fits(126<128<134)
production-1863	75	CXXXT	131	131	OCR_PLAUSIBLE	ocr_fits(126<131<134)
production-1863	78	CXXXVIT	137	137	OCR_PLAUSIBLE	ocr_fits(135<137<140)
production-1863	84	CLITI	153	153	OCR_PLAUSIBLE	ocr_fits(147<153<154)
production-1863	86	CLVIT	157	157	OCR_PLAUSIBLE	ocr_fits(154<157<166)
production-1863	87	CLVIIIL	159	159	OCR_PLAUSIBLE	ocr_fits(154<159<166)
production-1863	88	CLXIT	162	162	OCR_PLAUSIBLE	ocr_fits(154<162<166)
production-1863	90	CLXVIT	167	167	CONFIRMED	fill_agrees(166)
production-1863	94	CLXXXIT	182	182	OCR_PLAUSIBLE	ocr_fits(179<182<205)
production-1863	95	CXCIT	192	192	OCR_PLAUSIBLE	ocr_fits(179<192<205)
production-1863	96	CXCITI	193	193	OCR_PLAUSIBLE	ocr_fits(179<193<205)
production-1863	97	CXCVIT	197	197	OCR_PLAUSIBLE	ocr_fits(179<197<205)
production-1863	102	CCTI	202	202	OCR_PLAUSIBLE	ocr_fits(179<202<205)
production-1863	103	CCITL	203	203	OCR_PLAUSIBLE	ocr_fits(179<203<205)
production-1863	110	CCXTLV	264		REVIEW	fill_disagrees(ocr=264,fill=222)
production-1863	114	CCLIL	252	252	CONFIRMED	fill_agrees(251)
production-1863	117	CCLVIT	257	257	CONFIRMED	fill_agrees(256)
production-1863	130	CCXCYV	295	295	OCR_PLAUSIBLE	ocr_fits(281<295<302)
production-1863	135	CCCXITI	313	313	OCR_PLAUSIBLE	ocr_fits(306<313<321)
production-1863	140	CCCXXXTT	332	332	OCR_PLAUSIBLE	ocr_fits(330<332<346)
production-1863	141	CCCXLIL	342	342	OCR_PLAUSIBLE	ocr_fits(330<342<346)
production-1863	149	CCCLXIL	362	362	CONFIRMED	fill_agrees(361)
production-1863	152	CCCLXVIL	367	367	OCR_PLAUSIBLE	ocr_fits(365<367<370)
production-1863	160	CCCXCIT	392	392	OCR_PLAUSIBLE	ocr_fits(379<392<394)
production-1863	167	CCCCYV	405	405	OCR_PLAUSIBLE	ocr_fits(401<405<411)
production-1863	168	CCCCVIIl	408	408	OCR_PLAUSIBLE	ocr_fits(401<408<411)
production-1863	169	CCCCVIIT	408	408	OCR_PLAUSIBLE	ocr_fits(401<408<411)
production-1863	171	CCCCXITI	413	413	OCR_PLAUSIBLE	ocr_fits(411<413<421)
production-1863	181	CCCCLVIL	457	457	OCR_PLAUSIBLE	ocr_fits(454<457<491)
production-1863	183	CCCCLXT	461	461	OCR_PLAUSIBLE	ocr_fits(454<461<491)
production-1863	184	CCCCLXTI	462	462	OCR_PLAUSIBLE	ocr_fits(454<462<491)
production-1863	189	D1LV	554		REVIEW	fill_disagrees(ocr=554,fill=501)
production-1863	190	DVT	506	506	OCR_PLAUSIBLE	ocr_fits(500<506<512)
production-1863	192	DXTIL	513	513	CONFIRMED	fill_agrees(512)
production-1863	194	DXVIIT	518	518	OCR_PLAUSIBLE	ocr_fits(512<518<520)
production-1863	198	DXXVITL	528	528	OCR_PLAUSIBLE	ocr_fits(526<528<529)
production-1863-64	1	1V	4	4	OCR_PLAUSIBLE	ocr_fits(1<4<6)
production-1863-64	3	Vll	7	7	CONFIRMED	fill_agrees(6)
production-1863-64	6	XIIL	13	13	OCR_PLAUSIBLE	ocr_fits(11<13<15)
production-1863-64	7	XITI	13	13	CONFIRMED	fill_agrees(11)
production-1863-64	20	XXXVIl	37	37	OCR_PLAUSIBLE	ocr_fits(35<37<41)
production-1863-64	31	LIITI	54		REVIEW	fill_disagrees(ocr=54,fill=52)
production-1863-64	35	LVIT	57	57	CONFIRMED	fill_agrees(56)
production-1863-64	40	LXVIT	67	67	OCR_PLAUSIBLE	ocr_fits(65<67<69)
production-1863-64	41	LXVITI	68	68	OCR_PLAUSIBLE	ocr_fits(65<68<69)
production-1863-64	45	LXXVITI	78	78	OCR_PLAUSIBLE	ocr_fits(75<78<530)
production-1863-64	57	Cl	101	101	CONFIRMED	fill_agrees(100)
production-1863-64	61	CVIT	107	107	CONFIRMED	fill_agrees(106)
production-1863-64	69	CXVIIL	118	118	OCR_PLAUSIBLE	ocr_fits(116<118<119)
production-1863-64	72	CXXIT	122	122	CONFIRMED	fill_agrees(121)
production-1863-64	77	CXXXITI	133	133	OCR_PLAUSIBLE	ocr_fits(131<133<135)
production-1863-64	90	CLIIL	153	153	CONFIRMED	fill_agrees(152)
production-1863-64	94	CLVIIL	158	158	AUTO	bracket(157<159)
production-1863-64	97	CLXIIT	163	163	OCR_PLAUSIBLE	ocr_fits(161<163<165)
production-1863-64	111	CLXXXVJ	186	186	AUTO	bracket(185<187)
production-1863-64	122	CCITL	203	203	AUTO	bracket(202<204)
production-1863-64	125	CCVIL	207	207	OCR_PLAUSIBLE	ocr_fits(205<207<209)
production-1863-64	132	CCXXVITI	228	228	OCR_PLAUSIBLE	ocr_fits(226<228<229)
production-1863-64	135	CCXLIT	242	242	OCR_PLAUSIBLE	ocr_fits(233<242<248)
production-1863-64	139	CCLITI	253	253	OCR_PLAUSIBLE	ocr_fits(251<253<255)
production-1863-64	140	CCLIYV	254	254	OCR_PLAUSIBLE	ocr_fits(251<254<255)
production-1863-64	145	CCLXIJT	263	263	OCR_PLAUSIBLE	ocr_fits(260<263<264)
production-1863-64	161	CCXCIIT	293	293	OCR_PLAUSIBLE	ocr_fits(289<293<294)
production-1863-64	173	CCCXVIL	317	317	CONFIRMED	fill_agrees(316)
production-1863-64	177	CCCXXITI	323	323	AUTO	bracket(322<324)
production-1863-64	180	CCCXXVIL	327	327	OCR_PLAUSIBLE	ocr_fits(325<327<329)
production-1863-64	190	CCCXLIJI	343	343	CONFIRMED	fill_agrees(342)
production-1863-64	191	CCCXLVIT	347	347	OCR_PLAUSIBLE	ocr_fits(342<347<349)
production-1863-64	198	CCCLVITI	358	358	OCR_PLAUSIBLE	ocr_fits(356<358<360)
production-1863-64	205	CCCLXVIT	367	367	CONFIRMED	fill_agrees(366)
production-1863-64	216	CCCCIY	401		REVIEW	fill_disagrees(ocr=401,fill=403)
production-1863-64	217	CCCCV1I	407	407	OCR_PLAUSIBLE	ocr_fits(402<407<409)
production-1863-64	218	CCCCVITI	408	408	OCR_PLAUSIBLE	ocr_fits(402<408<409)
production-1863-64	231	CCCCLIIL	453	453	OCR_PLAUSIBLE	ocr_fits(446<453<457)
production-1863-64	232	CCCCLIIL	453	453	OCR_PLAUSIBLE	ocr_fits(446<453<457)
production-1863-64	233	CCCCLYV	455	455	OCR_PLAUSIBLE	ocr_fits(446<455<457)
production-1865-66	4	Vl	6	6	CONFIRMED	fill_agrees(5)
production-1865-66	5	VIT	7	7	CONFIRMED	fill_agrees(5)
production-1865-66	9	XIT	12	12	CONFIRMED	fill_agrees(11)
production-1865-66	18	XXVIL	27	27	CONFIRMED	fill_agrees(26)
production-1865-66	30	XIIITI	15		REVIEW	fill_disagrees(ocr=15,fill=43)
production-1865-66	32	XLVIIL	48	48	OCR_PLAUSIBLE	ocr_fits(42<48<49)
production-1865-66	41	LXTV	64	64	OCR_PLAUSIBLE	ocr_fits(62<64<68)
production-1865-66	42	LXVIL	67	67	OCR_PLAUSIBLE	ocr_fits(62<67<68)
production-1865-66	48	LXXVITI	78	78	OCR_PLAUSIBLE	ocr_fits(76<78<79)
production-1865-66	59	CIl	102	102	OCR_PLAUSIBLE	ocr_fits(100<102<104)
production-1865-66	60	CIIL	103	103	OCR_PLAUSIBLE	ocr_fits(100<103<104)
production-1865-66	69	CXXIJ	122	122	OCR_PLAUSIBLE	ocr_fits(120<122<123)
production-1865-66	73	CXXVIL	127	127	CONFIRMED	fill_agrees(126)
production-1865-66	97	CLXXIIT	173	173	OCR_PLAUSIBLE	ocr_fits(171<173<174)
production-1865-66	100	CLXXVIT	177	177	OCR_PLAUSIBLE	ocr_fits(175<177<180)
production-1865-66	107	CXCIY	191		REVIEW	fill_disagrees(ocr=191,fill=193)
production-1865-66	110	CCI1	202	202	OCR_PLAUSIBLE	ocr_fits(200<202<203)
production-1865-66	118	CCXVIL	217	217	OCR_PLAUSIBLE	ocr_fits(215<217<225)
production-1865-66	119	CCXXIJ	222	222	OCR_PLAUSIBLE	ocr_fits(215<222<225)
production-1865-66	120	CCXXIL	222	222	OCR_PLAUSIBLE	ocr_fits(215<222<225)
production-1865-66	128	CCLIT	252	252	CONFIRMED	fill_agrees(251)
production-1865-66	129	CCLITI	253	253	CONFIRMED	fill_agrees(251)
production-1865-66	132	CCLVITI	258	258	OCR_PLAUSIBLE	ocr_fits(256<258<259)
production-1865-66	136	CCLXIT	262	262	CONFIRMED	fill_agrees(261)
production-1865-66	139	CCLXTX	269	269	OCR_PLAUSIBLE	ocr_fits(265<269<274)
production-1865-66	151	CCCIL	302	302	CONFIRMED	fill_agrees(301)
production-1865-66	153	CCCLTV	354		REVIEW	fill_disagrees(ocr=354,fill=303)
production-1865-66	154	CCCVIT	307	307	OCR_PLAUSIBLE	ocr_fits(301<307<310)
production-1865-66	167	CCCXXXIT	332	332	OCR_PLAUSIBLE	ocr_fits(330<332<336)
production-1865-66	180	CCCLVITI	358	358	OCR_PLAUSIBLE	ocr_fits(356<358<359)
production-1865-66	198	CCCXCIL	392	392	AUTO	bracket(391<393)
production-1865-66	207	CCCCVIL	407	407	AUTO	bracket(406<408)
production-1865-66	231	CCCCLIIL	453	453	AUTO	bracket(452<454)
production-1865-66	233	CCCCLYV	455	455	AUTO	bracket(454<456)
production-1865-66	250	DIT	502	502	CONFIRMED	fill_agrees(501)
production-1865-66	254	DVIIL	508	508	OCR_PLAUSIBLE	ocr_fits(506<508<512)
production-1865-66	259	DXVIT	517	517	CONFIRMED	fill_agrees(516)
production-1865-66	261	DXXIIT	523	523	CONFIRMED	fill_agrees(522)
production-1865-66	271	DXLIT	542	542	OCR_PLAUSIBLE	ocr_fits(538<542<544)
production-1865-66	278	DLITT	553	553	OCR_PLAUSIBLE	ocr_fits(551<553<554)
production-1865-66	282	DLVIL	557	557	AUTO	bracket(556<559)
production-1865-66	283	DLVILL	558	558	AUTO	bracket(556<559)
production-1865-66	294	DLXXIT	572	572	CONFIRMED	fill_agrees(571)
production-1865-66	295	DLXXIITI	574	574	OCR_PLAUSIBLE	ocr_fits(571<574<575)
production-1865-66	297	DLXXVIL	577	577	OCR_PLAUSIBLE	ocr_fits(575<577<580)
production-1865-66	298	DLXXVITI	578	578	OCR_PLAUSIBLE	ocr_fits(575<578<580)
production-1865-66	301	DLXXXIL	582	582	AUTO	bracket(581<583)
production-1865-66	310	DXCVILL	598	598	AUTO	bracket(597<599)
production-1865-66	317	DCXIL	612	612	OCR_PLAUSIBLE	ocr_fits(607<612<627)
production-1865-66	320	DCXI1	612		REVIEW	fill_disagrees(ocr=612,fill=629)
production-1867-68	2	IY	1		REVIEW	fill_disagrees(ocr=1,fill=4)
production-1867-68	11	XIIL	13	13	AUTO	bracket(12<14)
production-1867-68	33	XXXY	30	35	AUTO	bracket(34<36)
production-1867-68	40	XLIY	41		REVIEW	fill_disagrees(ocr=41,fill=43)
production-1867-68	48	LIT	52	52	AUTO	bracket(51<53)
production-1867-68	51	LY	50	55	AUTO	bracket(54<56)
production-1867-68	53	LVIL	57	57	AUTO	bracket(56<59)
production-1867-68	54	LVIIL	58	58	AUTO	bracket(56<59)
production-1867-68	68	LXXIY	71		REVIEW	fill_disagrees(ocr=71,fill=73)
production-1867-68	77	LXXXIIT	83	83	AUTO	bracket(82<86)
production-1867-68	78	LXXXTY	81	84	AUTO	bracket(82<86)
production-1867-68	79	LXXXYV	85	85	AUTO	bracket(82<86)
production-1867-68	90	XCIX4	99	99	OCR_PLAUSIBLE	ocr_fits(97<99<100)
production-1867-68	95	CY	100	105	AUTO	bracket(104<106)
production-1867-68	109	CXxX	130	120	AUTO	bracket(119<121)
production-1867-68	116	CXXVIIL	128	128	AUTO	bracket(127<129)
production-1867-68	130	CXLY	140		REVIEW	fill_disagrees(ocr=140,fill=143)
production-1867-68	139	CLY	150	155	AUTO	bracket(154<156)
production-1867-68	148	CLXYV	165	165	AUTO	bracket(164<166)
production-1867-68	164	CXCTI	192	191	AUTO	bracket(190<192)
production-1867-68	166	CXCIITI	194	193	AUTO	bracket(192<195)
production-1867-68	167	CXCIYV	194	194	AUTO	bracket(192<195)
production-1867-68	170	CXCVIL	197	197	AUTO	bracket(196<198)
production-1867-68	175	CCIL	202	202	AUTO	bracket(201<203)
production-1867-68	178	CCYVI	206	206	OCR_PLAUSIBLE	ocr_fits(204<206<208)
production-1867-68	185	CCXY	210	215	AUTO	bracket(214<216)
production-1867-68	190	CCXxX	230	220	AUTO	bracket(219<221)
production-1867-68	193	CCXXY	220		REVIEW	fill_disagrees(ocr=220,fill=223)
production-1867-68	199	CCXXXIT	232	232	OCR_PLAUSIBLE	ocr_fits(230<232<234)
production-1867-68	200	CCXXXITI	233	233	OCR_PLAUSIBLE	ocr_fits(230<233<234)
production-1867-68	218	CCLY	250	255	AUTO	bracket(254<256)
production-1867-68	225	CCLXIL	262	262	AUTO	bracket(261<263)
production-1867-68	228	CCLXYV	265	265	CONFIRMED	fill_agrees(264)
production-1867-68	240	CCLXXXYV	285	285	OCR_PLAUSIBLE	ocr_fits(281<285<289)
production-1867-68	246	CCXCIY	291		REVIEW	fill_disagrees(ocr=291,fill=294)
production-1867-68	254	CCCLY	350	304	AUTO	bracket(303<306)
production-1867-68	255	CCCY	300	305	AUTO	bracket(303<306)
production-1867-68	264	CCCXYV	315	315	OCR_PLAUSIBLE	ocr_fits(313<315<316)
production-1867-68	271	CCCXXY	320	325	AUTO	bracket(324<326)
production-1867-68	278	CCCXXXY	330		REVIEW	fill_disagrees(ocr=330,fill=335)
production-1867-68	288	CCCLIIL	353	353	AUTO	bracket(352<354)
production-1867-68	290	CCCLY	350	355	AUTO	bracket(354<356)
production-1867-68	292	CCCLVIL	357	357	CONFIRMED	fill_agrees(356)
production-1867-68	296	CCCLXYV	365	365	OCR_PLAUSIBLE	ocr_fits(363<365<366)
production-1867-68	302	CCCLXXY	370	375	AUTO	bracket(374<376)
production-1867-68	327	CCCCXY	410	415	AUTO	bracket(414<416)
production-1867-68	335	CCCCXXY	420		REVIEW	fill_disagrees(ocr=420,fill=425)
production-1867-68	342	CCCCXLYV	445	445	AUTO	bracket(444<446)
production-1867-68	350	CCCCLY	450	455	AUTO	bracket(454<456)
production-1867-68	355	CCCCLXIL	462	462	CONFIRMED	fill_agrees(461)
production-1867-68	356	CCCCLXY	460		REVIEW	fill_disagrees(ocr=460,fill=463)
production-1867-68	365	CCCCXCY	490	495	AUTO	bracket(494<496)
production-1867-68	371	DITII	504	503	AUTO	bracket(502<504)
production-1867-68	376	DVIIIL	509	508	AUTO	bracket(507<509)
production-1867-68	383	DXYV	515	515	AUTO	bracket(514<516)
production-1867-68	385	DXYIII	513		REVIEW	fill_disagrees(ocr=513,fill=517)
production-1867-68	402	DXXXYV	535	535	AUTO	bracket(534<536)
production-1867-68	409	DXLY	540		REVIEW	fill_disagrees(ocr=540,fill=545)
production-1869-70	18	XXTV	24	24	CONFIRMED	fill_agrees(23)
production-1869-70	26	XXXY	30		REVIEW	fill_disagrees(ocr=30,fill=35)
production-1869-70	41	LY	50	55	AUTO	bracket(54<56)
production-1869-70	44	LYIII	53		REVIEW	fill_disagrees(ocr=53,fill=57)
production-1869-70	52	LXVIITI	69	68	AUTO	bracket(67<69)
production-1869-70	62	LXXXyV	85	85	AUTO	bracket(84<86)
production-1869-70	64	DXXXVIL	537	87	AUTO	bracket(86<88)
production-1869-70	69	XCIIT	93	93	OCR_PLAUSIBLE	ocr_fits(91<93<95)
production-1869-70	81	CXITI	113	113	OCR_PLAUSIBLE	ocr_fits(110<113<115)
production-1869-70	82	CXI1V	115		REVIEW	fill_disagrees(ocr=115,fill=112)
production-1869-70	89	CXXTII	123	123	CONFIRMED	fill_agrees(122)
production-1869-70	91	CXXVITII	129		REVIEW	fill_disagrees(ocr=129,fill=126)
production-1869-70	96	CXXXITI	133	133	AUTO	bracket(132<134)
production-1869-70	98	CXXXY	130	135	AUTO	bracket(134<136)
production-1869-70	104	CXMIL	1092		REVIEW	fill_disagrees(ocr=1092,fill=141)
production-1869-70	106	CXLYV	145		REVIEW	restart_or_decrease(163->146)
production-1869-70	108	CXLVIT	147	147	AUTO	bracket(146<148)
production-1869-70	111	Ci	101	150	AUTO	bracket(149<151)
production-1869-70	113	CLIL	152	152	AUTO	bracket(151<153)
production-1869-70	115	CLY	150		REVIEW	fill_disagrees(ocr=150,fill=154)
production-1869-70	126	CLXXT	171	171	AUTO	bracket(170<172)
production-1869-70	128	CLXXIITI	174	174	OCR_PLAUSIBLE	ocr_fits(172<174<179)
production-1869-70	129	CLXXY	170		REVIEW	fill_disagrees(ocr=170,fill=174)
production-1869-70	134	CLXXXIIT	183	183	AUTO	bracket(182<184)
production-1869-70	137	CXCLIL	242		REVIEW	fill_disagrees(ocr=242,fill=191)
production-1869-70	140	CCl	201		REVIEW	fill_disagrees(ocr=201,fill=201)
production-1869-70	143	CCY	200		REVIEW	fill_disagrees(ocr=200,fill=205)
production-1869-70	144	CCVI1	207	207	OCR_PLAUSIBLE	ocr_fits(204<207<208)
production-1869-70	152	CCXVIIL	218	218	OCR_PLAUSIBLE	ocr_fits(215<218<220)
production-1869-70	156	CCXXYVII	227	227	OCR_PLAUSIBLE	ocr_fits(222<227<229)
production-1869-70	158	CCXXXIY	231	231	OCR_PLAUSIBLE	ocr_fits(229<231<236)
production-1869-70	163	CCXLIILL	244	244	OCR_PLAUSIBLE	ocr_fits(240<244<249)
production-1869-70	164	CCXLYV	245	245	OCR_PLAUSIBLE	ocr_fits(240<245<249)
production-1869-70	168	CCLIL	252	252	OCR_PLAUSIBLE	ocr_fits(249<252<259)
production-1869-70	169	CCLIL	252	252	OCR_PLAUSIBLE	ocr_fits(249<252<259)
production-1869-70	171	CCLY	250	250	OCR_PLAUSIBLE	ocr_fits(249<250<259)
production-1869-70	172	CCLVIT	257	257	OCR_PLAUSIBLE	ocr_fits(249<257<259)
production-1869-70	182	CCLXXIL	272	272	OCR_PLAUSIBLE	ocr_fits(270<272<320)
production-1869-70	186	CCLXXXY	280		REVIEW	fill_disagrees(ocr=280,fill=283)
production-1869-70	189	CCXCIIL	293	293	OCR_PLAUSIBLE	ocr_fits(291<293<296)
production-1869-70	197	CCCVIIT	308	308	OCR_PLAUSIBLE	ocr_fits(306<308<309)
production-1869-70	201	CCCXIIL	313	313	AUTO	bracket(312<314)
production-1869-70	203	CCCXYV	315	315	CONFIRMED	fill_agrees(314)
production-1869-70	207	CCCXXIIT	323	323	OCR_PLAUSIBLE	ocr_fits(321<323<327)
production-1869-70	212	CCCXXXY	330		REVIEW	fill_disagrees(ocr=330,fill=335)
production-1869-70	229	CCCLXXIY	371	371	CONFIRMED	fill_agrees(370)
production-1869-70	233	CCCXCLY	440		REVIEW	fill_disagrees(ocr=440,fill=391)
production-1869-70	247	CCCCXYV	415	415	CONFIRMED	fill_agrees(414)
production-1869-70	249	CCCCXVIT	417	417	OCR_PLAUSIBLE	ocr_fits(414<417<420)
production-1869-70	252	CCCCXXIL	422	422	OCR_PLAUSIBLE	ocr_fits(420<422<424)
production-1869-70	254	CCCCXXY	420	425	AUTO	bracket(424<426)
production-1869-70	258	CCCCXLIL	442	442	OCR_PLAUSIBLE	ocr_fits(440<442<444)
production-1869-70	263	CCCCLY	450		REVIEW	fill_disagrees(ocr=450,fill=453)
production-1869-70	271	CCCCXCY	490		REVIEW	fill_disagrees(ocr=490,fill=491)
production-1869-70	286	DXIIT	513	513	OCR_PLAUSIBLE	ocr_fits(510<513<514)
production-1869-70	293	DXXIIL	523	523	OCR_PLAUSIBLE	ocr_fits(521<523<526)
production-1869-70	303	DXXXVIT	537	537	AUTO	bracket(536<539)
production-1869-70	304	DXXXVIIL	538	538	AUTO	bracket(536<539)
production-1869-70	316	DIL	502		REVIEW	fill_disagrees(ocr=502,fill=503)
production-1869-70	319	DLYV1	556	556	CONFIRMED	fill_agrees(555)
production-1869-70	330	DLXXT	571		REVIEW	fill_disagrees(ocr=571,fill=572)
production-1869-70	332	DLXXY	570		REVIEW	restart_or_decrease(624->564)
production-1869-70	334	DLXXYVII	577	577	OCR_PLAUSIBLE	ocr_fits(564<577<579)
production-1871-72	9	XY	10	15	AUTO	bracket(14<16)
production-1871-72	18	XXYV	25	25	OCR_PLAUSIBLE	ocr_fits(23<25<26)
production-1871-72	20	XXYII	22	27	AUTO	bracket(26<28)
production-1871-72	24	XXXTI	32	31	AUTO	bracket(30<32)
production-1871-72	26	XXXITI	33	33	AUTO	bracket(32<34)
production-1871-72	31	XXXTX	39	39	OCR_PLAUSIBLE	ocr_fits(37<39<41)
production-1871-72	58	LXXYV	75		REVIEW	restart_or_decrease(524->76)
production-1871-72	60	LXXVIT	77	77	AUTO	bracket(76<79)
production-1871-72	61	LXXVIIL	78	78	AUTO	bracket(76<79)
production-1871-72	66	LXXXITII	84	84	OCR_PLAUSIBLE	ocr_fits(82<84<86)
production-1871-72	78	CIT	102	102	CONFIRMED	fill_agrees(101)
production-1871-72	79	CIY	101		REVIEW	fill_disagrees(ocr=101,fill=103)
production-1871-72	88	CXYV	115	115	AUTO	bracket(114<116)
production-1871-72	93	CXXIT	122	122	AUTO	bracket(121<123)
production-1871-72	103	CXXXVITI	138	137	AUTO	bracket(136<139)
production-1871-72	104	CXXXVITI	138	138	AUTO	bracket(136<139)
production-1871-72	108	CLVITL	158	158	OCR_PLAUSIBLE	ocr_fits(144<158<159)
production-1871-72	113	CLIYV	154		REVIEW	restart_or_decrease(200->158)
production-1871-72	114	CLYVI	156		REVIEW	restart_or_decrease(200->158)
production-1871-72	115	CLYII	152		REVIEW	restart_or_decrease(200->158)
production-1871-72	120	CLXIIT	163	163	OCR_PLAUSIBLE	ocr_fits(161<163<167)
production-1871-72	121	CLXYV	165	165	OCR_PLAUSIBLE	ocr_fits(161<165<167)
production-1871-72	122	CLXYVI	166	166	OCR_PLAUSIBLE	ocr_fits(161<166<167)
production-1871-72	126	CLXXITI	173	173	AUTO	bracket(172<176)
production-1871-72	127	CLXXIY	171	174	AUTO	bracket(172<176)
production-1871-72	128	CLXXY	170	175	AUTO	bracket(172<176)
production-1871-72	130	CLXXVIIL	178	178	OCR_PLAUSIBLE	ocr_fits(176<178<187)
production-1871-72	131	CLXXXIIL	183	183	OCR_PLAUSIBLE	ocr_fits(176<183<187)
production-1871-72	132	CLXXXIYV	184	184	OCR_PLAUSIBLE	ocr_fits(176<184<187)
production-1871-72	133	CLXXXY	180	180	CONFIRMED	fill_agrees(176)
production-1871-72	145	CCY	200		REVIEW	fill_disagrees(ocr=200,fill=205)
production-1871-72	146	CCYI	201		REVIEW	fill_disagrees(ocr=201,fill=206)
production-1871-72	153	CCXY	210	215	AUTO	bracket(214<216)
production-1871-72	155	CCXYVII	217	217	AUTO	bracket(216<218)
production-1871-72	161	CCXXY	220	225	AUTO	bracket(224<226)
production-1871-72	164	CCXXVIIL	228	228	AUTO	bracket(227<229)
production-1871-72	175	CCXLY	240		REVIEW	fill_disagrees(ocr=240,fill=245)
production-1871-72	176	CCXLYVII	247	247	OCR_PLAUSIBLE	ocr_fits(244<247<248)
production-1871-72	182	CCLITI	253	253	AUTO	bracket(252<254)
production-1871-72	184	CCLYV	255	255	CONFIRMED	fill_agrees(254)
production-1871-72	195	CCLXXIYV	274	274	CONFIRMED	fill_agrees(273)
production-1871-72	200	CCXCIY	291		REVIEW	fill_disagrees(ocr=291,fill=292)
production-1871-72	202	CCXCVITI	298	297	AUTO	bracket(296<298)
production-1871-72	208	CCCIIL	303	303	AUTO	bracket(302<304)
production-1871-72	217	CCCXY	310	315	AUTO	bracket(314<316)
production-1871-72	219	CCCXVIT	317	317	AUTO	bracket(316<318)
production-1871-72	223	CCCXXT	321	321	AUTO	bracket(320<322)
production-1871-72	227	CCCXXY	320	325	AUTO	bracket(324<326)
production-1871-72	229	CCCXXXIT	332	332	OCR_PLAUSIBLE	ocr_fits(326<332<334)
production-1871-72	234	CCCXLIT	342	342	OCR_PLAUSIBLE	ocr_fits(340<342<349)
production-1871-72	235	CCCXLY	340		REVIEW	fill_disagrees(ocr=340,fill=342)
production-1871-72	236	CCCXLYVI	346	346	OCR_PLAUSIBLE	ocr_fits(340<346<349)
production-1871-72	237	CCCXLVIT	347	347	OCR_PLAUSIBLE	ocr_fits(340<347<349)
production-1871-72	240	CCCLITI	353	353	OCR_PLAUSIBLE	ocr_fits(351<353<354)
production-1871-72	242	CCCLY	350	355	AUTO	bracket(354<356)
production-1871-72	246	CCCLXIL	362	362	OCR_PLAUSIBLE	ocr_fits(360<362<366)
production-1871-72	247	CCCLXY	360		REVIEW	fill_disagrees(ocr=360,fill=362)
production-1871-72	249	CCCLXVIL	367	367	CONFIRMED	fill_agrees(366)
production-1871-72	259	CCCXCIY	391	394	AUTO	bracket(393<395)
production-1871-72	268	CCCCY	400	405	AUTO	bracket(404<408)
production-1871-72	269	CCCCYI	401	406	AUTO	bracket(404<408)
production-1871-72	270	CCCCVITI	408	407	AUTO	bracket(404<408)
production-1871-72	275	CCCCXITI	413	413	AUTO	bracket(412<414)
production-1871-72	277	CCCCXYV	415	415	AUTO	bracket(414<416)
production-1871-72	282	CCCCXXYV	425	425	OCR_PLAUSIBLE	ocr_fits(422<425<460)
production-1871-72	283	CCCCXXxX	440	440	OCR_PLAUSIBLE	ocr_fits(422<440<460)
production-1871-72	285	CCCCXLIL	442		REVIEW	restart_or_decrease(460->444)
production-1871-72	292	CCCCLY	450		REVIEW	fill_disagrees(ocr=450,fill=455)
production-1871-72	293	CCCCLYVI	456	456	CONFIRMED	fill_agrees(454)
production-1871-72	296	CCCCLXY	460		REVIEW	fill_disagrees(ocr=460,fill=461)
production-1871-72	309	DIY	501		REVIEW	fill_disagrees(ocr=501,fill=503)
production-1871-72	315	Dx	510	510	AUTO	bracket(509<511)
production-1871-72	318	DXIYV	514	514	AUTO	bracket(513<515)
production-1871-72	326	DXXYV	525	525	CONFIRMED	fill_agrees(524)
production-1871-72	328	DXXVIITI	529	529	OCR_PLAUSIBLE	ocr_fits(527<529<530)
production-1871-72	331	DXXXIT	532	532	CONFIRMED	fill_agrees(531)
production-1871-72	332	DXXXIY	531		REVIEW	fill_disagrees(ocr=531,fill=533)
production-1871-72	334	DXLITI	543	543	OCR_PLAUSIBLE	ocr_fits(540<543<546)
production-1871-72	335	DXLY	540		REVIEW	fill_disagrees(ocr=540,fill=542)
production-1871-72	341	DIL	502		REVIEW	fill_disagrees(ocr=502,fill=551)
production-1871-72	353	DLXXITI	573	573	OCR_PLAUSIBLE	ocr_fits(569<573<1024)
production-1871-72	355	DLXXYV	575		REVIEW	restart_or_decrease(1024->580)
production-1871-72	358	DLXXXIY	581	581	OCR_PLAUSIBLE	ocr_fits(531<581<589)
production-1871-72	359	DLIXXXY	579	579	OCR_PLAUSIBLE	ocr_fits(531<579<589)
production-1871-72	364	DXCIIT	593	593	AUTO	bracket(592<594)
production-1871-72	366	DXCY	590	595	AUTO	bracket(594<596)
production-1871-72	372	DCIIL	603	602	AUTO	bracket(601<603)
production-1871-72	376	DCVIIL	608	608	CONFIRMED	fill_agrees(607)
production-1871-72	380	DCXYV	615	615	OCR_PLAUSIBLE	ocr_fits(613<615<617)
production-1871-72	381	DCXYVI	616	616	OCR_PLAUSIBLE	ocr_fits(613<616<617)
production-1871-72	383	DCXVIITI	619	618	AUTO	bracket(617<619)
production-1871-72	390	DCXXY	620	625	AUTO	bracket(624<626)
production-1871-72	392	DCXXYVIT	627	627	CONFIRMED	fill_agrees(626)
production-1871-72	393	DCXXVIIL	628	628	CONFIRMED	fill_agrees(626)
production-1871-72	397	DCXXXTII	633	633	AUTO	bracket(632<634)
production-1873-74	14	XXY	20		REVIEW	fill_disagrees(ocr=20,fill=25)
production-1873-74	19	XXXY	30		REVIEW	fill_disagrees(ocr=30,fill=34)
production-1873-74	32	LYL	100		REVIEW	fill_disagrees(ocr=100,fill=53)
production-1873-74	42	LXYIII	63	68	AUTO	bracket(67<69)
production-1873-74	50	LXXXTI	82	82	CONFIRMED	fill_agrees(81)
production-1873-74	52	DXXXIYV	534	534	CONFIRMED	fill_agrees(533)
production-1873-74	57	XCIIL	93	93	CONFIRMED	fill_agrees(92)
production-1873-74	58	XCIY	91		REVIEW	fill_disagrees(ocr=91,fill=94)
production-1873-74	61	XCYVIII	98	98	AUTO	bracket(97<99)
production-1873-74	65	CIL	102	102	CONFIRMED	fill_agrees(101)
production-1873-74	68	CY	100	105	AUTO	bracket(104<106)
production-1873-74	77	CXY	110		REVIEW	fill_disagrees(ocr=110,fill=115)
production-1873-74	78	CXYVI	116	116	CONFIRMED	fill_agrees(114)
production-1873-74	83	CXXIITI	124	123	AUTO	bracket(122<124)
production-1873-74	86	CXXYVI	126	126	OCR_PLAUSIBLE	ocr_fits(124<126<127)
production-1873-74	91	CXXXITI	133	133	OCR_PLAUSIBLE	ocr_fits(131<133<134)
production-1873-74	93	CXXXY	130		REVIEW	fill_disagrees(ocr=130,fill=135)
production-1873-74	98	CXLIITI	144	144	OCR_PLAUSIBLE	ocr_fits(142<144<145)
production-1873-74	101	CXLVIIL	148	148	AUTO	bracket(147<149)
production-1873-74	103	CLIT	152	152	OCR_PLAUSIBLE	ocr_fits(149<152<154)
production-1873-74	104	CLIT	152	152	OCR_PLAUSIBLE	ocr_fits(149<152<154)
production-1873-74	106	CLY	150	155	AUTO	bracket(154<156)
production-1873-74	117	CLXXXIT	182	182	OCR_PLAUSIBLE	ocr_fits(180<182<184)
production-1873-74	119	CLXXXYV	185	185	CONFIRMED	fill_agrees(184)
production-1873-74	129	CXCVITI	198	198	AUTO	bracket(197<199)
production-1873-74	141	CCXYL	240		REVIEW	fill_disagrees(ocr=240,fill=215)
production-1873-74	142	CCXVIL	217	217	OCR_PLAUSIBLE	ocr_fits(214<217<218)
production-1873-74	146	CCXXTI	222	222	OCR_PLAUSIBLE	ocr_fits(220<222<230)
production-1873-74	147	CCXXITI	223	223	OCR_PLAUSIBLE	ocr_fits(220<223<230)
production-1873-74	149	CCXXXT	231	231	CONFIRMED	fill_agrees(230)
production-1873-74	151	CCXXXIY	231		REVIEW	fill_disagrees(ocr=231,fill=234)
production-1873-74	154	CCXLIL	242	242	OCR_PLAUSIBLE	ocr_fits(240<242<245)
production-1873-74	155	CCXLITII	244	244	OCR_PLAUSIBLE	ocr_fits(240<244<245)
production-1873-74	164	CCLY	250		REVIEW	fill_disagrees(ocr=250,fill=255)
production-1873-74	168	CCLXIT	262	262	OCR_PLAUSIBLE	ocr_fits(258<262<264)
production-1873-74	171	CCLXYV	265	265	CONFIRMED	fill_agrees(264)
production-1873-74	175	CCLXXVIT	277	277	OCR_PLAUSIBLE	ocr_fits(273<277<280)
production-1873-74	177	CCLXXXIL	282	282	OCR_PLAUSIBLE	ocr_fits(280<282<290)
production-1873-74	178	CCLXXXTY	281	281	OCR_PLAUSIBLE	ocr_fits(280<281<290)
production-1873-74	183	CCXCYVI	296	296	OCR_PLAUSIBLE	ocr_fits(294<296<297)
production-1873-74	187	CCCIL	302	302	AUTO	bracket(301<303)
production-1873-74	190	CCCVIT	307	307	OCR_PLAUSIBLE	ocr_fits(303<307<308)
production-1873-74	201	CCCXXTYV	324	324	OCR_PLAUSIBLE	ocr_fits(321<324<332)
production-1873-74	203	CCCXXXT	331	331	OCR_PLAUSIBLE	ocr_fits(321<331<332)
production-1873-74	206	CCCXXXY	330		REVIEW	fill_disagrees(ocr=330,fill=335)
production-1873-74	211	CCCXLITI	343	343	AUTO	bracket(342<344)
production-1873-74	217	CCCLIT	352	352	AUTO	bracket(351<353)
production-1873-74	219	CCCLY	350		REVIEW	fill_disagrees(ocr=350,fill=354)
production-1873-74	221	CCCLYII	352		REVIEW	fill_disagrees(ocr=352,fill=357)
production-1873-74	224	CCCLXYV	365	365	OCR_PLAUSIBLE	ocr_fits(361<365<367)
production-1873-74	225	CCCLXYVI	366	366	OCR_PLAUSIBLE	ocr_fits(361<366<367)
production-1873-74	229	CCCXCYV	395	395	OCR_PLAUSIBLE	ocr_fits(391<395<397)
production-1873-74	239	CCCCYII	402		REVIEW	fill_disagrees(ocr=402,fill=407)
production-1873-74	243	CCCCXYV	415	415	AUTO	bracket(414<416)
production-1873-74	246	CCCCXXIY	421	421	OCR_PLAUSIBLE	ocr_fits(419<421<430)
production-1873-74	252	CCCCXLY	440		REVIEW	fill_disagrees(ocr=440,fill=445)
production-1873-74	260	CCCCLVIL	457	457	OCR_PLAUSIBLE	ocr_fits(455<457<460)
production-1873-74	263	CCCCLXY	460		REVIEW	fill_disagrees(ocr=460,fill=462)
production-1873-74	269	CCCCXCY	490		REVIEW	fill_disagrees(ocr=490,fill=493)
production-1873-74	274	DIY	501		REVIEW	fill_disagrees(ocr=501,fill=502)
production-1873-74	287	DXYVIII	518	518	AUTO	bracket(517<519)
production-1873-74	292	DXXYV	525	525	OCR_PLAUSIBLE	ocr_fits(522<525<528)
production-1873-74	294	DXXYVILI	575		REVIEW	fill_disagrees(ocr=575,fill=524)
production-1873-74	299	DXXXITV	535	535	OCR_PLAUSIBLE	ocr_fits(531<535<537)
production-1873-74	300	DXXXY	530		REVIEW	fill_disagrees(ocr=530,fill=533)
production-1873-74	315	DLXYV	565	565	CONFIRMED	fill_agrees(564)
production-1873-74	318	DILXXYV	574		REVIEW	restart_or_decrease(574->528)
production-1873-74	319	DIXXYII	521		REVIEW	restart_or_decrease(574->528)
production-1873-74	321	DLXXXIL	582	582	OCR_PLAUSIBLE	ocr_fits(528<582<591)
production-1873-74	328	DCTIII	604		REVIEW	fill_disagrees(ocr=604,fill=601)
production-1873-74	331	DCVIL	607	607	CONFIRMED	fill_agrees(606)
production-1873-74	335	DCXY	610		REVIEW	fill_disagrees(ocr=610,fill=612)
production-1873-74	336	DCXYVITI	618	618	OCR_PLAUSIBLE	ocr_fits(611<618<619)
production-1873-74	339	DCXXIIL	623	623	OCR_PLAUSIBLE	ocr_fits(619<623<629)
production-1873-74	340	DCXXYVI	626	626	OCR_PLAUSIBLE	ocr_fits(619<626<629)
production-1873-74	344	DCXXXIL	632	632	OCR_PLAUSIBLE	ocr_fits(630<632<633)
production-1873-74	346	DCXXXYVI	636	636	OCR_PLAUSIBLE	ocr_fits(633<636<640)
production-1873-74	348	DCXLIL	642	642	OCR_PLAUSIBLE	ocr_fits(640<642<644)
production-1873-74	356	DCLITI	653	653	AUTO	bracket(652<655)
production-1873-74	357	DCLIY	651	654	AUTO	bracket(652<655)
production-1873-74	359	DCLYVI	656	656	CONFIRMED	fill_agrees(655)
production-1873-74	361	DCLYIII	653		REVIEW	fill_disagrees(ocr=653,fill=657)
production-1875-76	26	XXXVIIT	38	38	AUTO	bracket(37<39)
production-1875-76	33	XLVIIT	48	48	OCR_PLAUSIBLE	ocr_fits(45<48<50)
production-1875-76	37	LIL	52	51	AUTO	bracket(50<52)
production-1875-76	50	d	500		REVIEW	fill_disagrees(ocr=500,fill=68)
production-1875-76	69	XCVIJI	98	98	OCR_PLAUSIBLE	ocr_fits(96<98<100)
production-1875-76	71	Cl	101	101	AUTO	bracket(100<102)
production-1875-76	77	CVIIL	108	108	OCR_PLAUSIBLE	ocr_fits(106<108<109)
production-1875-76	79	CXI1	112		REVIEW	fill_disagrees(ocr=112,fill=110)
production-1875-76	90	CXXVITI	128	128	CONFIRMED	fill_agrees(127)
production-1875-76	101	CXLITI	143	143	OCR_PLAUSIBLE	ocr_fits(140<143<146)
production-1875-76	105	CXLVIIL	148	148	CONFIRMED	fill_agrees(147)
production-1875-76	112	CLVIJ	157	157	AUTO	bracket(156<159)
production-1875-76	113	CLVIIL	158	158	AUTO	bracket(156<159)
production-1875-76	117	CLXVIL	167	167	OCR_PLAUSIBLE	ocr_fits(161<167<169)
production-1875-76	121	CLXXITI	173	173	OCR_PLAUSIBLE	ocr_fits(170<173<174)
production-1875-76	127	CLXXXITL	183	183	OCR_PLAUSIBLE	ocr_fits(181<183<189)
production-1875-76	129	CLXXXVIL	187	187	OCR_PLAUSIBLE	ocr_fits(181<187<189)
production-1875-76	137	CXCVIT	197	197	CONFIRMED	fill_agrees(196)
production-1875-76	143	CCIIL	203	203	OCR_PLAUSIBLE	ocr_fits(201<203<204)
production-1875-76	150	CCXI1	212	212	AUTO	bracket(211<213)
production-1875-76	161	CCXXXIL	232	232	OCR_PLAUSIBLE	ocr_fits(230<232<234)
production-1875-76	164	CCXLIL	242	242	OCR_PLAUSIBLE	ocr_fits(240<242<244)
production-1875-76	165	CCXLITI	243	243	OCR_PLAUSIBLE	ocr_fits(240<243<244)
production-1875-76	169	CCXLVIL	247	247	CONFIRMED	fill_agrees(246)
production-1875-76	171	CCLIIL	253	253	OCR_PLAUSIBLE	ocr_fits(250<253<254)
production-1875-76	172	CCLITI	253	253	OCR_PLAUSIBLE	ocr_fits(250<253<254)
production-1875-76	186	CCLXXIL	272	272	OCR_PLAUSIBLE	ocr_fits(270<272<275)
production-1875-76	189	CCLXXVIL	277	277	CONFIRMED	fill_agrees(276)
production-1875-76	190	CCLXX1X	279	279	OCR_PLAUSIBLE	ocr_fits(276<279<284)
production-1875-76	191	CCLXXXIT	282	282	OCR_PLAUSIBLE	ocr_fits(276<282<284)
production-1875-76	196	CCXCVIL	297	297	OCR_PLAUSIBLE	ocr_fits(293<297<298)
production-1875-76	200	CCCIL	302	302	CONFIRMED	fill_agrees(301)
production-1875-76	204	CCCVIT	307	307	OCR_PLAUSIBLE	ocr_fits(304<307<310)
production-1875-76	205	CCCVIJI	308	308	OCR_PLAUSIBLE	ocr_fits(304<308<310)
production-1875-76	207	CCCXIT	312	312	OCR_PLAUSIBLE	ocr_fits(310<312<314)
production-1875-76	214	CCCXX1V	324	324	OCR_PLAUSIBLE	ocr_fits(321<324<325)
production-1875-76	217	CCCXXVIL	327	327	CONFIRMED	fill_agrees(326)
production-1875-76	225	CCCXLITI	343	343	OCR_PLAUSIBLE	ocr_fits(341<343<347)
production-1875-76	247	CCCXCIL	392	392	CONFIRMED	fill_agrees(391)
production-1875-76	252	CCCCVITI	408	408	OCR_PLAUSIBLE	ocr_fits(406<408<409)
production-1875-76	261	CCCCXXIL	422	422	OCR_PLAUSIBLE	ocr_fits(420<422<429)
production-1875-76	271	CCCCLYV	455	455	CONFIRMED	fill_agrees(454)
production-1875-76	277	CCCCLXX1	471	471	OCR_PLAUSIBLE	ocr_fits(466<471<475)
production-1875-76	291	DVIT	507		REVIEW	restart_or_decrease(550->509)
production-1875-76	315	DXLITI	543	543	CONFIRMED	fill_agrees(542)
production-1875-76	320	DLIIL	553	552	AUTO	bracket(551<554)
production-1875-76	321	DLIT	552	553	AUTO	bracket(551<554)
production-1875-76	325	DLVIL	557	557	AUTO	bracket(556<559)
production-1875-76	326	DLVITI	558	558	AUTO	bracket(556<559)
production-1875-76	332	DLXVIIT	568	568	AUTO	bracket(567<569)
production-1875-76	336	DLXXIL	572	572	OCR_PLAUSIBLE	ocr_fits(570<572<574)
production-1875-76	337	DLXXITIL	574		REVIEW	fill_disagrees(ocr=574,fill=572)
production-1875-76	347	DLXXXVIL	587	587	CONFIRMED	fill_agrees(586)
production-1875-76	351	DXCIIL	593	593	OCR_PLAUSIBLE	ocr_fits(591<593<594)
production-1875-76	355	DXCVIL	597	597	AUTO	bracket(596<598)
production-1875-76	359	DCIL	602	602	CONFIRMED	fill_agrees(601)
production-1875-76	361	DCVIIL	608	608	OCR_PLAUSIBLE	ocr_fits(604<608<609)
production-1875-76	366	DCX11	612	612	CONFIRMED	fill_agrees(611)
production-1877-78	1	1V	4		REVIEW	restart_or_decrease(252->5)
production-1877-78	5	VITI	8	8	CONFIRMED	fill_agrees(7)
production-1877-78	18	XXITI	23	23	OCR_PLAUSIBLE	ocr_fits(21<23<24)
production-1877-78	32	XLIT	42	42	AUTO	bracket(41<44)
production-1877-78	33	XLITI	43	43	AUTO	bracket(41<44)
production-1877-78	40	LIT	52	52	OCR_PLAUSIBLE	ocr_fits(50<52<54)
production-1877-78	41	LITIL	54		REVIEW	fill_disagrees(ocr=54,fill=52)
production-1877-78	46	LVIITI	59	59	OCR_PLAUSIBLE	ocr_fits(56<59<61)
production-1877-78	48	LXITIL	64		REVIEW	fill_disagrees(ocr=64,fill=62)
production-1877-78	55	LXXIL	72	72	CONFIRMED	fill_agrees(71)
production-1877-78	61	LXXXIT	82	82	OCR_PLAUSIBLE	ocr_fits(80<82<83)
production-1877-78	66	LXXXVITI	88	88	OCR_PLAUSIBLE	ocr_fits(86<88<92)
production-1877-78	72	XCVIT	97	97	OCR_PLAUSIBLE	ocr_fits(95<97<105)
production-1877-78	73	XCVITL	98	98	OCR_PLAUSIBLE	ocr_fits(95<98<105)
production-1877-78	75	CIl	102	102	OCR_PLAUSIBLE	ocr_fits(95<102<105)
production-1877-78	76	CIIL	103	103	OCR_PLAUSIBLE	ocr_fits(95<103<105)
production-1877-78	79	CVIL	107	107	CONFIRMED	fill_agrees(106)
production-1877-78	83	CXTI	112	112	AUTO	bracket(111<113)
production-1877-78	88	CXXIIL	123	123	AUTO	bracket(122<124)
production-1877-78	104	CLIL	152	152	OCR_PLAUSIBLE	ocr_fits(150<152<155)
production-1877-78	105	CLIL	152	152	CONFIRMED	fill_agrees(150)
production-1877-78	122	CLXXVIIl	178	178	AUTO	bracket(177<179)
production-1877-78	139	CCIL	202	202	AUTO	bracket(201<203)
production-1877-78	147	CCXVITI	218	218	OCR_PLAUSIBLE	ocr_fits(216<218<222)
production-1877-78	158	CCLIL	252	252	CONFIRMED	fill_agrees(251)
production-1877-78	193	CCCVITI	308	308	OCR_PLAUSIBLE	ocr_fits(305<308<310)
production-1877-78	197	CCCXIIL	313	313	OCR_PLAUSIBLE	ocr_fits(311<313<314)
production-1877-78	204	CCCXXIJI	323	323	OCR_PLAUSIBLE	ocr_fits(321<323<324)
production-1877-78	225	CCCLIIL	353	353	AUTO	bracket(352<354)
production-1877-78	247	CCCXCIIL	393	393	CONFIRMED	fill_agrees(392)
production-1877-78	250	CCCXCVIL	397	397	OCR_PLAUSIBLE	ocr_fits(392<397<399)
production-1877-78	253	CCCCIL	402	402	AUTO	bracket(401<404)
production-1877-78	254	CCCCIIT	403	403	AUTO	bracket(401<404)
production-1877-78	258	CCCCVIL	407	407	OCR_PLAUSIBLE	ocr_fits(405<407<408)
production-1877-78	263	CCCCXTV	414	414	OCR_PLAUSIBLE	ocr_fits(411<414<416)
production-1877-78	273	CCCCXLIL	442	442	OCR_PLAUSIBLE	ocr_fits(440<442<459)
production-1877-78	276	CCCCLITT	453	453	OCR_PLAUSIBLE	ocr_fits(440<453<459)
production-1877-78	277	CCCCLVIT	457	457	OCR_PLAUSIBLE	ocr_fits(440<457<459)
production-1877-78	290	DITI	503	503	OCR_PLAUSIBLE	ocr_fits(501<503<504)
production-1877-78	305	DXXIIL	523	523	OCR_PLAUSIBLE	ocr_fits(521<523<525)
production-1877-78	311	DXXXT	531	531	OCR_PLAUSIBLE	ocr_fits(529<531<535)
production-1877-78	312	DXXXIT	532	532	OCR_PLAUSIBLE	ocr_fits(529<532<535)
production-1877-78	313	DXXXITI	533	533	OCR_PLAUSIBLE	ocr_fits(529<533<535)
production-1877-78	321	DXLVIL	547	547	OCR_PLAUSIBLE	ocr_fits(542<547<549)
production-1877-78	326	DLITI	553	553	AUTO	bracket(552<554)
production-1877-78	342	DLXXITT	573	573	OCR_PLAUSIBLE	ocr_fits(571<573<576)
production-1877-78	348	DLXXXVIL	587	587	CONFIRMED	fill_agrees(586)
production-1877-78	352	DXCIT	592	592	CONFIRMED	fill_agrees(591)
production-1877-78	353	DXCIIL	593	593	CONFIRMED	fill_agrees(591)
production-1877-78	355	DXCVIT	597	597	OCR_PLAUSIBLE	ocr_fits(591<597<601)
production-1877-78	356	DXCVIIL	598	598	OCR_PLAUSIBLE	ocr_fits(591<598<601)
production-1877-78	359	DCXTI	612	612	OCR_PLAUSIBLE	ocr_fits(610<612<614)
production-1877-78	364	DCXXITI	623	623	OCR_PLAUSIBLE	ocr_fits(621<623<625)
production-1877-78	366	DCXXXIL	632	632	OCR_PLAUSIBLE	ocr_fits(625<632<634)
production-1877-78	372	DCLVIL	657	657	OCR_PLAUSIBLE	ocr_fits(655<657<659)
production-1877-78	373	DCLVIIT	658	658	OCR_PLAUSIBLE	ocr_fits(655<658<659)
production-1877-78	375	DCLXVi	666	666	OCR_PLAUSIBLE	ocr_fits(659<666<667)
production-1880	0	IL	2	2	CONFIRMED	fill_agrees(3)
production-1880	24	XXVIIL	28	28	AUTO	bracket(27<29)
production-1880	33	XXXVITIL	39		REVIEW	fill_disagrees(ocr=39,fill=37)
production-1880	41	XLYI	41	46	AUTO	bracket(45<47)
production-1880	43	XLVIITI	49	48	AUTO	bracket(47<49)
production-1880	54	LXIL	62	62	CONFIRMED	fill_agrees(61)
production-1880	70	LXXXT	81	81	OCR_PLAUSIBLE	ocr_fits(79<81<82)
production-1880	72	LXXXITI	83	83	AUTO	bracket(82<84)
production-1880	74	LXXXYV	85	85	CONFIRMED	fill_agrees(84)
production-1880	79	XCIIT	93	93	OCR_PLAUSIBLE	ocr_fits(91<93<94)
production-1880	81	XCYV	95	95	AUTO	bracket(94<96)
production-1880	89	CITI	103	103	AUTO	bracket(102<104)
production-1880	99	CXIIL	113	113	CONFIRMED	fill_agrees(112)
production-1880	106	CXXIITI	124		REVIEW	fill_disagrees(ocr=124,fill=122)
production-1881	0	T	1	1	CONFIRMED	fill_agrees(2)
production-1881	35	XLYVIII	48	48	AUTO	bracket(47<49)
production-1881	58	LXXIITI	74	74	OCR_PLAUSIBLE	ocr_fits(72<74<77)
production-1881	59	LXXVI1	77		REVIEW	fill_disagrees(ocr=77,fill=74)
production-1883-84-regular	1	IL	2	2	CONFIRMED	fill_agrees(1)
production-1883-84-regular	16	XXIIL	23	23	AUTO	bracket(22<24)
production-1883-84-regular	41	LIIL	53	53	OCR_PLAUSIBLE	ocr_fits(51<53<55)
production-1883-84-regular	42	LIY	51		REVIEW	fill_disagrees(ocr=51,fill=53)
production-1883-84-regular	54	LXVIL	67	67	AUTO	bracket(66<68)
production-1883-84-regular	58	LXXITI	73	73	AUTO	bracket(72<74)
production-1885-86	1	IT	2	2	AUTO	bracket(1<3)
production-1885-86	35	XLIL	42	42	OCR_PLAUSIBLE	ocr_fits(40<42<44)
production-1885-86	36	XLITI	43	43	OCR_PLAUSIBLE	ocr_fits(40<43<44)
production-1885-86	53	LXITI	63	63	OCR_PLAUSIBLE	ocr_fits(61<63<64)
production-1885-86	60	LXXIL	72	72	AUTO	bracket(71<73)
production-1885-86	62	LXXIYV	74	74	AUTO	bracket(73<75)
production-1885-86	72	LXXXVITI	88	88	CONFIRMED	fill_agrees(87)
production-1885-86	83	CITI	103	103	AUTO	bracket(102<104)
production-1885-86	87	CVIT	107	107	CONFIRMED	fill_agrees(106)
production-1885-86	88	CVTILI	156		REVIEW	fill_disagrees(ocr=156,fill=108)
production-1885-86	100	CXXIT	122	122	OCR_PLAUSIBLE	ocr_fits(120<122<124)
production-1885-86	107	CXXXITI	133	133	OCR_PLAUSIBLE	ocr_fits(131<133<134)
production-1885-86	109	CXXXVIL	137	137	OCR_PLAUSIBLE	ocr_fits(134<137<140)
production-1885-86	117	CXLVIL	147	147	AUTO	bracket(146<149)
production-1885-86	118	CXLVIT	147	148	AUTO	bracket(146<149)
production-1885-86	122	CLIT	152	152	OCR_PLAUSIBLE	ocr_fits(150<152<154)
production-1887	14	XY	10	15	AUTO	bracket(14<16)
production-1887	35	XXXVIITI	39	38	AUTO	bracket(37<39)
production-1887	57	LXIITI	64	64	OCR_PLAUSIBLE	ocr_fits(62<64<65)
production-1887	76	LXXXVIT	87	87	OCR_PLAUSIBLE	ocr_fits(85<87<89)
production-1887	92	CVIL	107	107	OCR_PLAUSIBLE	ocr_fits(104<107<108)
production-1887	98	CXITI	113	113	AUTO	bracket(112<114)
production-1887	100	CXVv	120	115	AUTO	bracket(114<116)
production-1887	124	CXLIL	142	142	CONFIRMED	fill_agrees(141)
production-1887	126	CXLY	140		REVIEW	fill_disagrees(ocr=140,fill=143)
production-1887	150	CLXXITI	173	173	AUTO	bracket(172<174)
production-1887	157	CLXXXTI	182		REVIEW	fill_disagrees(ocr=182,fill=182)
production-1887	160	CLXXXYV	185	185	CONFIRMED	fill_agrees(184)
production-1889	31	XXXVITI	38	38	CONFIRMED	fill_agrees(37)
production-1889	42	LITI	53	53	AUTO	bracket(52<54)
production-1889	52	LXLY	90	64	AUTO	bracket(63<65)
production-1889	55	LXVIL	67	67	CONFIRMED	fill_agrees(66)
production-1889	72	LXXXVIT	87	87	CONFIRMED	fill_agrees(86)
production-1889	73	LXXXVIIL	88	88	CONFIRMED	fill_agrees(86)
production-1889	77	XClV	94	94	OCR_PLAUSIBLE	ocr_fits(92<94<95)
production-1889	87	CY	100	105	AUTO	bracket(104<106)
production-1889	108	CXXVITII	129	129	OCR_PLAUSIBLE	ocr_fits(127<129<130)
production-1889	112	CXXXIITI	134	134	OCR_PLAUSIBLE	ocr_fits(132<134<136)
production-1889	113	CXXXYV	135	135	OCR_PLAUSIBLE	ocr_fits(132<135<136)
production-1889	118	CXLIL	142	142	AUTO	bracket(141<143)
production-1889	122	CXLVIL	147	147	OCR_PLAUSIBLE	ocr_fits(145<147<148)
production-1889	132	CLVIIL	158		REVIEW	restart_or_decrease(205->159)
production-1889	148	CLXXVIIL	178	178	AUTO	bracket(177<179)
production-1889	153	CLXXXITV	185	184	AUTO	bracket(183<185)
production-1889	161	CXCYV	195	195	OCR_PLAUSIBLE	ocr_fits(193<195<196)
production-1889	173	CCVITI	208		REVIEW	restart_or_decrease(255->209)
production-1889	185	CCXXITII	224	223	AUTO	bracket(222<224)
production-1889	197	CCXLVIIL	248	248	CONFIRMED	fill_agrees(247)
production-1889	203	CCLY	250	255	AUTO	bracket(254<256)
production-1889	206	CCLVITII	259		REVIEW	restart_or_decrease(305->259)
production-1889	208	CCLXI1	262		REVIEW	fill_disagrees(ocr=262,fill=260)
production-1889	211	CCLXY	260		REVIEW	fill_disagrees(ocr=260,fill=264)
production-1889	214	CCLXVIIL	268	268	CONFIRMED	fill_agrees(267)
production-1889	215	CCLXXY	270	270	OCR_PLAUSIBLE	ocr_fits(267<270<281)
production-1889	219	CCLXXXYV	285	285	CONFIRMED	fill_agrees(284)
production-1891	11	XIIL	13	13	CONFIRMED	fill_agrees(12)
production-1891	33	XXXVITI	38	38	AUTO	bracket(37<39)
production-1891	55	Li	51		REVIEW	fill_disagrees(ocr=51,fill=60)
production-1891	57	LXIITI	64	63	AUTO	bracket(62<64)
production-1891	67	LXXYV	75	75	AUTO	bracket(74<76)
production-1891	101	CXITI	113	113	AUTO	bracket(112<115)
production-1891	102	CXIY	111	114	AUTO	bracket(112<115)
production-1891	105	CXVIIL	118	118	CONFIRMED	fill_agrees(117)
production-1891	108	CXXIIT	123	123	AUTO	bracket(122<124)
production-1891	118	CXXXY	130	135	AUTO	bracket(134<136)
production-1891	126	CXLIITI	144	143	AUTO	bracket(142<144)
production-1891	139	CLVITI	158	158	AUTO	bracket(157<159)
production-1891	162	CLXXXY	180	185	AUTO	bracket(184<186)
production-1891	170	CXCY	190		REVIEW	fill_disagrees(ocr=190,fill=194)
production-1891	176	CCTIII	204		REVIEW	fill_disagrees(ocr=204,fill=202)
production-1891	220	CCLY	250	255	AUTO	bracket(254<256)
production-1891	226	CCLXITI	263	263	OCR_PLAUSIBLE	ocr_fits(261<263<264)
production-1891	230	CCLXVITI	268	268	OCR_PLAUSIBLE	ocr_fits(266<268<269)
production-1893	6	VIL	7	7	AUTO	bracket(6<8)
production-1893	19	XxX	30	20	AUTO	bracket(19<21)
production-1893	31	XXXITII	34		REVIEW	fill_disagrees(ocr=34,fill=32)
production-1893	53	LVIL	57	57	AUTO	bracket(56<58)
production-1893	76	LXXXIIL	83	83	AUTO	bracket(82<84)
production-1893	91	XCVIIL	98	98	AUTO	bracket(97<99)
production-1893	103	Cx	110	110	AUTO	bracket(109<111)
production-1893	128	CXXXYV	135	135	AUTO	bracket(134<136)
production-1893	136	CXLIIL	143	143	AUTO	bracket(142<144)
production-1893	139	CXLY1I	142	146	AUTO	bracket(145<148)
production-1893	140	CXLVIL	147	147	AUTO	bracket(145<148)
production-1893	145	CLIi	152	152	AUTO	bracket(151<154)
production-1893	146	CLIT	152	153	AUTO	bracket(151<154)
production-1893	148	CLY	150	155	AUTO	bracket(154<156)
production-1893	158	CLXY	160	165	AUTO	bracket(164<166)
production-1893	168	CLXXXIT	182	182	AUTO	bracket(181<183)
production-1893	195	CCXY	210	215	AUTO	bracket(214<216)
production-1893	202	CCXXIIL	223	223	CONFIRMED	fill_agrees(222)
production-1895	11	XIIT	13	13	AUTO	bracket(12<14)
production-1895	23	XXY	20	25	AUTO	bracket(24<26)
production-1895	36	XXXVITI	38	38	AUTO	bracket(37<39)
production-1895	69	LXXIIl	73	73	AUTO	bracket(72<74)
production-1895	85	LXXXTX	89	89	AUTO	bracket(88<90)
production-1895	104	CIx	109	109	AUTO	bracket(108<110)
production-1895	113	CXVITI	118	118	AUTO	bracket(117<119)
production-1895	115	CXxX	130	120	AUTO	bracket(119<121)
production-1895	120	CXXYV	125	125	AUTO	bracket(124<126)
production-1895	125	CXXXIL	132	132	OCR_PLAUSIBLE	ocr_fits(130<132<133)
production-1895	143	CLITII	154		REVIEW	fill_disagrees(ocr=154,fill=152)
production-1895	152	CLXITI	163	163	OCR_PLAUSIBLE	ocr_fits(161<163<164)
production-1895	154	CLXY	160	165	AUTO	bracket(164<166)
production-1895	157	CLXVIIL	168	168	AUTO	bracket(167<169)
production-1895	169	CLXXXTI	182	182	AUTO	bracket(181<183)
production-1895	174	CLXXXVIT	187	187	CONFIRMED	fill_agrees(186)
production-1895	176	CxC	190	190	AUTO	bracket(189<191)
production-1895	183	CXCVITI	198	198	OCR_PLAUSIBLE	ocr_fits(196<198<199)
production-1895	199	CCXIY	211	214	AUTO	bracket(213<215)
production-1895	207	CCXXITI	223	222	AUTO	bracket(221<223)
production-1897	22	XXY	20		REVIEW	fill_disagrees(ocr=20,fill=24)
production-1897	33	XXXVIL	37	37	AUTO	bracket(36<38)
production-1897	49	LIITI	54	53	AUTO	bracket(52<54)
production-1897	58	LXIJI	63	62	AUTO	bracket(61<63)
production-1897	63	LXVIL	67	67	AUTO	bracket(66<68)
production-1897	66	LXxX	80	70	AUTO	bracket(69<71)
production-1897	69	LXXIITI	74	74	OCR_PLAUSIBLE	ocr_fits(72<74<75)
production-1897	79	LXXXYV	85	85	AUTO	bracket(84<86)
production-1897	96	CITI	103	103	AUTO	bracket(102<104)
production-1897	103	Cx	110	110	OCR_PLAUSIBLE	ocr_fits(108<110<111)
production-1897	111	CXxX	130	120	AUTO	bracket(119<121)
production-1897	154	CLXY	160	165	AUTO	bracket(164<166)
production-1897	157	CLXVITII	169	168	AUTO	bracket(167<169)
production-1897	166	CLXXVIL	177	177	CONFIRMED	fill_agrees(176)
production-1897	198	CCXITI	213	213	AUTO	bracket(212<214)
production-1897	212	CCXXVIIL	228	228	CONFIRMED	fill_agrees(227)
production-1897	231	CCLIIL	253	253	AUTO	bracket(252<254)
production-1897	255	CCLXXVIL	277	277	CONFIRMED	fill_agrees(276)
production-1899	2	ITI	3	3	AUTO	bracket(2<4)
production-1899	7	VIlI	8	8	AUTO	bracket(7<9)
production-1899	36	XLY	40		REVIEW	fill_disagrees(ocr=40,fill=43)
production-1899	47	LVIIl	58	58	AUTO	bracket(57<59)
production-1899	50	LXY	60		REVIEW	fill_disagrees(ocr=60,fill=61)
production-1899	54	LXXIIL	73	73	OCR_PLAUSIBLE	ocr_fits(71<73<75)
production-1899	55	LXXTV	74	74	OCR_PLAUSIBLE	ocr_fits(71<74<75)
production-1899	57	LXXVITI	78	78	OCR_PLAUSIBLE	ocr_fits(75<78<81)
production-1899	60	LXXXIIIL	84	83	AUTO	bracket(82<84)
production-1899	70	XCITI	93	93	CONFIRMED	fill_agrees(92)
production-1899	74	XCVIIL	98	98	AUTO	bracket(97<99)
production-1899	91	CXXIL	122	122	OCR_PLAUSIBLE	ocr_fits(119<122<125)
production-1899	94	CXXYVII	127	127	CONFIRMED	fill_agrees(126)
production-1899	99	CXXXIIT	133	133	AUTO	bracket(132<134)
production-1899	101	CXXXYV	135	135	CONFIRMED	fill_agrees(134)
production-1899	102	CXXXVIIL	138		REVIEW	fill_disagrees(ocr=138,fill=136)
production-1899	107	CXLITII	144		REVIEW	fill_disagrees(ocr=144,fill=142)
production-1899	109	CXLY	140		REVIEW	fill_disagrees(ocr=140,fill=145)
production-1899	138	CLXXxX	190	180	AUTO	bracket(179<181)
production-1899	141	CLXXXITT	183	183	CONFIRMED	fill_agrees(182)
production-1899	144	CLXXXVIT	187	187	CONFIRMED	fill_agrees(186)
production-1899	151	CXCY	190	195	AUTO	bracket(194<196)
production-1899	169	CCXY	210		REVIEW	fill_disagrees(ocr=210,fill=214)
production-1899	171	CCXV4I	216	217	AUTO	bracket(216<218)
production-1900-01	43	LY	50	55	AUTO	bracket(54<56)
production-1900-01	52	LXY	60		REVIEW	fill_disagrees(ocr=60,fill=65)
production-1900-01	65	LXXXIT	82	82	AUTO	bracket(81<83)
production-1900-01	74	XCY	90	95	AUTO	bracket(94<96)
production-1900-01	88	CI1X	110	109	AUTO	bracket(108<110)
production-1900-01	95	CXVIIiI	119	118	AUTO	bracket(117<119)
production-1900-01	108	CXXXITI	133	133	CONFIRMED	fill_agrees(132)
production-1900-01	117	CXLVY	145	145	OCR_PLAUSIBLE	ocr_fits(143<145<146)
production-1900-01	141	CLXXITL	173	173	CONFIRMED	fill_agrees(172)
production-1900-01	157	CXCIITI	194	193	AUTO	bracket(192<194)
production-1900-01	166	CCIY	201	204	AUTO	bracket(203<205)
production-1900-01	188	CCXXVITI	228	228	AUTO	bracket(227<229)
production-1900-01	198	CCXLIL	242		REVIEW	fill_disagrees(ocr=242,fill=238)
production-1900-01	200	CCXLITI	243	243	AUTO	bracket(242<244)
production-1900-01	211	CCLYV	255	255	AUTO	bracket(254<256)
production-1900-01	229	CCLXXY	270		REVIEW	fill_disagrees(ocr=270,fill=275)
production-1903	2	IT	2	3	AUTO	bracket(2<4)
production-1903	22	XXYII	22	27	AUTO	bracket(26<28)
production-1903	38	XLIY	41		REVIEW	fill_disagrees(ocr=41,fill=44)
production-1903	51	Lx	60	60	AUTO	bracket(59<61)
production-1903	70	LXXxX	90	80	AUTO	bracket(79<81)
production-1903	80	XCITI	93	93	CONFIRMED	fill_agrees(92)
production-1903	83	XCVIL	97	97	AUTO	bracket(96<98)
production-1903	87	Cll	102	102	AUTO	bracket(101<104)
production-1903	88	CITI	103	103	AUTO	bracket(101<104)
production-1903	90	CY	100	105	AUTO	bracket(104<106)
production-1903	115	CXXXITI	133	133	AUTO	bracket(132<134)
production-1903	123	CXLIYV	144	144	OCR_PLAUSIBLE	ocr_fits(142<144<145)
production-1903	133	CLY	150	155	AUTO	bracket(154<156)
production-1903	141	CLXIIL	163	163	CONFIRMED	fill_agrees(162)
production-1903	149	CLXXITI	173		REVIEW	restart_or_decrease(220->176)
production-1903	150	CLXXY	170		REVIEW	restart_or_decrease(220->176)
production-1903	189	CCXXYV	225	225	AUTO	bracket(224<226)
production-1903	195	CCXXXIL	232	232	OCR_PLAUSIBLE	ocr_fits(230<232<234)
production-1903	199	CCXXXTX	239	239	OCR_PLAUSIBLE	ocr_fits(237<239<240)
production-1903	216	CCLYV	255	255	AUTO	bracket(254<256)
production-1903	235	CCLXXY	270		REVIEW	fill_disagrees(ocr=270,fill=275)
production-1903	236	CCLXXVIL	277	277	OCR_PLAUSIBLE	ocr_fits(274<277<279)
production-1903	248	CCXCITI	293		REVIEW	restart_or_decrease(340->294)
production-1903	273	CCCXXIIL	323	323	AUTO	bracket(322<324)
production-1903	280	CCCXXXIY	331		REVIEW	fill_disagrees(ocr=331,fill=332)
production-1903	292	CCCLIL	352	352	AUTO	bracket(351<353)
production-1903	303	CCCLXYV	365	365	CONFIRMED	fill_agrees(364)
production-1903	305	CCCLXVIi	367		REVIEW	restart_or_decrease(405->369)
production-1905	29	XXXTII	33	33	AUTO	bracket(32<34)
production-1905	36	Xi	11	40	AUTO	bracket(39<41)
production-1905	40	XTIV	15		REVIEW	restart_or_decrease(91->45)
production-1905	56	LXY	60	65	AUTO	bracket(64<66)
production-1905	103	CXVIil	118	118	AUTO	bracket(117<119)
production-1905	111	CXXVIITI	129	128	AUTO	bracket(127<129)
production-1905	114	CXXXTI	132	131	AUTO	bracket(130<132)
production-1905	130	Cl	101	150	AUTO	bracket(149<151)
production-1905	133	CLITI	153	153	CONFIRMED	fill_agrees(152)
production-1905	135	CLYIL	152	156	AUTO	bracket(155<157)
production-1905	140	CLXITI	163	163	CONFIRMED	fill_agrees(162)
production-1905	195	CCXXXITI	233	233	AUTO	bracket(232<234)
production-1905	197	CCXXXYV	235	235	AUTO	bracket(234<236)
production-1905	202	CCX1LI	260		REVIEW	fill_disagrees(ocr=260,fill=241)
production-1905	203	CCXLIT	242	242	CONFIRMED	fill_agrees(240)
production-1905	212	CCLIIL	253	252	AUTO	bracket(251<253)
production-1905	244	CCXCY	290	295	AUTO	bracket(294<296)
production-1905	247	CCXCVITI	298	298	AUTO	bracket(297<299)
production-1905	252	CCCITI	303	303	AUTO	bracket(302<305)
production-1905	253	CCCIY	301	304	AUTO	bracket(302<305)
production-1905	272	CCCXXVIL	327	327	CONFIRMED	fill_agrees(326)
production-1905	280	CCCXLITI	343	342	AUTO	bracket(341<343)
production-1905	288	CCCLITI	353	353	OCR_PLAUSIBLE	ocr_fits(350<353<360)
production-1905	289	CCCLYV	355	355	OCR_PLAUSIBLE	ocr_fits(350<355<360)
production-1905	290	CCCLVIL	357	357	OCR_PLAUSIBLE	ocr_fits(350<357<360)
production-1905	293	CCCLXIIL	363	363	AUTO	bracket(362<364)
production-1905	295	CCCLXYV	365	365	AUTO	bracket(364<366)
production-1905	301	CCCLXXIL	372	372	CONFIRMED	fill_agrees(371)
production-1905	315	CDVIITI	409	408	AUTO	bracket(407<409)
production-1905	323	CDXVITI	418	418	OCR_PLAUSIBLE	ocr_fits(416<418<419)
production-1905	329	CDXXYV	425	425	AUTO	bracket(424<426)
production-1905	353	CDLIT	452	452	AUTO	bracket(451<453)
production-1905	362	CDLXYI	461	461	AUTO	bracket(460<462)
production-1905	389	CDXCYV	495	495	CONFIRMED	fill_agrees(494)
production-1905	391	CDXCVITI	498	498	AUTO	bracket(497<499)
production-1905	404	DX1I	512	512	AUTO	bracket(511<513)
production-1905	407	DXYV	515	515	AUTO	bracket(514<516)
production-1905	423	DXXXT	531	531	AUTO	bracket(530<532)
production-1905	427	DXXXYV	535	535	AUTO	bracket(534<536)
production-1905	434	DXLITI	543	543	OCR_PLAUSIBLE	ocr_fits(541<543<544)
production-1905	450	DLXITII	564		REVIEW	fill_disagrees(ocr=564,fill=562)
production-1905	458	d	500		REVIEW	fill_disagrees(ocr=500,fill=571)
production-1905	465	DLXXXI1I	583		REVIEW	fill_disagrees(ocr=583,fill=581)
production-1905	474	DXCTIV	595	594	AUTO	bracket(593<595)
production-1905	490	DCXIJI	613	612	AUTO	bracket(611<613)
production-1907-09	57	0	0	90	AUTO	bracket(89<91)
production-1910-11	27	d4	500		REVIEW	fill_disagrees(ocr=500,fill=53)
production-1910-11	29	9d7	500		REVIEW	fill_disagrees(ocr=500,fill=56)
production-1910-11	267	d1d	999		REVIEW	fill_disagrees(ocr=999,fill=513)
production-1910-11	275	03d	0	535	AUTO	bracket(534<536)
production-1927-vol1-chapters	701	8il	2		REVIEW	fill_disagrees(ocr=2,fill=811)
production-1931-vol1-chapters	726	10192	10192	1012	AUTO	bracket(1011<1013)
production-1935-vol1-chapters	90	10d	0		REVIEW	fill_disagrees(ocr=0,fill=105)
production-1939-vol1-chapters	866	10835	10835	1085	AUTO	bracket(1084<1086)
production-1941-vol1-41chapters	353	90623	90623	563	AUTO	bracket(562<564)
production-1941-vol1-41chapters	627	10238	10238		REVIEW	fill_disagrees(ocr=10238,fill=1023)
production-1941-vol1-41chapters	681	11382	11382		REVIEW	fill_disagrees(ocr=11382,fill=1131)
production-1941-vol1-41chapters	728	d	500		REVIEW	fill_disagrees(ocr=500,fill=1205)
production-1943-vol1-chapters	712	i019	2		REVIEW	fill_disagrees(ocr=2,fill=1018)
production-1945-vol1-chapters	810	1C06	99	1006	AUTO	bracket(1005<1007)
production-1945-vol1-chapters	832	10384	10384	1034	AUTO	bracket(1033<1035)
production-1945-vol1-chapters	855	lv63	4	1063	AUTO	bracket(1062<1064)
production-1945-vol1-chapters	895	I110	3	1110	AUTO	bracket(1109<1111)
production-1945-vol1-chapters	964	T1905	2		REVIEW	fill_disagrees(ocr=2,fill=1195)
production-1945-vol1-chapters	1040	13800	13800		REVIEW	fill_disagrees(ocr=13800,fill=1305)
production-1945-vol1-chapters	1089	13870	13870		REVIEW	fill_disagrees(ocr=13870,fill=1369)
production-1945-vol1-chapters	1095	13878	13878		REVIEW	restart_or_decrease(1877->1379)
production-1945-vol1-chapters	1099	13838	13838		REVIEW	restart_or_decrease(1882->1385)
production-1945-vol1-chapters	1110	13899	13899		REVIEW	fill_disagrees(ocr=13899,fill=1398)
production-1945-vol1-chapters	1121	I4t2	2		REVIEW	fill_disagrees(ocr=2,fill=1413)
production-1945-vol1-chapters	1135	14389	14389		REVIEW	restart_or_decrease(1488->1440)
production-1947-vol1-46chapters	102	il7	2	117	AUTO	bracket(116<118)
production-1947-vol1-chapters	65	Ti	2	77	AUTO	bracket(76<78)
production-1947-vol1-chapters	149	1Li7	50	177	AUTO	bracket(176<178)
production-1947-vol1-chapters	592	68C	100	680	AUTO	bracket(679<681)
production-1947-vol1-chapters	922	10386	10386		REVIEW	restart_or_decrease(1085->1037)
production-1947-vol1-chapters	1014	11387	11387	1137	AUTO	bracket(1136<1138)
production-1947-vol1-chapters	1033	1ldi	501	1157	AUTO	bracket(1156<1158)
production-1947-vol1-chapters	1039	11638	11638	1163	AUTO	bracket(1162<1164)
production-1947-vol1-chapters	1065	11938	11938	1193	AUTO	bracket(1192<1194)
production-1947-vol1-chapters	1165	13800	13800	1300	AUTO	bracket(1299<1301)
production-1947-vol1-chapters	1186	13825	13825		REVIEW	fill_disagrees(ocr=13825,fill=1325)
production-1947-vol1-chapters	1192	13832	13832	1332	AUTO	bracket(1331<1333)
production-1947-vol1-chapters	1230	13871	13871	1371	AUTO	bracket(1370<1373)
production-1947-vol1-chapters	1231	13872	13872	1372	AUTO	bracket(1370<1373)
production-1947-vol1-chapters	1293	14386	14386		REVIEW	fill_disagrees(ocr=14386,fill=1436)
production-1947-vol1-chapters	1383	15384	15384	1534	AUTO	bracket(1533<1535)
production-1949-vol1-chapters	373	t	1	513	AUTO	bracket(512<514)
production-1949-vol1-chapters	773	10438	10438		REVIEW	fill_disagrees(ocr=10438,fill=1041)
production-1949-vol1-chapters	846	11385	11385		REVIEW	fill_disagrees(ocr=11385,fill=1135)
production-1949-vol1-chapters	849	11388	11388	1138	AUTO	bracket(1137<1139)
production-1949-vol1-chapters	926	12386	12386		REVIEW	fill_disagrees(ocr=12386,fill=1235)
production-1949-vol1-chapters	1022	13866	13866	1366	AUTO	bracket(1365<1367)
production-1949-vol1-chapters	1064	14138	14138	1413	AUTO	bracket(1412<1414)
production-1951-vol1-chapters	453	611i	3		REVIEW	fill_disagrees(ocr=3,fill=611)
production-1951-vol2-chapters	10	10380	10380		REVIEW	fill_disagrees(ocr=10380,fill=1035)
production-1951-vol2-chapters	11	10387	10387		REVIEW	fill_disagrees(ocr=10387,fill=1036)
production-1951-vol2-chapters	101	11438	11438	1143	AUTO	bracket(1142<1144)
production-1951-vol2-chapters	201	12638	12638		REVIEW	fill_disagrees(ocr=12638,fill=1261)
production-1951-vol2-chapters	209	12738	12738	1273	AUTO	bracket(1272<1274)
production-1951-vol2-chapters	252	13828	13828		REVIEW	fill_disagrees(ocr=13828,fill=1327)
production-1951-vol2-chapters	283	13868	13868	1368	AUTO	bracket(1367<1369)
production-1951-vol2-chapters	294	13880	13880	1380	AUTO	bracket(1379<1381)
production-1951-vol2-chapters	298	13884	13884	1384	AUTO	bracket(1383<1385)
production-1951-vol2-chapters	300	13856	13856	1386	AUTO	bracket(1385<1387)
production-1951-vol2-chapters	454	15738	15738	1573	AUTO	bracket(1572<1574)
production-1951-vol2-chapters	493	16382	16382	1632	AUTO	bracket(1631<1633)
production-1951-vol2-chapters	500	16389	16389		REVIEW	fill_disagrees(ocr=16389,fill=1639)
production-1951-vol2-chapters	540	16097	16097	1697	AUTO	bracket(1696<1698)
production-1953-vol1-chapters	272	J3li	3	317	AUTO	bracket(316<318)
production-1953-vol1-chapters	631	71il	3	711	AUTO	bracket(710<712)
production-1953-vol1-chapters	921	10386	10386	1036	AUTO	bracket(1035<1037)
production-1953-vol2-chapters	189	12738	12738		REVIEW	fill_disagrees(ocr=12738,fill=1273)
production-1953-vol2-chapters	221	13806	13806	1306	AUTO	bracket(1305<1307)
production-1953-vol2-chapters	236	13821	13821	1321	AUTO	bracket(1320<1322)
production-1953-vol2-chapters	256	13841	13841	1341	AUTO	bracket(1340<1342)
production-1953-vol2-chapters	284	13877	13877	1377	AUTO	bracket(1376<1378)
production-1953-vol2-chapters	291	138809	138809	1385	AUTO	bracket(1384<1386)
production-1953-vol2-chapters	430	15387	15387	1537	AUTO	bracket(1536<1538)
production-1953-vol2-chapters	524	16387	16387	1637	AUTO	bracket(1636<1638)
production-1953-vol2-chapters	605	17382	17382		REVIEW	fill_disagrees(ocr=17382,fill=1732)
production-1953-vol2-chapters	607	17385	17385	1735	AUTO	bracket(1734<1737)
production-1953-vol2-chapters	608	17386	17386	1736	AUTO	bracket(1734<1737)
production-1953-vol2-chapters	640	17738	17738		REVIEW	fill_disagrees(ocr=17738,fill=1772)
production-1955-vol1-55chapters	90	1i1	3	111	AUTO	bracket(110<112)
production-1955-vol1-55chapters	791	10387	10387		REVIEW	fill_disagrees(ocr=10387,fill=1036)
production-1955-vol1-55chapters	866	11388	11388	11388	OCR_PLAUSIBLE	ocr_after(1137<11388)
production-1955-vol2-chapters	151	13438	13438		REVIEW	fill_disagrees(ocr=13438,fill=1343)
production-1955-vol2-chapters	162	13857	13857	1357	AUTO	bracket(1356<1358)
production-1955-vol2-chapters	175	13873	13873	1373	AUTO	bracket(1372<1374)
production-1955-vol2-chapters	341	15838	15838	1583	AUTO	bracket(1582<1584)
production-1955-vol2-chapters	493	1id3	500	1793	AUTO	bracket(1792<1794)
production-1955-vol2-chapters	530	18141	18141	1841	AUTO	bracket(1840<1842)
production-1955-vol2-chapters	537	18538	18538		REVIEW	fill_disagrees(ocr=18538,fill=1850)
production-1957-vol1-57chapters	845	11382	11382		REVIEW	fill_disagrees(ocr=11382,fill=1132)
production-1957-vol1-57chapters	846	11384	11384		REVIEW	fill_disagrees(ocr=11384,fill=1133)
production-1957-vol1-57chapters	862	11538	11538	1153	AUTO	bracket(1152<1154)
production-1957-vol1-57chapters	974	13802	13802		REVIEW	fill_disagrees(ocr=13802,fill=1300)
production-1957-vol1-57chapters	1031	13879	13879		REVIEW	fill_disagrees(ocr=13879,fill=1379)
production-1957-vol2-57chapters	30	14383	14383	1433	AUTO	bracket(1432<1434)
production-1957-vol2-57chapters	33	14386	14386	1436	AUTO	bracket(1435<1437)
production-1957-vol2-57chapters	99	19505	19505	1505	AUTO	bracket(1504<1506)
production-1957-vol2-57chapters	352	1lii3	4	1779	AUTO	bracket(1778<1780)
production-1957-vol2-57chapters	405	18388	18388	1838	AUTO	bracket(1837<1839)
production-1957-vol2-57chapters	610	20638	20638	2063	AUTO	bracket(2062<2064)
production-1957-vol2-57chapters	681	21388	21388	2138	AUTO	bracket(2137<2139)
production-1957-vol2-57chapters	695	21538	21538		REVIEW	fill_disagrees(ocr=21538,fill=2152)
production-1957-vol2-57chapters	712	21738	21738	2173	AUTO	bracket(2172<2174)
production-1957-vol2-57chapters	801	22606	22606	2266	AUTO	bracket(2265<2267)
production-1957-vol2-57chapters	863	23382	23382		REVIEW	fill_disagrees(ocr=23382,fill=2332)
production-1957-vol2-57chapters	880	23851	23851		REVIEW	fill_disagrees(ocr=23851,fill=2301)
production-1957-vol2-57chapters	897	23871	23871		REVIEW	fill_disagrees(ocr=23871,fill=2370)
production-1957-vol2-57chapters	900	23875	23875	2375	AUTO	bracket(2374<2376)
production-1957-vol2-57chapters	902	23877	23877	2377	AUTO	bracket(2376<2378)
production-1957-vol2-57chapters	937	24138	24138	2413	AUTO	bracket(2412<2414)
production-1959-vol1-59chapters	45	00	0	50	AUTO	bracket(49<51)
production-1959-vol1-59chapters	359	41d	0		REVIEW	fill_disagrees(ocr=0,fill=415)
production-1959-vol1-59chapters	663	Ti7	2	777	AUTO	bracket(776<778)
production-1959-vol1-59chapters	740	877i	1	877	AUTO	bracket(876<878)
production-1959-vol2-chapters	104	11382	11382	1132	AUTO	bracket(1131<1133)
production-1959-vol2-chapters	138	11738	11738	1173	AUTO	bracket(1172<1174)
production-1959-vol2-chapters	236	12958	12958	1293	AUTO	bracket(1292<1294)
production-1959-vol2-chapters	261	13823	13823		REVIEW	fill_disagrees(ocr=13823,fill=1323)
production-1959-vol2-chapters	273	13842	13842		REVIEW	fill_disagrees(ocr=13842,fill=1341)
production-1959-vol2-chapters	299	13874	13874		REVIEW	fill_disagrees(ocr=13874,fill=1370)
production-1959-vol2-chapters	310	13886	13886	1386	AUTO	bracket(1385<1387)
production-1959-vol2-chapters	336	i415	2	1415	AUTO	bracket(1414<1416)
production-1959-vol2-chapters	353	14386	14386		REVIEW	fill_disagrees(ocr=14386,fill=1435)
production-1959-vol2-chapters	439	15438	15438	1543	AUTO	bracket(1542<1544)
production-1959-vol2-chapters	706	15890	15890	1890	AUTO	bracket(1889<1891)
production-1961-vol1-61chapters	582	d	500	830	AUTO	bracket(829<831)
production-1961-vol1-61chapters	718	10381	10381	1031	AUTO	bracket(1030<1032)
production-1961-vol1-61chapters	739	10638	10638		REVIEW	fill_disagrees(ocr=10638,fill=1063)
production-1961-vol1-61chapters	788	11294	11294	1124	AUTO	bracket(1123<1125)
production-1961-vol1-61chapters	869	12338	12338		REVIEW	fill_disagrees(ocr=12338,fill=1232)
production-1961-vol2-chapters	49	13801	13801		REVIEW	fill_disagrees(ocr=13801,fill=1301)
production-1961-vol2-chapters	57	13810	13810		REVIEW	fill_disagrees(ocr=13810,fill=1309)
production-1961-vol2-chapters	97	13854	13854	1354	AUTO	bracket(1353<1355)
production-1961-vol2-chapters	120	13879	13879	1379	AUTO	bracket(1378<1380)
production-1961-vol2-chapters	165	14383	14383		REVIEW	fill_disagrees(ocr=14383,fill=1431)
production-1961-vol2-chapters	206	14838	14838	1483	AUTO	bracket(1482<1484)
production-1961-vol2-chapters	290	15838	15838	1583	AUTO	bracket(1582<1584)
production-1961-vol2-chapters	383	16838	16838	1688	AUTO	bracket(1687<1689)
production-1961-vol2-chapters	388	16938	16938	1693	AUTO	bracket(1692<1694)
production-1961-vol2-chapters	398	17035	17035	1703	AUTO	bracket(1702<1704)
production-1961-vol2-chapters	426	17382	17382	1732	AUTO	bracket(1731<1736)
production-1961-vol2-chapters	427	17338	17338	1733	AUTO	bracket(1731<1736)
production-1961-vol2-chapters	428	17384	17384	1734	AUTO	bracket(1731<1736)
production-1961-vol2-chapters	429	17385	17385	1735	AUTO	bracket(1731<1736)
production-1961-vol2-chapters	466	17738	17738	1773	AUTO	bracket(1772<1774)
production-1961-vol2-chapters	529	18438	18438		REVIEW	restart_or_decrease(1842->1544)
production-1961-vol2-chapters	609	19387	19387	1937	AUTO	bracket(1936<1938)
production-1961-vol2-chapters	643	19738	19738	1973	AUTO	bracket(1972<1974)
production-1961-vol2-chapters	790	21385	21385	2135	AUTO	bracket(2134<2136)
production-1961-vol2-chapters	792	21387	21387	2137	AUTO	bracket(2136<2138)
production-1961-vol2-chapters	823	2liv	5	2170	AUTO	bracket(2169<2171)
production-1961-vol2-chapters	826	21738	21738	2173	AUTO	bracket(2172<2174)
production-1963-vol1-63chapters	31	3d	0		REVIEW	fill_disagrees(ocr=0,fill=35)
production-1963-vol1-63chapters	953	10384	10384	1034	AUTO	bracket(1033<1035)
production-1963-vol2-chapters	72	11386	11386	1136	AUTO	bracket(1135<1137)
production-1963-vol2-chapters	79	11438	11438	1143	AUTO	bracket(1142<1144)
production-1963-vol2-chapters	109	J174	2	1174	AUTO	bracket(1173<1175)
production-1963-vol2-chapters	170	I241	2	1241	AUTO	bracket(1240<1242)
production-1963-vol2-chapters	246	13824	13824	1324	AUTO	bracket(1323<1325)
production-1963-vol2-chapters	257	13835	13835	1335	AUTO	bracket(1334<1336)
production-1963-vol2-chapters	269	13847	13847	1347	AUTO	bracket(1346<1348)
production-1963-vol2-chapters	273	13851	13851	1351	AUTO	bracket(1350<1352)
production-1963-vol2-chapters	281	13859	13859	1359	AUTO	bracket(1358<1360)
production-1963-vol2-chapters	285	13863	13863	1363	AUTO	bracket(1362<1364)
production-1963-vol2-chapters	290	13868	13868	1368	AUTO	bracket(1367<1369)
production-1963-vol2-chapters	293	13871	13871	1371	AUTO	bracket(1370<1372)
production-1963-vol2-chapters	295	13873	13873		REVIEW	fill_disagrees(ocr=13873,fill=1373)
production-1963-vol2-chapters	300	13878	13878		REVIEW	fill_disagrees(ocr=13878,fill=1378)
production-1963-vol2-chapters	301	13879	13879		REVIEW	fill_disagrees(ocr=13879,fill=1379)
production-1963-vol2-chapters	303	13882	13882		REVIEW	restart_or_decrease(1880->1384)
production-1963-vol2-chapters	349	14381	14381	1431	AUTO	bracket(1430<1432)
production-1963-vol2-chapters	352	14384	14384	1434	AUTO	bracket(1433<1435)
production-1963-vol2-chapters	439	15238	15238	1523	AUTO	bracket(1522<1524)
production-1963-vol2-chapters	483	15070	15070	1570	AUTO	bracket(1569<1571)
production-1963-vol2-chapters	735	18386	18386		REVIEW	fill_disagrees(ocr=18386,fill=1835)
production-1963-vol2-chapters	736	18387	18387		REVIEW	fill_disagrees(ocr=18387,fill=1836)
production-1963-vol2-chapters	747	i849	1	1849	AUTO	bracket(1848<1850)
production-1963-vol2-chapters	827	19387	19387		REVIEW	fill_disagrees(ocr=19387,fill=1936)
production-1963-vol2-chapters	981	21038	21038	2103	AUTO	bracket(2102<2104)
production-1963-vol2-chapters	1011	21386	21386	2136	AUTO	bracket(2135<2137)
production-1963-vol2-chapters	1017	21438	21438		REVIEW	fill_disagrees(ocr=21438,fill=2142)
production-1965-vol2	25	9d26	500	526	AUTO	bracket(525<527)
production-1965-vol2	479	10381	10381	1031	AUTO	bracket(1030<1032)
production-1965-vol2	585	11438	11438		REVIEW	fill_disagrees(ocr=11438,fill=1148)
production-1965-vol2	665	12395	12395	1235	AUTO	bracket(1234<1236)
production-1965-vol2	667	12387	12387	1237	AUTO	bracket(1236<1238)
production-1965-vol2	746	13821	13821	1321	AUTO	bracket(1320<1322)
production-1965-vol2	748	13823	13823	1323	AUTO	bracket(1322<1324)
production-1965-vol2	796	13877	13877		REVIEW	fill_disagrees(ocr=13877,fill=1376)
production-1965-vol2	801	13882	13882		REVIEW	fill_disagrees(ocr=13882,fill=1382)
production-1965-vol2	1024	16356	16356	1636	AUTO	bracket(1635<1637)
production-1965-vol3-chapters	100	17938	17938	1793	AUTO	bracket(1792<1794)
production-1965-vol3-chapters	180	18580	18580	1880	AUTO	bracket(1879<1881)
production-1965-vol3-chapters	211	19121	19121	1911	AUTO	bracket(1910<1912)
production-1965-vol3-chapters	332	20387	20387	2037	AUTO	bracket(2036<2038)
production-1967-vol2	46	90956	90956	556	AUTO	bracket(555<557)
production-1967-vol2	477	10388	10388		REVIEW	fill_disagrees(ocr=10388,fill=1038)
production-1967-vol2	500	L064	50	1064	AUTO	bracket(1063<1065)
production-1967-vol2	547	11138	11138	1113	AUTO	bracket(1112<1114)
production-1967-vol2	643	J222	1	1222	AUTO	bracket(1221<1223)
production-1967-vol2	715	13812	13812		REVIEW	fill_disagrees(ocr=13812,fill=1312)
production-1967-vol2	724	13821	13821	1321	AUTO	bracket(1320<1322)
production-1967-vol2	741	13838	13838		REVIEW	restart_or_decrease(1387->1339)
production-1967-vol2	763	13861	13861	1361	AUTO	bracket(1360<1362)
production-1967-vol2	765	13638	13638	1363	AUTO	bracket(1362<1364)
production-1967-vol2	777	13878	13878		REVIEW	restart_or_decrease(1877->1379)
production-1967-vol2	781	13838	13838		REVIEW	fill_disagrees(ocr=13838,fill=1382)
production-1967-vol2	783	13885	13885	1385	AUTO	bracket(1384<1386)
production-1967-vol2	806	14138	14138	1413	AUTO	bracket(1412<1414)
production-1967-vol2	824	14383	14383	1483	AUTO	bracket(1482<1485)
production-1967-vol2	825	14384	14384	1484	AUTO	bracket(1482<1485)
production-1967-vol2	897	J517	2		REVIEW	fill_disagrees(ocr=2,fill=1516)
production-1967-vol2	912	10383	10383		REVIEW	fill_disagrees(ocr=10383,fill=1533)
production-1968-vol1-chapters	109	ill	3	111	AUTO	bracket(110<112)
production-1968-vol1-chapters	125	i128	2	128	AUTO	bracket(127<129)
production-1968-vol1-chapters	159	i64	1	164	AUTO	bracket(163<165)
production-1968-vol2-chapters	64	10038	10038		REVIEW	fill_disagrees(ocr=10038,fill=1003)
production-1968-vol2-chapters	156	11338	11338		REVIEW	fill_disagrees(ocr=11338,fill=1133)
production-1968-vol2-chapters	179	11638	11638		REVIEW	fill_disagrees(ocr=11638,fill=1161)
production-1968-vol2-chapters	241	12438	12438		REVIEW	fill_disagrees(ocr=12438,fill=1242)
production-1968-vol2-chapters	317	13845	13845		REVIEW	fill_disagrees(ocr=13845,fill=1344)
production-1968-vol2-chapters	330	13862	13862	1362	AUTO	bracket(1361<1363)
production-1968-vol2-chapters	339	13874	13874		REVIEW	fill_disagrees(ocr=13874,fill=1374)
production-1968-vol2-chapters	381	14385	14385	1435	AUTO	bracket(1434<1436)
production-1969-vol1-chapters	13	19d	0	15	AUTO	bracket(14<16)
production-1969-vol1-chapters	875	10383	10383	1033	AUTO	bracket(1032<1034)
production-1969-vol2-chapters	31	12138	12138	1213	AUTO	bracket(1212<1214)
production-1969-vol2-chapters	118	13807	13807	1307	AUTO	bracket(1306<1308)
production-1969-vol2-chapters	150	13842	13842	1342	AUTO	bracket(1341<1343)
production-1969-vol2-chapters	193	13885	13885	1385	AUTO	bracket(1384<1386)
production-1969-vol2-chapters	206	13899	13899	1399	AUTO	bracket(1398<1400)
production-1969-vol2-chapters	374	19581	19581	1581	AUTO	bracket(1580<1582)
production-1970-vol1-chapters	872	10838	10838	1033	AUTO	bracket(1032<1034)
production-1970-vol1-chapters	874	10235	10235	1035	AUTO	bracket(1034<1036)
production-1970-vol2-chapters	2	1J39	2	1139	AUTO	bracket(1138<1140)
production-1971-vol1-chapters	768	9C7	100		REVIEW	fill_disagrees(ocr=100,fill=307)
production-1971-vol1-chapters	873	10387	10387	1037	AUTO	bracket(1036<1038)
production-1971-vol1-chapters	944	J120	2		REVIEW	fill_disagrees(ocr=2,fill=1119)
production-1971-vol1-chapters	977	i163	2	1165	AUTO	bracket(1164<1166)
production-1971-vol1-chapters	1033	12384	12384		REVIEW	fill_disagrees(ocr=12384,fill=1233)
production-1971-vol1-chapters	1034	d	500		REVIEW	fill_disagrees(ocr=500,fill=1234)
production-1971-vol1-chapters	1062	i273	1		REVIEW	fill_disagrees(ocr=1,fill=1272)
production-1971-vol1-chapters	1067	i284	1	1284	AUTO	bracket(1283<1285)
production-1971-vol1-chapters	1070	12288	12288		REVIEW	fill_disagrees(ocr=12288,fill=1287)
production-1971-vol2	14	132i	2		REVIEW	fill_disagrees(ocr=2,fill=1321)
production-1971-vol2	79	140i	2		REVIEW	fill_disagrees(ocr=2,fill=1400)
production-1971-vol2	106	14380	14380		REVIEW	fill_disagrees(ocr=14380,fill=1430)
production-1971-vol2	349	17438	17438	1743	AUTO	bracket(1742<1744)
production-1971-vol2	384	LT9T	52		REVIEW	fill_disagrees(ocr=52,fill=1795)
production-1971-vol2	389	18038	18038		REVIEW	fill_disagrees(ocr=18038,fill=1803)
production-1975-vol1-chapters	129	i34	1		REVIEW	fill_disagrees(ocr=1,fill=134)
production-1977-vol3-chapters	3	12358	12358		REVIEW	fill_disagrees(ocr=12358,fill=1258)
production-1978-vol2	145	7i6	1	716	AUTO	bracket(715<717)
production-1978-vol3	212	13855	13855	1355	AUTO	bracket(1354<1356)
production-1978-vol3	228	13872	13872		REVIEW	fill_disagrees(ocr=13872,fill=1372)
production-1978-vol3	246	13894	13894	1394	AUTO	bracket(1393<1395)
production-1979-vol1-chapters	497	5l1l	3	511	AUTO	bracket(510<512)
production-1979-vol3	49	10383	10383		REVIEW	fill_disagrees(ocr=10383,fill=1030)
production-1979-vol3	51	10385	10385	1035	AUTO	bracket(1034<1036)
production-1979-vol3	182	i201	2		REVIEW	fill_disagrees(ocr=2,fill=1201)
production-1980-vol1-chapters	40	41!	2	41	AUTO	bracket(40<42)
production-1980-vol3	304	13815	13815	1315	AUTO	bracket(1314<1316)
production-1982-vol3	72	d	500		REVIEW	fill_disagrees(ocr=500,fill=830)
production-1982-vol3	248	i024	1	1024	AUTO	bracket(1023<1025)
production-1982-vol3	333	i118	3	1119	AUTO	bracket(1118<1120)
production-1982-vol5	85	i615	2		REVIEW	fill_disagrees(ocr=2,fill=1614)
production-1984-vol2	292	T76	1	776	AUTO	bracket(775<777)
production-1986-vol3	114	12138	12138	1213	AUTO	bracket(1212<1214)
production-1987-vol2	216	8il	2	811	AUTO	bracket(810<812)
production-1988-vol1-chapters	53	7i	1	71	AUTO	bracket(70<72)
production-1988-vol3	71	13138	13138		REVIEW	fill_disagrees(ocr=13138,fill=1312)
production-1988-vol3	118	13871	13871		REVIEW	fill_disagrees(ocr=13871,fill=1371)
production-1992-vol2	235	8ll	2	811	AUTO	bracket(810<812)
production-1993-vol1	95	lll	3	111	AUTO	bracket(110<112)
production-1994-vol4	112	11382	11382	1132	AUTO	bracket(1131<1133)
production-1999-vol4	159	ty	1		REVIEW	fill_disagrees(ocr=1,fill=930)
