token	corpus_freq	reason
lambra	1591	weak_unique(lambda:0)
cight	1576	ambiguous(right:50843/eight:27364)
pubhe	746	weak_unique(dubhe:1)
cence	738	ambiguous(fence:1009/cense:481)
erty	687	ambiguous(ert:110/arty:54)
cuar	669	ambiguous(car:2712/char:1123)
superin	464	weak_unique(suberin:0)
anvear	430	weak_unique(anear:0)
ereated	420	ambiguous(created:23133/treated:8290)
ducheny	414	ambiguous(duchy:2/duchess:0)
appheation	410	no_candidate
karnette	397	ambiguous(barnett:24/annette:6)
escutia	389	ambiguous(scotia:12/escurial:0)
xiiib	387	no_candidate
pensation	346	weak_unique(sensation:8)
margett	340	weak_unique(margent:0)
aroner	327	ambiguous(atoner:0/ironer:0)
schoolage	318	ambiguous(schoolbag:0/schoolbags:0)
frusetta	306	ambiguous(frusta:0/rosetta:0)
sliag	293	ambiguous(sling:22/slag:21)
migden	287	ambiguous(midden:0/milden:0)
froin	279	ambiguous(groin:33/frown:5)
rmpp	267	weak_unique(repp:0)
canse	263	ambiguous(case:91654/cause:51313)
cwil	262	ambiguous(ceil:56/coil:37)
cmsp	256	weak_unique(cusp:10)
nonsex	255	ambiguous(none:4275/noise:1634)
poochigian	238	no_candidate
kaloogian	238	no_candidate
newsection	228	weak_unique(resection:11)
cahforma	222	no_candidate
creck	221	ambiguous(check:6010/creek:5238)
ceedings	220	weak_unique(feedings:8)
priation	210	weak_unique(privation:3)
ceee	205	ambiguous(cere:1828/cree:1018)
earrier	204	ambiguous(carrier:10699/earlier:4055)
mterest	203	weak_unique(merest:1)
onequarter	202	weak_unique(forequarter:1)
weggeland	202	no_candidate
tioned	200	ambiguous(tined:17/toned:12)
frorn	199	ambiguous(frown:5/frore:2)
eenter	197	ambiguous(center:36398/enter:20089)
clets	193	ambiguous(cleats:125/lets:68)
eent	192	ambiguous(event:35052/cent:15931)
subitems	192	ambiguous(suites:8/suite's:0)
diserction	191	ambiguous(discretion:15083/direction:10316)
remanufacturer	191	weak_unique(remanufacture:10)
quired	190	ambiguous(quire:426/quires:156)
ceeee	187	ambiguous(cease:6027/creek:5238)
shaj	183	ambiguous(shad:145/shaw:83)
ttem	183	ambiguous(item:72668/them:35249)
sonth	179	ambiguous(month:49879/south:19815)
ptember	178	ambiguous(member:100238/september:59602)
thereo	176	ambiguous(thereof:160014/there:89357)
housecar	176	ambiguous(horsecar:0/housecarl:0)
eeeeeeeee	174	no_candidate
nonphysician	170	weak_unique(nonphysical:3)
retary	169	ambiguous(rotary:120/retard:70)
legisla	168	ambiguous(legible:946/legibly:316)
ercated	166	ambiguous(enacted:32228/located:29015)
bioanalyst	162	weak_unique(biocatalyst:0)
gation	155	ambiguous(nation:4827/cation:4096)
followmg	155	ambiguous(following:166407/follows:158722)
elock	154	ambiguous(block:5347/clock:3340)
whon	154	ambiguous(who:232757/when:127905)
omeers	154	weak_unique(ameers:0)
ceeeeee	153	no_candidate
zation	151	ambiguous(nation:4827/cation:4096)
enene	149	ambiguous(event:35052/nine:21319)
repressuring	145	ambiguous(pressuring:7/repressing:0)
reregisters	145	weak_unique(preregisters:4)
reflectorized	140	no_candidate
porated	139	ambiguous(prorated:1213/ported:519)
hmited	139	ambiguous(united:73201/limited:53390)
lje	138	ambiguous(le:1532/lie:1221)
strued	136	weak_unique(trued:0)
certam	136	weak_unique(ceram:3)
indorser	134	ambiguous(indorsed:1040/indorse:748)
norpseudoephedrine	132	no_candidate
pubheation	131	no_candidate
islais	130	weak_unique(islams:0)
munici	130	weak_unique(munich:3)
ceeding	129	ambiguous(ceding:1259/feeding:916)
additiona	129	ambiguous(additional:52267/addition:44509)
emsting	127	ambiguous(easting:23/emoting:0)
terest	126	ambiguous(teresa:40/merest:1)
omcers	126	ambiguous(orders:15901/owners:15293)
ferred	126	ambiguous(erred:39/feared:12)
salesyard	124	weak_unique(kaleyard:0)
tificate	123	ambiguous(silicate:1/titivate:1)
cuav	122	weak_unique(cav:6)
portation	121	ambiguous(hortation:2/potation:2)
providec	120	ambiguous(provided:300880/provide:121470)
ately	119	weak_unique(lately:13)
structed	119	weak_unique(strutted:0)
szorion	119	ambiguous(orion:9/azorian:0)
mencing	119	ambiguous(fencing:304/mending:102)
codlin	119	ambiguous(codling:21/colin:15)
beheve	117	weak_unique(behave:8)
misde	116	weak_unique(misdo:6)
encumbrancers	116	ambiguous(encumbrances:1421/encumbrancer:538)
tuly	114	ambiguous(july:75897/duly:25971)
ciation	114	ambiguous(citation:4745/cation:4096)
eeeeeeeeee	114	no_candidate
daty	113	ambiguous(date:176125/day:107956)
construcd	112	ambiguous(construed:19368/construct:11513)
cceeeee	111	no_candidate
eneeee	110	weak_unique(sneeze:2)
rnay	110	ambiguous(ray:921/nay:528)
puble	110	ambiguous(ruble:9/pule:4)
bronshvag	110	no_candidate
payrate	110	ambiguous(prorate:318/parade:165)
agricul	109	ambiguous(agricola:0/auricula:0)
cipal	108	weak_unique(copal:1)
stantially	108	ambiguous(spatially:7/statically:0)
eross	108	ambiguous(gross:13058/cross:5695)
setencich	106	no_candidate
eters	105	ambiguous(enters:1705/meters:653)
appropris	104	no_candidate
ceive	104	ambiguous(chive:4/clive:3)
rict	104	ambiguous(rice:687/riot:447)
inade	103	ambiguous(invade:41/inane:16)
appheable	103	no_candidate
teaa	102	ambiguous(team:3102/tear:1689)
jurisdic	101	ambiguous(juristic:1/juridic:0)
nonmonetary	101	no_candidate
surance	100	weak_unique(durance:1)
appor	100	ambiguous(apply:71724/appear:27291)
ceeeeeee	100	no_candidate
achon	100	ambiguous(acton:49/chon:5)
sacss	98	ambiguous(sacks:53/sachs:38)
meanor	97	ambiguous(manor:53/meaner:22)
urder	97	ambiguous(under:386358/order:160952)
aunum	96	weak_unique(aurum:0)
thesum	95	ambiguous(these:57269/them:35249)
thorized	95	weak_unique(theorized:1)
seventytwo	95	no_candidate
appheant	95	no_candidate
approprin	94	no_candidate
slungshot	93	weak_unique(slingshot:6)
stahitorv	93	no_candidate
distnet	92	ambiguous(distinct:1635/distant:1176)
roadmasters	91	ambiguous(broadcasters:32/headmasters:0)
cceee	90	ambiguous(creek:5238/cheese:2076)
earried	90	ambiguous(carried:7558/married:3438)
nonservice-connected	90	no_candidate
joun	89	ambiguous(john:3468/join:1816)
eeeeeeeeeee	89	no_candidate
vight	88	ambiguous(right:50843/eight:27364)
twenty-cighth	88	no_candidate
salanes	88	weak_unique(salines:0)
deukmbejian	88	no_candidate
onefourth	87	no_candidate
edness	86	weak_unique(redness:22)
distributees	86	ambiguous(distributes:580/distributee:518)
xiiia	86	ambiguous(cilia:3/lilia:2)
pescetti	86	no_candidate
jobn	84	ambiguous(job:7991/john:3468)
subhaulers	84	no_candidate
heenses	83	ambiguous(defenses:574/lenses:464)
nonservice	83	no_candidate
sunenor	82	weak_unique(senor:24)
tribution	81	ambiguous(attribution:31/retribution:24)
nelap	81	weak_unique(neap:0)
penses	80	ambiguous(lenses:464/senses:213)
sixtyone	80	no_candidate
cnar	80	ambiguous(car:2712/char:1123)
wueereeas	80	no_candidate
trary	79	ambiguous(tracy:170/tray:88)
iners	79	ambiguous(miners:291/inert:185)
snech	79	ambiguous(sech:5/sneck:1)
innavigable	79	weak_unique(unnavigable:42)
eneneeee	79	no_candidate
ceeeeeeee	78	no_candidate
pomt	78	ambiguous(port:6694/post:5944)
tpz	78	ambiguous(the:11516483/to:4306077)
mination	77	ambiguous(nomination:7729/nation:4827)
registerable	77	weak_unique(registrable:8)
eeeneeee	76	no_candidate
mobilehome-manufactured	76	no_candidate
nonattorney	75	no_candidate
subvened	75	weak_unique(subvene:28)
cceeeeee	75	no_candidate
cnuct	74	weak_unique(cnut:0)
deeree	73	ambiguous(degree:8984/decree:4247)
frora	73	ambiguous(fora:182/flora:83)
fricot	73	weak_unique(tricot:0)
theretor	72	ambiguous(thereto:37039/therefor:35720)
bered	72	ambiguous(bred:723/breed:664)
nondistrict	72	no_candidate
jeases	71	ambiguous(leases:4119/ceases:2607)
cedure	71	ambiguous(reduce:13268/secure:8869)
istration	71	ambiguous(station:5938/situation:2222)
fiood	71	ambiguous(food:25026/flood:13430)
nejedly-hart	71	no_candidate
deukmbjian	71	no_candidate
standardbreds	71	no_candidate
eeeeeeeeeeee	70	no_candidate
cortain	70	ambiguous(certain:30261/contain:22497)
wuerezas	70	weak_unique(guerezas:0)
umted	70	ambiguous(muted:14/umped:0)
subpara	70	weak_unique(subpar:1)
noncontracting	70	no_candidate
vendorization	70	ambiguous(deodorization:0/vectorization:0)
seventysix	69	no_candidate
trusteed	69	ambiguous(trustees:26083/trustee:13852)
nonrecycled	69	no_candidate
xijib	69	ambiguous(jib:5/fiji:4)
contaming	68	ambiguous(contain:22497/containing:13971)
sictta	68	ambiguous(dicta:15/sita:4)
etary	68	weak_unique(teary:6)
eeneeee	68	no_candidate
subcustodian	68	no_candidate
sectionized	67	weak_unique(sectioned:1)
sereen	67	ambiguous(screen:535/serene:317)
cfis	67	ambiguous(chis:28/cf's:0)
sinkyone	66	weak_unique(sinkhole:0)
faet	65	ambiguous(feet:22189/fact:18702)
cceeeeeee	65	no_candidate
eitv	65	ambiguous(with:812535/city:310083)
noncommunity	65	weak_unique(noncommunist:1)
nongroup	65	weak_unique(ingroup:0)
atany	64	weak_unique(atony:1)
ccceee	64	weak_unique(accede:16)
empow	64	weak_unique(embow:0)
lishment	64	ambiguous(ligament:0/liniment:0)
ornia	64	weak_unique(ornis:1)
asamby	64	ambiguous(sammy:2/samey:1)
panied	63	ambiguous(panier:4/pained:2)
sixtysix	63	no_candidate
nonglaring	63	no_candidate
posttrial	63	ambiguous(postural:5/postaxial:0)
counse	62	ambiguous(course:19613/counsel:13659)
perannum	62	ambiguous(perineum:5/geranium:0)
sixtytwo	62	no_candidate
inanner	62	weak_unique(inaner:0)
nonreimbursable	62	no_candidate
phenylpiperidine	62	no_candidate
jines	61	ambiguous(lines:7606/fines:5970)
ifno	61	ambiguous(info:67/fino:60)
ercek	61	ambiguous(creek:5238/erect:1987)
calforma	61	weak_unique(alforja:0)
hbrary	61	weak_unique(horary:1)
nonpossessory	61	no_candidate
prograrn	61	ambiguous(program:136377/programs:54576)
eation	60	ambiguous(nation:4827/cation:4096)
tificates	60	ambiguous(silicates:2/titivates:0)
lcast	60	ambiguous(least:63279/last:31621)
ccceeee	60	no_candidate
reconveyed	60	weak_unique(reconvened:23)
toadd	60	ambiguous(toad:73/todd:61)
cratary	60	ambiguous(rotary:120/oratory:53)
nonurbanized	60	no_candidate
calstars	60	ambiguous(casters:5/altars:1)
teense	59	ambiguous(teens:298/tense:171)
rehef	59	weak_unique(reef:46)
ollice	59	ambiguous(ollie:8/ellice:0)
eges	59	ambiguous(ages:2024/eggs:2003)
employec	59	ambiguous(employee:70260/employer:35651)
eops	59	ambiguous(tops:102/eos:38)
executorships	59	weak_unique(executorship:1)
nonlegislative	59	no_candidate
aanestad	59	no_candidate
berg-nejedly	59	no_candidate
nonaluminum	59	no_candidate
bronzan	59	ambiguous(bronze:34/brennan:16)
fications	58	ambiguous(fictions:1/fixations:0)
nonwithdrawable	58	no_candidate
jamps	58	ambiguous(james:1939/camps:1876)
tributions	58	ambiguous(tribulations:3/attributions:0)
ceeeeeeeee	58	no_candidate
eneee	57	ambiguous(need:24956/enter:20089)
dohars	57	weak_unique(doha's:0)
eeeeeees	57	no_candidate
sinte	57	ambiguous(site:16555/since:8736)
ercate	57	ambiguous(rate:64480/estate:32153)
anuum	57	ambiguous(annul:453/vacuum:273)
ereation	57	ambiguous(creation:6474/erection:2193)
brary	57	ambiguous(barry:140/brady:50)
manv	57	ambiguous(many:8514/man:5878)
mmimum	57	ambiguous(minimum:25211/maximum:23795)
guilucos	57	no_candidate
rights-ofway	57	no_candidate
recodified	57	ambiguous(codified:146/rectified:77)
nonproject	57	no_candidate
ccceeeee	57	no_candidate
cuses	56	ambiguous(cases:29152/uses:10621)
nonprobate	56	no_candidate
cighty-five	55	no_candidate
yead	55	ambiguous(read:282008/year:248462)
nonaccepting	55	no_candidate
calipatria	55	no_candidate
ehminating	55	ambiguous(eliminating:1552/terminating:1359)
subse	54	ambiguous(subs:34/subset:12)
construet	54	ambiguous(construed:19368/construct:11513)
anee	54	ambiguous(ane:574/anew:393)
issuec	54	ambiguous(issued:89892/issue:43988)
rolleall	54	no_candidate
nonparking	54	ambiguous(nonpaying:12/nonworking:12)
pletion	53	ambiguous(election:122961/portion:50368)
thority	53	weak_unique(thorite:0)
hibited	53	weak_unique(habited:35)
enses	53	ambiguous(eases:1135/lenses:464)
firet	53	ambiguous(first:99428/fire:34067)
inelnded	53	ambiguous(included:27309/intended:11597)
constituphrase	53	no_candidate
microphotographs	53	weak_unique(microphotograph:33)
ploqtam	53	no_candidate
subfranchisor	53	no_candidate
counell	52	weak_unique(cornell:7)
cccee	52	ambiguous(cycle:1075/cree:1018)
jomtly	52	ambiguous(comply:19853/jointly:7667)
newsectin	52	no_candidate
phenylacetone	52	no_candidate
apml	51	ambiguous(all:421103/am:242773)
potition	51	ambiguous(petition:57152/position:23121)
sxorion	51	ambiguous(orion:9/chorion:0)
onethird	51	no_candidate
stamislaus	51	no_candidate
tirne	51	ambiguous(tire:1240/tine:489)
vards	51	ambiguous(wards:2322/cards:2306)
eraft	51	ambiguous(draft:3254/craft:1681)
sonnel	51	weak_unique(sonnet:0)
newsecton	51	no_candidate
penod	51	weak_unique(pernod:11)
nonschool	51	no_candidate
cytotechnologist	51	no_candidate
nondomiciliary	51	no_candidate
apnum	50	ambiguous(opium:635/annul:453)
ifornia	50	ambiguous(fornix:0/ionia:0)
agement	50	ambiguous(agreement:47959/agent:32569)
incorpora	50	ambiguous(incorporate:3273/corpora:2784)
semor	50	weak_unique(senor:24)
appropriaappropriated	50	no_candidate
cleeted	50	ambiguous(fleeted:0/sleeted:0)
gabilan	50	ambiguous(fabian:4/basilan:0)
neonatorum	50	no_candidate
sctc	50	ambiguous(act:457162/sec:381965)
annnm	49	weak_unique(annam:23)
omee	49	ambiguous(omer:190/omen:85)
ouly	49	ambiguous(only:103275/july:75897)
buperin	49	ambiguous(burin:1/butyrin:0)
eeeeeeeeeeeee	49	no_candidate
contamers	49	ambiguous(containers:6532/consumers:3531)
rightsof-way	49	no_candidate
nonemployee	49	no_candidate
neneeee	49	no_candidate
micrographics	49	no_candidate
xiti	48	ambiguous(titi:17/ziti:0)
ecee	48	weak_unique(emcee:6)
deerce	48	weak_unique(deere:22)
jnly	48	ambiguous(only:103275/july:75897)
reletting	48	ambiguous(resetting:25/relenting:0)
oddnumbered	48	weak_unique(outnumbered:18)
nonrepairable	48	weak_unique(unrepairable:5)
nonsworn	48	weak_unique(forsworn:0)
thesaid	47	weak_unique(thebaid:0)
zanjas	47	weak_unique(ganjas:0)
ccceeeeee	47	no_candidate
ercam	47	ambiguous(cream:5155/gram:2381)
eusting	47	ambiguous(dusting:41/easting:23)
eeeeees	47	ambiguous(peewees:0/teepees:0)
preaddressed	47	weak_unique(readdressed:0)
n-ethylephedrine	47	no_candidate
acerned	46	ambiguous(accrued:6302/earned:5711)
odispo	46	ambiguous(disco:11/dipso:2)
erest	46	ambiguous(erect:1987/rest:1313)
lampara	46	ambiguous(lamar:4/samara:1)
mghts	46	weak_unique(mights:0)
deliverv	46	ambiguous(delivery:16702/deliver:10048)
earrving	46	weak_unique(earring:3)
mills-alquist-deddeh	46	no_candidate
noncontract	46	no_candidate
n-methylephedrine	46	no_candidate
lempert-keene-seastrand	46	no_candidate
gations	45	ambiguous(nations:1249/cations:573)
seventyone	45	no_candidate
aequiring	45	ambiguous(requiring:14268/acquiring:4883)
nondelinquent	45	no_candidate
nonhospital	45	no_candidate
monagan	45	ambiguous(monaghan:2/monacan:0)
nondecay	45	no_candidate
incorpo	44	no_candidate
steerers	44	weak_unique(steerer:6)
xiia	44	weak_unique(ixia:0)
hearme	44	ambiguous(hearse:9/heaume:0)
uncler	44	ambiguous(uncle:111/unclear:80)
eeeeeeeeees	44	no_candidate
nonprotected	44	weak_unique(unprotected:24)
vuich	44	ambiguous(such:874514/which:638761)
anveles	43	weak_unique(aneles:3)
istrator	43	ambiguous(stator:3/castrator:0)
coer	43	ambiguous(cover:7481/cor:4181)
drytown	43	ambiguous(dayton:34/drown:8)
cighty-three	43	no_candidate
terins	43	ambiguous(terns:49/serins:0)
appropriain	43	ambiguous(appropriate:48938/appropriation:39269)
hercinabove	43	no_candidate
licensce	43	ambiguous(license:90825/licensee:30600)
nonmerit	43	no_candidate
tified	42	ambiguous(tidied:0/tiffed:0)
stule	42	ambiguous(stale:1700/style:796)
bation	42	ambiguous(nation:4827/cation:4096)
onehundredths	42	no_candidate
eeeeeeeeeeeeee	42	no_candidate
rnade	42	weak_unique(reade:3)
certineate	42	no_candidate
heensee	42	no_candidate
roncovieri	42	no_candidate
butions	42	ambiguous(buttons:46/bunions:4)
dihydrocodeinone	42	no_candidate
nonconfining	42	no_candidate
pledgees	41	ambiguous(pledges:272/pledgee:196)
fortytwo	41	no_candidate
rutes	41	ambiguous(rules:46125/rates:22135)
eceeee	41	weak_unique(eceses:1)
rectly	41	weak_unique(erectly:0)
honses	41	ambiguous(houses:5270/horses:1802)
exeented	41	ambiguous(expended:17893/executed:11181)
depu	41	weak_unique(depp:0)
torth	41	ambiguous(forth:55320/north:18794)
siskivou	41	no_candidate
statcs	41	ambiguous(states:82035/stats:39154)
cahformia	41	no_candidate
audiometrist	41	weak_unique(audiometric:10)
domenigoni	41	no_candidate
privatizer	41	ambiguous(privatize:1/privatized:0)
nonassisted	41	weak_unique(unassisted:40)
jtpa	41	ambiguous(ta:1096/pa:851)
annim	40	ambiguous(annie:50/annam:23)
ppropria	40	no_candidate
chises	40	ambiguous(chases:114/crises:74)
inaking	40	ambiguous(inking:9/snaking:2)
inws	40	ambiguous(ins:362/ines:127)
appropna	40	no_candidate
exeention	40	ambiguous(exemption:17122/execution:12813)
elee	40	ambiguous(lee:886/else:507)
dations	40	ambiguous(nations:1249/cations:573)
revolv	40	ambiguous(revolve:3/revolt:2)
misdemeanants	40	weak_unique(misdemeanant:14)
demulsifiers	40	ambiguous(emulsifiers:39/demulsifies:0)
midpeninsula	40	no_candidate
nonprepackaged	40	no_candidate
termof	39	weak_unique(termor:10)
fortyone	39	ambiguous(foregone:43/fortune:30)
ninetysix	39	no_candidate
inany	39	weak_unique(inane:16)
tations	39	ambiguous(stations:2347/nations:1249)
caminetti	39	weak_unique(marinetti:0)
btals	39	weak_unique(baals:0)
levving	39	ambiguous(levying:5197/leaving:2144)
displaved	39	ambiguous(displayed:2442/displaced:1739)
nonpotable	39	no_candidate
reneal	39	ambiguous(repeal:27239/renewal:18343)
uncreamed	39	ambiguous(uncreated:0/undreamed:0)
audiometrists	39	no_candidate
compensability	39	weak_unique(condensability:0)
cost-of-hving	39	no_candidate
nonfederally	39	no_candidate
forestwide	39	weak_unique(foreside:0)
nonerasable	39	weak_unique(inerasable:0)
commander-in-chicf	38	no_candidate
fected	38	ambiguous(felted:18/feted:4)
offunds	38	weak_unique(offends:6)
proeceding	38	ambiguous(preceding:31202/proceeding:29993)
secunty	38	ambiguous(security:35990/seventy:17959)
twentv-five	38	no_candidate
trar	38	ambiguous(tear:1689/trap:825)
sucli	38	weak_unique(sulci:0)
appropriaotherwise	38	no_candidate
milias	38	weak_unique(milia:0)
culy	38	ambiguous(july:75897/duly:25971)
nonhandicapped	38	no_candidate
nonpromotional	38	no_candidate
nonsmall	38	no_candidate
selpas	38	weak_unique(salpas:0)
twonty-five	37	no_candidate
limita	37	ambiguous(limit:16357/limits:14535)
polico	37	ambiguous(policy:29258/police:21570)
incumbrancers	37	ambiguous(encumbrances:1421/encumbrancer:538)
cerns	37	ambiguous(ferns:49/terns:49)
ional	37	ambiguous(tonal:44/ronal:6)
eeeeeeees	37	no_candidate
drawal	37	weak_unique(drawl:0)
saie	37	ambiguous(said:424830/same:176551)
setoffs	37	ambiguous(stuffs:324/staffs:226)
sisting	37	ambiguous(listing:3045/sitting:1385)
obliga	37	weak_unique(oblige:3)
meorporated	37	no_candidate
pupus	37	ambiguous(lupus:49/pups:26)
wuheereeas	37	no_candidate
counhes	37	weak_unique(couches:10)
subdistributor	37	no_candidate
neeee	37	ambiguous(need:24956/needs:18816)
shobi-zue	37	no_candidate
ticular	36	weak_unique(titular:8)
clate	36	ambiguous(plate:3765/late:2509)
lishing	36	ambiguous(fishing:4952/listing:3045)
viving	36	ambiguous(giving:11914/living:10429)
srcrron	36	ambiguous(sharron:8/scarron:0)
dupheate	36	weak_unique(upheave:0)
cightcon	36	no_candidate
ereating	36	ambiguous(creating:4190/treating:1677)
douars	36	weak_unique(douras:0)
uary	36	ambiguous(vary:842/nary:589)
paranzella	36	weak_unique(tarantella:0)
pandalus	36	ambiguous(pandanus:2/pandarus:0)
inholding	36	weak_unique(infolding:0)
stiern	36	weak_unique(stern:30)
pohcy	36	weak_unique(poncy:3)
prelicensing	36	no_candidate
safco	36	weak_unique(sacco:0)
rected	35	ambiguous(erected:2817/rented:1617)
actentitled	35	no_candidate
ottice	35	ambiguous(office:138824/notice:138786)
niust	35	ambiguous(first:99428/must:49811)
cccceee	35	no_candidate
acknowl	35	no_candidate
dcem	35	ambiguous(deem:9438/diem:4838)
venience	35	weak_unique(lenience:0)
mumber	35	ambiguous(member:100238/number:88053)
sattley	35	ambiguous(cattle:3002/settle:1487)
erties	35	weak_unique(reties:1)
notwith	35	ambiguous(nitwit:0/nitwits:0)
mumeipal	35	no_candidate
ecnter	35	ambiguous(center:36398/enter:20089)
water-closct	35	no_candidate
mcsheehy	35	no_candidate
remaming	35	ambiguous(renaming:33/remaking:11)
nonclassroom	35	no_candidate
lowand	35	weak_unique(lowland:3)
direeter	35	weak_unique(directer:14)
subdi	34	ambiguous(submit:24883/sub:9495)
ramento	34	ambiguous(ament:24/ramen:19)
priations	34	weak_unique(privations:5)
lighth	34	ambiguous(light:4996/eighth:4265)
cuapr	34	weak_unique(cupar:0)
ticable	34	ambiguous(taxable:27164/liable:16338)
onetwelfth	34	no_candidate
sively	34	weak_unique(lively:6)
condnet	34	ambiguous(conduct:30663/consent:22731)
trahern	34	weak_unique(traherne:0)
mackerricher	34	no_candidate
reflectorizing	34	no_candidate
enenenee	34	no_candidate
noncredentialed	34	no_candidate
nonmanagement	34	no_candidate
prezoned	34	weak_unique(rezoned:39)
nonissuer	34	weak_unique(nonissue:0)
n-ethylpseudoephedrine	34	no_candidate
catheterizations	34	no_candidate
preced	33	ambiguous(precede:150/priced:118)
ninetytwo	33	no_candidate
pohtical	33	weak_unique(poetical:0)
eightyone	33	no_candidate
somoma	33	weak_unique(somoza:0)
xiji	33	weak_unique(fiji:4)
vame	33	ambiguous(same:176551/name:61874)
nouce	33	ambiguous(nonce:21/douce:1)
maxe	33	ambiguous(made:199866/make:87231)
avpropria	33	no_candidate
cighty-nine	33	no_candidate
ié	33	ambiguous(in:2640782/is:1263925)
eeeeeeeees	33	no_candidate
right-ofway	33	no_candidate
disineorporation	33	no_candidate
errone	33	ambiguous(error:3665/errors:1419)
preventoriums	33	no_candidate
asamb	33	weak_unique(asama:0)
bronzan-mccorquodale	33	no_candidate
ninetyone	32	no_candidate
vood	32	ambiguous(food:25026/good:22901)
replanked	32	weak_unique(replanted:36)
cighty-two	32	no_candidate
onv	32	ambiguous(on:583809/one:317854)
naines	32	ambiguous(nines:24/gaines:7)
unnum	32	ambiguous(undue:1348/annul:453)
cancella	32	weak_unique(canella:0)
sircet	32	weak_unique(siret:0)
venient	32	weak_unique(lenient:5)
warreas	32	weak_unique(warrens:0)
tising	32	ambiguous(timing:234/rising:209)
trative	32	weak_unique(tractive:18)
comphed	32	weak_unique(comped:1)
heeome	32	ambiguous(become:63283/home:35841)
poliev	32	ambiguous(policy:29258/police:21570)
turer	32	ambiguous(surer:171/turner:124)
drodelabi	32	no_candidate
havenner	32	ambiguous(avenger:0/lavender:0)
japatul	32	no_candidate
yoats	32	ambiguous(boats:1148/goats:432)
nonbypassable	32	no_candidate
nonrecreational	32	no_candidate
ehminate	32	ambiguous(terminate:6252/eliminate:3192)
mbursement	32	no_candidate
preexpulsion	32	no_candidate
dbcp	32	ambiguous(deep:866/duct:670)
disenroll	32	no_candidate
prequalifying	32	no_candidate
cighty-one	31	no_candidate
fiftysix	31	no_candidate
cecee	31	ambiguous(cease:6027/decree:4247)
posals	31	ambiguous(poses:4002/goals:3980)
tchama	31	ambiguous(cham:56/hama:20)
tants	31	ambiguous(tanks:1930/ants:648)
inonth	31	ambiguous(month:49879/north:18794)
courity	31	ambiguous(county:512140/court:242103)
demnation	31	weak_unique(damnation:0)
eneeeeeee	31	no_candidate
pror	31	ambiguous(prior:102799/pro:45851)
appropriathereof	31	no_candidate
inefect	31	weak_unique(infect:34)
keting	31	ambiguous(meting:17/kiting:13)
inurnment	31	weak_unique(inurement:4)
punnd	31	weak_unique(punned:0)
elverta	31	ambiguous(alberta:35/evert:16)
eeeeeeeeeeeeeee	31	no_candidate
cccceeee	31	no_candidate
ceeeeeeeeee	31	no_candidate
cccceeeeee	31	no_candidate
diphenoxylate	31	no_candidate
n-methylpseudoephedrine	31	no_candidate
seeeeee	30	no_candidate
eece	30	ambiguous(sec:381965/each:290687)
promded	30	weak_unique(prodded:4)
svon	30	ambiguous(sion:9058/soon:7322)
cnter	30	ambiguous(center:36398/enter:20089)
omees	30	weak_unique(omens:31)
nincty-six	30	no_candidate
exeente	30	ambiguous(extent:34383/expense:15001)
cighty-seven	30	no_candidate
ccccee	30	no_candidate
cighty-eight	30	no_candidate
ilouse	30	ambiguous(louse:43/blouse:3)
appropriadollars	30	no_candidate
yoio	30	weak_unique(yoko:0)
erans	30	ambiguous(evans:141/earns:113)
mmor	30	ambiguous(moor:56/amor:28)
corbina	30	weak_unique(corina:0)
subeontainer	30	no_candidate
ethy	30	ambiguous(ethyl:190/thy:124)
pohey	30	ambiguous(pokey:10/pogey:0)
rimpau	30	ambiguous(rameau:0/rimbaud:0)
khandahar	30	weak_unique(kandahar:0)
noncivil	30	weak_unique(uncivil:0)
stepd	30	ambiguous(step:6891/steps:3251)
cceeeeeeeeee	30	no_candidate
mdicated	30	weak_unique(medicated:34)
misassignment	30	weak_unique(misalignment:4)
duplissea	30	no_candidate
mobilehomes-manufactured	30	no_candidate
reroofed	30	weak_unique(reproofed:0)
mapin	30	ambiguous(main:6226/marin:2566)
ruary	29	ambiguous(jury:11115/guard:5449)
ficers	29	ambiguous(fibers:121/filers:57)
caar	29	ambiguous(car:2712/char:1123)
retums	29	weak_unique(rectums:0)
sloners	29	weak_unique(loners:4)
fisea	29	ambiguous(filed:145073/five:123871)
iment	29	weak_unique(ament:24)
solidated	29	ambiguous(validated:1787/solicited:801)
certiteate	29	no_candidate
halepense	29	weak_unique(halfpence:0)
indorsers	29	ambiguous(indorses:24/endorsers:10)
whese	29	ambiguous(where:76940/these:57269)
eceeeeee	29	no_candidate
suea	29	ambiguous(sea:2628/sue:2429)
appheations	29	no_candidate
therecn	29	ambiguous(therein:36084/thereon:29056)
ribier	29	ambiguous(ribber:0/rimier:0)
frori	29	weak_unique(frore:2)
onginal	29	weak_unique(anginal:0)
approveecretary	29	no_candidate
dipheny	29	weak_unique(diphenyl:36)
mecorquodale	29	no_candidate
eeeneeeeeeeees	29	no_candidate
lacmta	29	ambiguous(lama:5/lacuna:3)
cawelo	29	ambiguous(camel:33/camels:12)
eceeeee	28	no_candidate
ulations	28	ambiguous(relations:5108/stations:2347)
stituted	28	ambiguous(statutes:43417/statute:30738)
sehoo	28	weak_unique(shoo:24)
vowers	28	ambiguous(powers:40637/voters:21108)
repiled	28	ambiguous(refiled:42/replied:3)
szcrron	28	ambiguous(sharron:8/scarron:0)
seeeeeee	28	no_candidate
xame	28	ambiguous(same:176551/name:61874)
joaned	28	ambiguous(loaned:1892/joined:932)
iting	28	ambiguous(ting:540/siting:442)
innds	28	ambiguous(inns:27/inn's:0)
londs	28	ambiguous(bonds:113404/lands:41246)
offoct	28	ambiguous(effect:146377/office:138824)
porary	28	weak_unique(horary:1)
calpella	28	weak_unique(capella:1)
aecording	28	ambiguous(according:13089/recording:6790)
replanking	28	weak_unique(replanting:35)
transue	28	weak_unique(transude:0)
annlv	28	ambiguous(angle:1015/annex:868)
tigation	28	weak_unique(ligation:34)
caltforma	28	no_candidate
forty-fiftil	28	no_candidate
receivec	28	ambiguous(receive:75091/received:56222)
policv	28	ambiguous(policy:29258/police:21570)
blairsden	28	no_candidate
iccal	28	ambiguous(local:127353/fiscal:88410)
nonfire	28	weak_unique(bonfire:3)
nonsupervisory	28	no_candidate
phenmetrazine	28	no_candidate
housecars	28	ambiguous(horsecars:0/housecarl:0)
nonschoolday	28	no_candidate
cceeeeeeee	28	no_candidate
nonoffending	28	weak_unique(unoffending:0)
vanpooling	28	weak_unique(carpooling:24)
nonadversarial	28	no_candidate
lindheim	28	weak_unique(blindheim:0)
jority	27	ambiguous(majority:28127/forty:18769)
fortysix	27	weak_unique(fortyish:0)
stantial	27	ambiguous(spatial:18/statical:0)
fiftytwo	27	no_candidate
bxc	27	ambiguous(exc:49/bic:35)
markleeville	27	no_candidate
oight	27	ambiguous(right:50843/eight:27364)
whoin	27	weak_unique(whin:1)
tious	27	ambiguous(thous:17/titus:5)
quict	27	ambiguous(quiet:493/quit:183)
moucy	27	weak_unique(mousy:1)
scem	27	ambiguous(seem:800/stem:471)
payab	27	ambiguous(pay:88347/payable:60085)
appropriahereby	27	no_candidate
enees	27	ambiguous(knees:3/ene's:0)
bohnett	27	ambiguous(burnett:85/bennett:68)
superindred	27	no_candidate
palities	27	ambiguous(polities:13/parities:3)
comties	27	ambiguous(commies:3/cooties:0)
sveh	27	weak_unique(sven:29)
iuled	27	ambiguous(ruled:250/puled:106)
meludes	27	ambiguous(eludes:36/deludes:0)
cholame	27	ambiguous(chelate:2/chorale:2)
jender	27	ambiguous(render:6306/lender:4107)
dattier	27	ambiguous(battier:0/cattier:0)
dizmar	27	ambiguous(disbar:22/dagmar:2)
ficer	27	ambiguous(fiber:514/filer:276)
nondeductibility	27	no_candidate
noncompensable	27	no_candidate
dolwig	27	ambiguous(doling:3/dowie:1)
nonspouse	27	no_candidate
cccceeeee	27	no_candidate
nonownership	27	no_candidate
fléchette	27	no_candidate
calnet	27	weak_unique(carnet:0)
eeeeeeeeeees	27	no_candidate
hemapheresis	27	no_candidate
jeading	26	ambiguous(heading:8548/reading:3581)
sonally	26	ambiguous(tonally:1/zonally:0)
ereee	26	ambiguous(free:12771/creek:5238)
vahd	26	ambiguous(fahd:0/vaud:0)
ensation	26	weak_unique(sensation:8)
sessed	26	ambiguous(sensed:4/fessed:0)
licutenant-governor	26	no_candidate
loast	26	ambiguous(least:63279/last:31621)
cighty-six	26	no_candidate
forin	26	ambiguous(orin:38/florin:20)
icgal	26	ambiguous(legal:34311/cal:15486)
vrade	26	ambiguous(grade:14677/trade:13609)
furmsh	26	ambiguous(furnish:12830/forms:10863)
narne	26	ambiguous(carne:16/marne:7)
limt	26	ambiguous(list:22115/limit:16357)
wuenrzas	26	no_candidate
wuere	26	ambiguous(where:76940/were:35588)
heremabove	26	no_candidate
pistnet	26	ambiguous(piste:17/pistes:2)
wauerras	26	no_candidate
ecurt	26	weak_unique(curt:29)
entrymen	26	weak_unique(vestrymen:0)
nommation	26	ambiguous(formation:10211/nomination:7729)
wauerzas	26	no_candidate
xill	26	ambiguous(bill:115264/will:90047)
effee	26	ambiguous(effie:6/effed:1)
jamacha	26	ambiguous(jamaica:10/camacho:2)
nongeneral	26	no_candidate
nutgrass	26	weak_unique(knotgrass:0)
nonregulatory	26	no_candidate
stepc	26	ambiguous(step:6891/steps:3251)
rehrement	26	weak_unique(recrement:0)
nonvested	26	ambiguous(invested:4097/converted:2041)
peliee	26	ambiguous(pelee:16/pelite:0)
aitangemenl	26	no_candidate
officet	26	ambiguous(office:138824/officer:108773)
airbill	26	ambiguous(airily:0/arbil:0)
schabarum	26	no_candidate
nonhalogenated	26	no_candidate
nonrenew	26	no_candidate
cervantez	26	weak_unique(cervantes:4)
criginal	25	ambiguous(original:28183/criminal:26841)
uation	25	ambiguous(nation:4827/cation:4096)
ditional	25	ambiguous(additional:52267/national:20835)
cnav	25	weak_unique(cav:6)
bandred	25	ambiguous(banded:25/bandied:1)
iret	25	ambiguous(ire:130/fret:47)
therchy	25	weak_unique(thearchy:0)
indorsee	25	ambiguous(indorsed:1040/indorse:748)
plaus	25	ambiguous(plans:27582/plus:10600)
francisen	25	ambiguous(francisco:21120/franchise:21084)
ficial	25	ambiguous(facial:45/filial:1)
anpum	25	ambiguous(input:803/annul:453)
wuenrras	25	no_candidate
sbali	25	weak_unique(bali:5)
pohce	25	weak_unique(ponce:18)
serip	25	ambiguous(strip:502/scrip:199)
deerned	25	ambiguous(defined:59720/deemed:43813)
eable	25	ambiguous(able:12497/enable:6766)
thirty-cighth	25	no_candidate
tted	25	ambiguous(ted:610/tied:433)
watergates	25	weak_unique(watergate:0)
subregistrar	25	no_candidate
furbearing	25	weak_unique(forbearing:0)
dstnet	25	ambiguous(stent:21/stet:19)
sinsheimer	25	no_candidate
buchon	25	weak_unique(buchan:0)
ilarbor	25	ambiguous(labor:27236/harbor:9310)
eards	25	ambiguous(wards:2322/cards:2306)
panama-pacifie	25	no_candidate
pubbeation	25	no_candidate
audito	25	ambiguous(auditor:25015/audit:10586)
fitate	25	weak_unique(fixate:0)
exnended	25	ambiguous(expended:17893/extended:9914)
condemnor	25	ambiguous(contemnor:9/condemner:0)
kelloggvoorhis	25	no_candidate
stepb	25	ambiguous(step:6891/steps:3251)
nonforwardable	25	no_candidate
eeeneeeeeee	25	no_candidate
nisene	25	weak_unique(nicene:1)
offhighway	25	no_candidate
ccceeeeeeee	25	no_candidate
ccceeeeeee	25	no_candidate
phenazocine	25	weak_unique(phenazine:0)
decocainized	25	weak_unique(cocainized:0)
nonearthen	25	no_candidate
nondiagnostic	25	no_candidate
buspools	25	weak_unique(spools:0)
knopki	25	ambiguous(knock:15/knocks:0)
flushometer	25	weak_unique(fluorometer:0)
subgrants	25	weak_unique(subtracts:9)
nonprivileged	25	weak_unique(unprivileged:9)
tuted	24	ambiguous(muted:14/tuned:12)
nardino	24	ambiguous(marino:76/sardine:48)
wnere	24	ambiguous(where:76940/were:35588)
cightoon	24	no_candidate
eeneeeee	24	no_candidate
jation	24	ambiguous(nation:4827/cation:4096)
compotent	24	ambiguous(competent:9356/component:3496)
staic	24	ambiguous(stair:92/static:66)
wuenrsas	24	no_candidate
innd	24	ambiguous(inn:325/ind:265)
appropra	24	no_candidate
neld	24	ambiguous(held:60938/need:24956)
disincorporating	24	no_candidate
multiphed	24	weak_unique(multiped:0)
cless	24	ambiguous(less:95989/class:44865)
llagas	24	weak_unique(llamas:0)
maiter	24	ambiguous(matter:19649/master:6607)
hghting	24	ambiguous(lighting:2358/hunting:1900)
tiguous	24	ambiguous(tenuous:2/exiguous:0)
famihes	24	ambiguous(famines:0/famishes:0)
mtended	24	ambiguous(tended:445/mended:438)
fective	24	ambiguous(festive:11/fictive:0)
aguanga	24	ambiguous(agana:0/iguana:0)
riod	24	ambiguous(rio:676/riot:447)
emment	24	ambiguous(emmett:11/emmet:8)
delnery	24	weak_unique(deanery:0)
excludible	24	no_candidate
eeeeeeeeeeeeeeee	24	no_candidate
nonrenewed	24	weak_unique(unrenewed:1)
eeneneeeeereees	24	no_candidate
preproject	24	no_candidate
anileridine	24	no_candidate
piminodine	24	no_candidate
isomethadone	24	no_candidate
levorphanol	24	no_candidate
timpany	24	ambiguous(tympany:1/timpani:0)
allcounty	24	no_candidate
phenylcyclohexyl	24	no_candidate
nonseverely	24	no_candidate
fayor	23	ambiguous(mayor:15505/favor:12991)
devisadero	23	no_candidate
cludes	23	ambiguous(eludes:36/clues:14)
seeree	23	weak_unique(sheree:0)
sixty-threc	23	no_candidate
cuoar	23	weak_unique(cupar:0)
sirth	23	ambiguous(birth:5607/sixth:5585)
providea	23	ambiguous(provided:300880/provide:121470)
eenes	23	ambiguous(genes:49/menes:5)
disposa	23	ambiguous(disposal:9883/dispose:4559)
decom	23	ambiguous(decoy:43/deco:10)
thirty-siath	23	no_candidate
veyance	23	ambiguous(vance:118/abeyance:42)
devree	23	ambiguous(degree:8984/decree:4247)
tirey	23	ambiguous(tire:1240/tires:973)
forty-cighth	23	no_candidate
nember	23	ambiguous(member:100238/number:88053)
deputyships	23	no_candidate
hereinahove	23	no_candidate
represa	23	weak_unique(repress:4)
rnore	23	weak_unique(snore:13)
appheants	23	no_candidate
determinec	23	ambiguous(determined:60127/determine:40531)
navable	23	ambiguous(namable:0/savable:0)
governmg	23	ambiguous(governor:106610/governing:56153)
appheatio	23	no_candidate
rerecordation	23	weak_unique(redecoration:0)
redrilled	23	ambiguous(drilled:304/refilled:121)
delaveaga	23	no_candidate
rehabili	23	no_candidate
niehouse	23	ambiguous(firehouse:16/alehouse:0)
perlette	23	ambiguous(perlite:13/permeate:2)
strohecker	23	no_candidate
oblberg	23	weak_unique(arlberg:0)
eeneneeee	23	no_candidate
hydroxy-nordihydromorphinone	23	no_candidate
bezitramide	23	no_candidate
nonqualifying	23	no_candidate
resubmittal	23	ambiguous(submittal:558/resubmitted:223)
nonmonetized	23	no_candidate
buspool	23	weak_unique(spool:2)
terested	22	ambiguous(interested:12224/treated:8290)
sxcrron	22	ambiguous(sharron:8/scarron:0)
siaty-three	22	no_candidate
slong	22	ambiguous(along:29910/long:18687)
thuse	22	ambiguous(those:94987/these:57269)
ccecee	22	no_candidate
adupt	22	ambiguous(adopt:25575/adult:12492)
inbor	22	weak_unique(inborn:0)
recla	22	weak_unique(recta:1)
assoon	22	ambiguous(bassoon:0/sassoon:0)
annuni	22	weak_unique(annuli:0)
slature	22	weak_unique(stature:25)
poundkeepers	22	no_candidate
tioner	22	ambiguous(toner:46/tinner:0)
hourd	22	ambiguous(hours:22584/hour:7908)
accumu	22	weak_unique(accuse:2)
huichica	22	no_candidate
tillermen	22	no_candidate
taxley	22	weak_unique(talley:2)
heisinger	22	weak_unique(feininger:0)
prelimi	22	weak_unique(prelims:0)
pizzutello	22	no_candidate
erypt	22	ambiguous(crypt:81/egypt:29)
seald	22	ambiguous(seal:10022/sealed:4843)
tuffree	22	ambiguous(toffee:0/unfree:0)
craprer	22	weak_unique(crapper:0)
tvne	22	ambiguous(tine:489/tune:240)
mvolving	22	weak_unique(evolving:49)
isonipecaine	22	no_candidate
subcounty	22	no_candidate
cusanovich	22	no_candidate
ceeeeeeeeeee	22	no_candidate
foothill-deanza	22	no_candidate
zoveinot	22	no_candidate
chetcuti	22	no_candidate
rapozo	22	weak_unique(rebozo:0)
alphaprodine	22	no_candidate
dextrorphan	22	no_candidate
lowincome	22	weak_unique(downcome:0)
nonstakes	22	no_candidate
felando	22	ambiguous(fernando:687/leland:239)
nonamortized	22	no_candidate
eecee	21	weak_unique(emcee:6)
tracted	21	ambiguous(traced:73/tracked:27)
fendant	21	ambiguous(pendant:6/fondant:5)
seeees	21	ambiguous(series:5877/serves:2389)
xiil	21	ambiguous(bill:115264/will:90047)
gompensa	21	weak_unique(gompers:4)
szorton	21	ambiguous(shorten:477/norton:176)
tering	21	ambiguous(tearing:191/turing:78)
eightytwo	21	no_candidate
comy	21	ambiguous(copy:49839/com:26945)
terrns	21	ambiguous(terns:49/terr's:0)
yood	21	ambiguous(food:25026/good:22901)
crection	21	ambiguous(creation:6474/erection:2193)
vated	21	ambiguous(voted:10300/dated:3666)
woder	21	ambiguous(wider:178/wader:76)
ployés	21	ambiguous(ploys:6/ploy's:0)
behool	21	ambiguous(behoof:8/befool:0)
ccccceeee	21	no_candidate
arnum	21	ambiguous(barnum:12/arum:0)
approprla	21	no_candidate
parls	21	ambiguous(parks:11023/parts:9450)
anyeles	21	weak_unique(aneles:3)
islative	21	ambiguous(illative:0/isolative:0)
beneht	21	weak_unique(benet:9)
ioint	21	ambiguous(joint:35127/point:21703)
cahtornia	21	no_candidate
onetenth	21	no_candidate
eome	21	ambiguous(home:35841/some:14503)
teeta	21	ambiguous(teeth:119/testa:54)
ficate	21	ambiguous(fichte:0/fixate:0)
notwithstand	21	no_candidate
nses	21	ambiguous(uses:10621/ness:3661)
bitect	21	weak_unique(bisect:1)
ained	21	ambiguous(mined:1722/fined:1453)
urgenev	21	weak_unique(turgenev:0)
msurers	21	weak_unique(usurers:0)
dinary	21	ambiguous(diary:20/binary:18)
cuaprerr	21	no_candidate
vouth	21	ambiguous(south:19815/youth:11333)
hicle	21	weak_unique(chicle:0)
mudsuckers	21	no_candidate
eeeeeeeeeeeees	21	no_candidate
nonovertime	21	no_candidate
asacondition	21	no_candidate
batiquitos	21	no_candidate
preimprisonment	21	no_candidate
nonelderly	21	no_candidate
hsted	21	ambiguous(hosted:11/hated:7)
metazocine	21	no_candidate
cytotechnologists	21	no_candidate
elijo	21	ambiguous(eli:143/lino:129)
eeeeneeee	21	no_candidate
nonformulary	21	no_candidate
nondepositary	21	no_candidate
dextropropoxyphene	21	no_candidate
unty	20	ambiguous(unto:181/unity:118)
eserves	20	ambiguous(reserves:3924/serves:2389)
srorton	20	ambiguous(shorten:477/norton:176)
viously	20	ambiguous(piously:0/vinously:0)
veyed	20	ambiguous(keyed:21/eyed:12)
seorton	20	ambiguous(shorten:477/norton:176)
ereeee	20	ambiguous(renee:1428/greene:682)
scce	20	weak_unique(syce:0)
cxxix	20	ambiguous(calix:1/cylix:0)
clvi	20	weak_unique(clavi:1)
twenty-fivo	20	no_candidate
taxen	20	ambiguous(taxes:51697/taken:40024)
eenees	20	ambiguous(renee:1428/levees:1326)
thereun	20	ambiguous(therein:36084/thereon:29056)
erented	20	ambiguous(erected:2817/rented:1617)
ovory	20	ambiguous(ivory:11/ovary:4)
atrect	20	ambiguous(street:31751/direct:25194)
ency	20	weak_unique(envy:9)
mocting	20	ambiguous(mocking:13/mooting:9)
paicl	20	weak_unique(pail:46)
fature	20	ambiguous(nature:12716/future:10938)
ishment	20	no_candidate
fortv	20	ambiguous(forth:55320/forty:18769)
joeal	20	weak_unique(joel:32)
bocly	20	ambiguous(only:103275/body:52039)
joval	20	ambiguous(oval:40/jovial:0)
obtaming	20	ambiguous(obtain:16852/obtaining:6980)
fecble-minded	20	weak_unique(feebleminded:42)
saultry	20	weak_unique(sultry:1)
sults	20	ambiguous(suits:1797/salts:911)
clusion	20	weak_unique(elusion:18)
creden	20	weak_unique(credent:1)
licensec	20	ambiguous(license:90825/licensed:40828)
exeeptions	20	ambiguous(exceptions:3487/exemptions:3296)
corrugata	20	weak_unique(corrugate:0)
eense	20	ambiguous(sense:588/cense:481)
nioney	20	ambiguous(money:62085/nine:21319)
carners	20	ambiguous(careers:330/corners:187)
erage	20	ambiguous(erase:71/rage:38)
habihty	20	ambiguous(habits:382/habit:267)
forty-fourtil	20	no_candidate
erative	20	ambiguous(elative:9/ergative:0)
oneeighth	20	no_candidate
mpose	20	ambiguous(impose:10824/pose:3736)
beope	20	ambiguous(people:109507/before:109151)
fpuled	20	ambiguous(puled:106/fouled:86)
appomtmen	20	no_candidate
procharter	20	ambiguous(recharter:0/trochanter:0)
nondegree	20	no_candidate
puddingstone	20	no_candidate
nonretail	20	weak_unique(nonmetal:2)
n-acetylanthranilic	20	no_candidate
hydrochlorofluorocarbon	20	no_candidate
nonpotentially	20	no_candidate
cmra	20	ambiguous(cara:28/cora:15)
eeneeeeeeeees	20	no_candidate
eneneeeeereees	20	no_candidate
weisenthal	20	weak_unique(wiesenthal:33)
kumeyaay	20	no_candidate
neneneeee	20	no_candidate
lazzaretto	20	weak_unique(lazaretto:1)
nelac	20	ambiguous(near:11893/delay:5310)
atplao	20	weak_unique(atlas:32)
benzilate	20	ambiguous(ventilate:15/benzoate:7)
noncharter	20	weak_unique(nonstarter:0)
valleyeast	20	no_candidate
kennick	20	ambiguous(kendrick:1/kenning:0)
talawa	20	weak_unique(tarawa:5)
nonsalary	20	no_candidate
penasquitos	20	no_candidate
porter-sesnon	20	no_candidate
sbdcs	20	ambiguous(sides:1020/secs:1003)
hesis	20	ambiguous(hess:28/thesis:17)
copermittee	20	no_candidate
comsetuction	20	no_candidate
coowned	20	ambiguous(crowned:16/clowned:0)
cxxvi	19	weak_unique(clavi:1)
stanislans	19	no_candidate
therco	19	ambiguous(thereof:160014/there:89357)
piumas	19	ambiguous(pumas:3/pimas:1)
ployer	19	ambiguous(player:144/plover:65)
senl	19	ambiguous(sell:17073/seal:10022)
cxxxix	19	no_candidate
clared	19	ambiguous(cared:590/cleared:272)
ccxi	19	ambiguous(xi:8065/cali:7090)
surn	19	ambiguous(turn:2104/sur:1893)
cighty-four	19	no_candidate
nually	19	weak_unique(dually:20)
cxcvi	19	ambiguous(cacti:41/cocci:3)
lecting	19	ambiguous(electing:2169/letting:918)
sules	19	ambiguous(rules:46125/sales:17772)
crar	19	ambiguous(car:2712/char:1123)
cntilled	19	weak_unique(untilled:0)
racts	19	ambiguous(acts:26740/facts:24865)
neering	19	ambiguous(needing:220/nearing:112)
umne	19	ambiguous(one:317854/use:116594)
statos	19	ambiguous(states:82035/stats:39154)
fiye	19	ambiguous(five:123871/file:41892)
eame	19	ambiguous(same:176551/name:61874)
oftive	19	ambiguous(office:138824/five:123871)
onment	19	ambiguous(intent:28035/consent:22731)
tinnin	19	ambiguous(tinning:6/tannin:2)
tifieate	19	weak_unique(titivate:1)
pliance	19	weak_unique(pliancy:0)
tutional	19	weak_unique(tuitional:0)
cighty-cight	19	no_candidate
didates	19	weak_unique(dilates:0)
conercte	19	ambiguous(concrete:608/coerce:254)
monumented	19	ambiguous(monument:1132/documented:927)
becorne	19	ambiguous(before:109151/become:63283)
earricr	19	ambiguous(carrier:10699/earlier:4055)
onefortieth	19	no_candidate
htigation	19	ambiguous(litigation:3213/mitigation:2127)
xita	19	ambiguous(rita:35/vita:32)
wuenrgas	19	no_candidate
nonrancid	19	weak_unique(nonacid:1)
honality	19	weak_unique(tonality:46)
vearly	19	ambiguous(early:3408/nearly:3119)
maximuin	19	weak_unique(maximin:0)
ennum	19	weak_unique(ennui:0)
issuecl	19	ambiguous(issued:89892/issue:43988)
recreationa	19	ambiguous(recreation:12432/recreational:7536)
appheatior	19	no_candidate
nbers	19	ambiguous(numbers:19025/needs:18816)
imtiative	19	weak_unique(imitative:4)
exudations	19	ambiguous(exudation:11/exudation's:0)
thermalito	19	no_candidate
nonlicensees	19	no_candidate
desoxyephedrine	19	no_candidate
koverman	19	weak_unique(overman:0)
caponette	19	ambiguous(caporetto:0/wagonette:0)
britschgi	19	no_candidate
short-dovle	19	no_candidate
biscailuz	19	no_candidate
reinjection	19	weak_unique(reinfection:0)
cceeeeeeeee	19	no_candidate
bilhon	19	weak_unique(billon:0)
calstart	19	no_candidate
noncharging	19	no_candidate
reaqa	19	weak_unique(reata:0)
misassignments	19	no_candidate
ghpp	19	ambiguous(ship:3901/chap:3086)
ultrapasteurized	19	no_candidate
administrathot	19	ambiguous(administration:31931/administrator:18788)
eeeeeeeeeeees	19	no_candidate
quiniela	19	no_candidate
ceceeee	18	no_candidate
cessive	18	weak_unique(essive:0)
benent	18	ambiguous(benet:9/bennet:1)
twoyear	18	weak_unique(twofer:0)
amonaem	18	no_candidate
cxii	18	ambiguous(xi:8065/cali:7090)
cxlix	18	ambiguous(calix:1/cylix:0)
clxxx	18	no_candidate
cxcii	18	ambiguous(cacti:41/cecil:28)
ccxix	18	ambiguous(calix:1/cylix:0)
cclx	18	weak_unique(calx:0)
polltax	18	ambiguous(poleax:0/pollux:0)
rolis	18	ambiguous(rolls:1873/solis:675)
clxvi	18	weak_unique(clavi:1)
erento	18	weak_unique(trento:0)
eont	18	ambiguous(ont:1269/eon:475)
proteet	18	ambiguous(protect:9465/protest:5569)
buve	18	weak_unique(bute:37)
alarch	18	ambiguous(larch:7/anarch:0)
acerne	18	ambiguous(accrue:2803/acre:2739)
cxxxiv	18	no_candidate
yold	18	ambiguous(sold:32668/hold:25575)
oilice	18	weak_unique(cilice:0)
facic	18	weak_unique(facia:7)
saucelito	18	no_candidate
crannell	18	weak_unique(cranwell:0)
boncls	18	weak_unique(bonces:0)
eeeene	18	ambiguous(greene:682/serene:317)
viee	18	ambiguous(vice:5987/view:3803)
settlors	18	ambiguous(settlor:395/settlers:232)
termot	18	weak_unique(termor:10)
supphed	18	weak_unique(supped:0)
duiy	18	ambiguous(duty:33491/duly:25971)
leasc	18	ambiguous(least:63279/lease:27131)
contmued	18	ambiguous(construed:19368/continued:11042)
perior	18	ambiguous(prior:102799/period:99289)
fered	18	ambiguous(feed:773/fred:596)
mder	18	weak_unique(oder:34)
ihere	18	ambiguous(there:89357/where:76940)
iwenty-second	18	no_candidate
iments	18	weak_unique(aments:1)
appropriatec	18	ambiguous(appropriated:49869/appropriate:48938)
fessional	18	ambiguous(fusional:0/passional:0)
remova	18	ambiguous(removal:15841/remove:7866)
proamended	18	weak_unique(promenaded:0)
dstnets	18	ambiguous(stets:23/donets:1)
forty-fipth	18	no_candidate
hling	18	ambiguous(fling:103/cling:52)
comphanee	18	no_candidate
usive	18	ambiguous(five:123871/use:116594)
dumng	18	weak_unique(dung:13)
onstruction	18	ambiguous(construction:56614/instruction:30434)
wueenreas	18	no_candidate
contams	18	ambiguous(contain:22497/contains:9783)
housmg	18	ambiguous(housing:34525/house:23056)
specul	18	weak_unique(specula:3)
hederacea	18	no_candidate
pubue	18	ambiguous(pub:4255/pursue:2155)
threeeighths	18	no_candidate
pereentum	18	no_candidate
retat	18	weak_unique(resat:0)
benents	18	weak_unique(bennets:0)
jacumba	18	weak_unique(macumba:0)
undenatured	18	ambiguous(indentured:101/denatured:85)
weitchpec	18	no_candidate
highty-first	18	no_candidate
berkemeyer	18	no_candidate
defosset	18	weak_unique(deforest:0)
suboffices	18	weak_unique(subofficer:0)
rnake	18	ambiguous(snake:42/rake:31)
chnic	18	ambiguous(chic:19/conic:3)
bioanalysts	18	weak_unique(biocatalysts:0)
cooper-molera	18	no_candidate
deanza	18	ambiguous(deana:1/deanna:1)
nonconsumer	18	no_candidate
subbasins	18	weak_unique(subbases:0)
ehmuinating	18	no_candidate
ocjp	18	ambiguous(oc:1073/cap:714)
nontraffic	18	no_candidate
eeeeeeeeeeeeeeeee	18	no_candidate
nondegenerative	18	no_candidate
oshpd	18	ambiguous(shed:208/shad:145)
precrisis	18	weak_unique(precises:0)
fredonyer	18	no_candidate
rerefined	18	weak_unique(redefined:9)
ecia	18	ambiguous(elia:10/aecia:1)
structing	17	weak_unique(strutting:0)
tablished	17	ambiguous(established:56306/published:27466)
erwise	17	ambiguous(revise:5026/wise:3675)
jected	17	ambiguous(ejected:36/jested:1)
etion	17	weak_unique(eton:12)
atory	17	ambiguous(tory:1674/story:705)
amaavit	17	ambiguous(akvavit:0/amadavat:0)
cxxi	17	ambiguous(xi:8065/cali:7090)
clxxi	17	weak_unique(clavi:1)
cciv	17	ambiguous(coin:2184/acid:1583)
cxlv	17	ambiguous(cal:15486/call:10135)
xcvii	17	no_candidate
srcrton	17	weak_unique(sacaton:0)
lxxxvi	17	no_candidate
surveyor-gencral	17	no_candidate
clocted	17	ambiguous(clotted:22/clocked:0)
byxbee	17	weak_unique(bawbee:0)
fenee	17	ambiguous(renee:1428/fence:1009)
aqt	17	ambiguous(at:465812/act:457162)
approverl	17	weak_unique(approver:19)
clxxvi	17	weak_unique(clavi:1)
cxcix	17	ambiguous(cecil:28/calix:1)
unincor	17	weak_unique(unicorn:0)
nupa	17	ambiguous(pupa:5/nipa:1)
necting	17	ambiguous(netting:23/nesting:19)
exeepted	17	ambiguous(exempted:4227/excepted:1900)
rorth	17	ambiguous(forth:55320/north:18794)
noder	17	ambiguous(oder:34/nuder:17)
nanees	17	ambiguous(nantes:4/ranees:1)
perey	17	ambiguous(perry:90/prey:44)
deterinine	17	ambiguous(determine:40531/determining:17387)
twenty-sizth	17	no_candidate
schomp	17	weak_unique(chomp:0)
constrnet	17	ambiguous(construed:19368/construct:11513)
whule	17	ambiguous(while:23982/whole:23964)
cxxiv	17	no_candidate
indebtednesses	17	weak_unique(indebtedness's:0)
reasonab	17	ambiguous(reasonable:41480/reason:24374)
lavor	17	ambiguous(labor:27236/favor:12991)
veur	17	ambiguous(veer:148/eur:74)
fiith	17	ambiguous(faith:7978/fifth:7700)
dential	17	ambiguous(dental:5989/denial:5072)
evurt	17	weak_unique(evert:16)
inelu	17	ambiguous(inlet:361/inert:185)
prolongated	17	weak_unique(prolongate:0)
laveaga	17	weak_unique(lavage:0)
weisbaum	17	no_candidate
valled	17	ambiguous(called:12133/valley:8712)
vlock	17	ambiguous(block:5347/clock:3340)
three-cighths	17	no_candidate
tocal	17	ambiguous(local:127353/total:59979)
onetwentieth	17	no_candidate
euts	17	ambiguous(nuts:805/cuts:524)
siens	17	ambiguous(liens:5542/signs:4714)
siaie	17	ambiguous(state:880230/said:424830)
sibility	17	ambiguous(liability:27341/ability:10771)
rnember	17	ambiguous(member:100238/number:88053)
declarec	17	ambiguous(declared:17788/declares:12242)
ttee	17	ambiguous(tee:1996/tree:1761)
meumbent	17	ambiguous(decumbent:0/recumbent:0)
servec	17	ambiguous(serve:27281/served:26748)
tenpoint	17	ambiguous(tenpin:7/gunpoint:1)
toint	17	ambiguous(joint:35127/point:21703)
plovees	17	weak_unique(plovers:7)
shaii	17	weak_unique(shari:0)
istrative	17	ambiguous(isolative:0/iterative:0)
resolut	17	weak_unique(resolute:8)
prousions	17	ambiguous(profusions:0/prolusions:0)
andriano	17	ambiguous(adrian:5/adriana:2)
mutualized	17	weak_unique(mutualize:4)
lienors	17	ambiguous(minors:6799/liens:5542)
register-pajaronian	17	no_candidate
guapys	17	ambiguous(grapes:1522/guards:852)
calleguas	17	no_candidate
sulfomethane	17	weak_unique(sulfonmethane:17)
damsites	17	ambiguous(campsites:30/adamsite:0)
pentemper	17	no_candidate
orthoptics	17	ambiguous(orthotics:14/orthoptic:0)
nonprinted	17	weak_unique(unprinted:3)
komandorski	17	no_candidate
eeeneeeeees	17	no_candidate
noncompacting	17	weak_unique(noncompeting:0)
levoalphacetylmethadol	17	no_candidate
tetrahydrocannabinols	17	weak_unique(tetrahydrocannabinol:18)
glutethimide	17	no_candidate
ccccceee	17	no_candidate
euthanasic	17	weak_unique(euthanasia:26)
busdrivers	17	no_candidate
eceeeeeee	17	no_candidate
sieroty	17	no_candidate
nonsafety	17	no_candidate
nonhousing	17	weak_unique(nonplusing:0)
levomethorphan	17	no_candidate
dimethoxy-alpha-methylphenethylamine	17	no_candidate
entihes	17	weak_unique(entices:47)
nonrecyclable	17	no_candidate
eeeeeeeeeeeeeeeeee	17	no_candidate
nonenterprise	17	no_candidate
twenty-siath	16	no_candidate
reeeee	16	ambiguous(referee:3927/redeem:1615)
oné	16	ambiguous(on:583809/one:317854)
cxiii	16	ambiguous(chili:32/chiai:0)
cxv	16	weak_unique(cav:6)
cxxxi	16	no_candidate
sxerion	16	ambiguous(exertion:9/sermon:7)
fuing	16	ambiguous(suing:131/fling:103)
ciates	16	ambiguous(crates:110/cites:69)
cxciv	16	weak_unique(cecil:28)
cxci	16	ambiguous(xi:8065/cali:7090)
cccx	16	ambiguous(cox:193/coca:113)
eightysix	16	no_candidate
eccee	16	weak_unique(emcee:6)
eenenee	16	no_candidate
unap	16	ambiguous(una:70/nap:36)
suly	16	ambiguous(july:75897/duly:25971)
lxxxii	16	no_candidate
avain	16	ambiguous(again:2830/avail:2232)
poace	16	ambiguous(place:63421/peace:42702)
luid	16	ambiguous(fluid:4555/luis:3290)
cnable	16	ambiguous(unable:7715/enable:6766)
turers	16	ambiguous(tubers:14/curers:8)
appropriapriated	16	no_candidate
throo	16	ambiguous(throw:145/throe:57)
thorcon	16	weak_unique(thoron:0)
sxco	16	ambiguous(such:874514/sec:381965)
ceceeeee	16	no_candidate
nincty-four	16	no_candidate
beerstecher	16	no_candidate
clitus	16	weak_unique(coitus:1)
coolieism	16	ambiguous(coolies:1/coolie's:0)
thenre	16	ambiguous(there:89357/thence:40598)
raade	16	weak_unique(reade:3)
ishable	16	ambiguous(stable:965/usable:621)
cted	16	ambiguous(cited:6289/acted:2733)
eneh	16	weak_unique(neh:24)
munie	16	ambiguous(june:50166/unit:24311)
pubite	16	ambiguous(suite:848/unite:384)
biam	16	ambiguous(bias:339/bim:305)
constita	16	weak_unique(constanta:0)
buper	16	ambiguous(buyer:7967/super:6713)
uccessary	16	weak_unique(accessary:1)
centuin	16	ambiguous(certain:30261/contain:22497)
tuolumine	16	no_candidate
continuea	16	ambiguous(continue:20992/continued:11042)
regwar	16	weak_unique(regear:0)
nincty-nine	16	no_candidate
rently	16	weak_unique(gently:47)
aduit	16	ambiguous(adult:12492/audit:10586)
tweuty-five	16	no_candidate
subpartnership	16	no_candidate
conunission	16	no_candidate
viduals	16	weak_unique(visuals:0)
zations	16	ambiguous(nations:1249/cations:573)
eates	16	ambiguous(rates:22135/dates:8565)
aiong	16	ambiguous(along:29910/among:14434)
extraordi	16	no_candidate
determma	16	no_candidate
vellow	16	ambiguous(yellow:570/fellow:422)
createc	16	ambiguous(created:23133/create:8069)
rodmen	16	weak_unique(hodmen:0)
forty-fifti	16	no_candidate
adcled	16	weak_unique(addled:31)
culiforma	16	weak_unique(cubiform:0)
fihng	16	ambiguous(filing:45746/ing:42643)
tinuously	16	ambiguous(sinuously:0/tenuously:0)
ealls	16	ambiguous(falls:1759/walls:1716)
supplementa	16	ambiguous(supplemental:9312/supplement:3763)
iail	16	ambiguous(mail:16755/jail:15839)
chloralhydrate	16	no_candidate
mellifica	16	no_candidate
engagec	16	ambiguous(engaged:19197/engage:8016)
reation	16	ambiguous(creation:6474/relation:5904)
vahdation	16	ambiguous(valuation:9188/vacation:3153)
sacramentosan	16	no_candidate
wauenreas	16	no_candidate
acquirec	16	ambiguous(acquired:17088/acquire:10347)
carmenita	16	ambiguous(armenia:41/carmelite:1)
henholder	16	weak_unique(penholder:0)
weybret	16	no_candidate
nonendowment	16	no_candidate
ketobemidone	16	no_candidate
proraters	16	weak_unique(prorates:1)
ceeeeeeeeeeee	16	no_candidate
clawings	16	weak_unique(clawing:0)
guajome	16	no_candidate
simnia	16	ambiguous(sonia:6/siena:5)
semicossyphus	16	no_candidate
juaneno	16	no_candidate
acjachemen	16	no_candidate
eeneeeeeee	16	no_candidate
eeneeeeeeereeers	16	no_candidate
olazar	16	weak_unique(lazar:3)
noncancelable	16	no_candidate
alosta	16	ambiguous(acosta:0/alost:0)
comptche	16	ambiguous(comanche:4/campeche:0)
subgovernment	16	no_candidate
shellstock	16	no_candidate
aesdp	16	weak_unique(aesop:0)
garrapata	16	no_candidate
mdso	16	weak_unique(miso:3)
xitib	16	ambiguous(titi:17/titis:4)
hmuted	16	weak_unique(muted:14)
preaudit	16	ambiguous(plaudit:0/preadult:0)
aquaculturists	16	weak_unique(aquaculturist:31)
nontransit	16	no_candidate
outstationing	16	no_candidate
xijia	16	ambiguous(fiji:4/cilia:3)
levopropoxyphene	16	no_candidate
moramide-intermediate	16	no_candidate
ssorion	15	ambiguous(orion:9/chorion:0)
vious	15	ambiguous(virus:490/vinous:179)
piration	15	ambiguous(portion:50368/operation:35926)
gatary	15	ambiguous(tatary:1/datary:0)
cxxxii	15	no_candidate
lxxxviii	15	no_candidate
clvii	15	ambiguous(civil:72956/claim:38845)
clxxv	15	no_candidate
clxxix	15	no_candidate
clxxxiv	15	no_candidate
ccxxii	15	no_candidate
ccxlix	15	ambiguous(calix:1/cylix:0)
cclix	15	ambiguous(calix:1/cylix:0)
maae	15	ambiguous(made:199866/make:87231)
replank	15	weak_unique(replant:2)
destruc	15	weak_unique(destruct:8)
clviii	15	no_candidate
bzc	15	weak_unique(bic:35)
reeset	15	ambiguous(reese:190/reset:122)
seseee	15	ambiguous(lessee:5652/severe:2588)
aaca	15	weak_unique(abaca:0)
ceeeeeees	15	no_candidate
seeeeeeee	15	no_candidate
clxviii	15	no_candidate
apie	15	ambiguous(pie:130/ape:77)
siven	15	ambiguous(given:42762/seven:29908)
suscol	15	ambiguous(succor:4/cusco:0)
resnit	15	ambiguous(reknit:0/resit:0)
commanderin-chief	15	no_candidate
ient	15	ambiguous(cent:15931/rent:6973)
gnid	15	ambiguous(enid:38/grid:33)
hydesville	15	no_candidate
approprialars	15	weak_unique(appropriators:33)
enurt	15	weak_unique(enure:10)
cyual	15	ambiguous(equal:37809/actual:26086)
eligi	15	ambiguous(eli:143/align:98)
enghsh	15	ambiguous(english:4970/eighth:4265)
precita	15	ambiguous(recite:662/recital:471)
scnute	15	weak_unique(scute:0)
proceding	15	ambiguous(preceding:31202/proceeding:29993)
disere	15	ambiguous(disease:7174/desire:2872)
tioning	15	ambiguous(tinning:6/toning:2)
exeenting	15	ambiguous(extending:3547/excepting:2586)
duily	15	ambiguous(duly:25971/daily:25593)
vreated	15	ambiguous(created:23133/treated:8290)
olema	15	weak_unique(ulema:1)
veying	15	ambiguous(vexing:7/eying:5)
matiposa	15	no_candidate
bercby	15	weak_unique(bercy:0)
artment	15	ambiguous(apartment:2149/argument:2120)
srcriox	15	no_candidate
neunaber	15	no_candidate
ohleyer	15	ambiguous(obeyer:0/volleyer:0)
vacquerel	15	ambiguous(becquerel:0/lacquered:0)
appropia	15	no_candidate
subinit	15	weak_unique(subunit:3)
inatters	15	weak_unique(natters:3)
woless	15	ambiguous(unless:96445/less:95989)
fisce	15	ambiguous(fisc:1/fiscs:0)
bined	15	ambiguous(mined:1722/fined:1453)
ventions	15	weak_unique(mentions:5)
cifically	15	weak_unique(civically:0)
neuces	15	weak_unique(deuces:0)
inatter	15	weak_unique(natter:7)
muenter	15	weak_unique(muenster:0)
compensashall	15	no_candidate
orestimba	15	no_candidate
pened	15	ambiguous(opened:2717/pended:1205)
yment	15	weak_unique(ament:24)
sced	15	ambiguous(sued:1951/seed:1798)
pedrotti	15	no_candidate
inseet	15	ambiguous(insert:1704/insect:762)
anrum	15	ambiguous(antrum:1/arum:0)
crossarms	15	weak_unique(crossarm:23)
wauersas	15	ambiguous(waders's:0/waters's:0)
unincorpo	15	no_candidate
charicr	15	weak_unique(charier:40)
ssary	15	weak_unique(scary:1)
crade	15	ambiguous(grade:14677/trade:13609)
commenemg	15	no_candidate
whcle	15	ambiguous(while:23982/whole:23964)
operatior	15	ambiguous(operation:35926/operator:16358)
amendme	15	ambiguous(amended:239647/amend:84240)
stuls	15	ambiguous(stubs:193/studs:163)
therce	15	ambiguous(there:89357/thence:40598)
newseetion	15	no_candidate
vcting	15	ambiguous(voting:19837/acting:12863)
jurisdict	15	ambiguous(juristic:1/juridic:0)
wacreas	15	ambiguous(whereas:32050/areas:23268)
mamme	15	ambiguous(mamie:7/mamma:4)
encum	15	ambiguous(incur:4076/centum:2980)
assessme	15	ambiguous(assessment:60627/assessed:26691)
appheaton	15	weak_unique(appleton:1)
tributor	15	ambiguous(tribute:423/tributary:226)
pped	15	ambiguous(pied:147/pled:113)
annlied	15	ambiguous(applied:16260/annexed:7202)
pursuar	15	weak_unique(pursuer:0)
luitwieler	15	no_candidate
tender-meated	15	no_candidate
cceeeeeeeeeee	15	no_candidate
ceeeeeeeeeeeee	15	no_candidate
preapprentice	15	no_candidate
eeeneee	15	no_candidate
grpi	15	weak_unique(grip:18)
calstars-related	15	no_candidate
usdva	15	ambiguous(suva:3/siva:2)
reusers	15	ambiguous(reuses:4/reuters:2)
noncommunications-related	15	no_candidate
erenene	15	ambiguous(renee:1428/greene:682)
tracen	15	ambiguous(trace:196/traced:73)
piperidinocyclohexane	15	no_candidate
czuleger	15	no_candidate
sbbem	15	ambiguous(seem:800/stem:471)
mitial	15	ambiguous(initial:12813/mutual:4959)
davis-dolwig	15	no_candidate
noncollege	15	no_candidate
leshe	15	ambiguous(leste:5/lethe:0)
chloroephedrine	15	no_candidate
chloropseudoephedrine	15	no_candidate
nonyard	15	ambiguous(nonfarm:36/onward:8)
seera	15	ambiguous(seer:385/seers:307)
subschedules	15	no_candidate
nondosage	15	no_candidate
diphenylpropane-carboxylic	15	no_candidate
pheresis	15	weak_unique(apheresis:2)
clxxii	14	no_candidate
cciii	14	ambiguous(chili:32/acini:2)
onap	14	ambiguous(nap:36/snap:33)
disaffirmed	14	weak_unique(disaffirm:41)
plicant	14	weak_unique(pliant:3)
amenem	14	ambiguous(amended:239647/amend:84240)
cxxxviii	14	no_candidate
ision	14	ambiguous(sion:9058/vision:3194)
orany	14	ambiguous(oran:15/orang:12)
eete	14	ambiguous(rete:560/pete:315)
clxxxix	14	no_candidate
cxcv	14	ambiguous(coca:113/csc:76)
ccxiv	14	no_candidate
breuner	14	ambiguous(brenner:3/breuer:0)
xviti	14	ambiguous(vita:32/titi:17)
siaty-eight	14	no_candidate
fanding	14	ambiguous(funding:23573/finding:10298)
nently	14	ambiguous(gently:47/neatly:12)
cclxiv	14	no_candidate
cccxx	14	weak_unique(coccyx:0)
cxcvii	14	no_candidate
censee	14	ambiguous(cense:481/censed:178)
fitle	14	ambiguous(title:78897/file:41892)
cereee	14	ambiguous(creek:5238/career:2063)
clxxxii	14	no_candidate
cclxx	14	ambiguous(calyx:12/calix:1)
tached	14	ambiguous(taches:10/tache:4)
soners	14	ambiguous(toners:18/sones:15)
jevicd	14	ambiguous(levied:20557/device:11759)
towit	14	ambiguous(twit:8/tobit:0)
tating	14	ambiguous(taking:16745/stating:9282)
cuact	14	weak_unique(coact:0)
iability	14	ambiguous(liability:27341/ability:10771)
pranted	14	ambiguous(granted:32879/printed:18014)
eeer	14	ambiguous(ever:5427/beer:2804)
cxxxvi	14	no_candidate
gioners	14	weak_unique(goners:1)
fifly-nine	14	no_candidate
represcnicd	14	no_candidate
sarily	14	ambiguous(scarily:0/warily:0)
tised	14	ambiguous(tied:433/tiled:221)
exceuting	14	ambiguous(excepting:2586/executing:1977)
cccccee	14	no_candidate
plice	14	ambiguous(place:63421/police:21570)
xil	14	ambiguous(oil:13670/xi:8065)
rohnerville	14	no_candidate
ership	14	weak_unique(reship:3)
shect	14	ambiguous(sheet:1440/sect:794)
ccxii	14	no_candidate
niember	14	ambiguous(member:100238/number:88053)
cellaneous	14	no_candidate
twenty-sicth	14	no_candidate
snown	14	ambiguous(known:33090/shown:16162)
gocs	14	ambiguous(goes:565/docs:261)
euled	14	ambiguous(ruled:250/puled:106)
fitng	14	ambiguous(filing:45746/ing:42643)
appren	14	ambiguous(apples:1323/apparent:962)
assessmer	14	ambiguous(assessment:60627/assessed:26691)
theretn	14	ambiguous(thereto:37039/therein:36084)
ulation	14	weak_unique(elation:28)
bursed	14	ambiguous(burned:359/buried:168)
miums	14	weak_unique(mums:13)
ppoint	14	ambiguous(appoint:28939/point:21703)
munict	14	weak_unique(munich:3)
sausal	14	weak_unique(causal:41)
indorsees	14	weak_unique(indorses:24)
resewering	14	ambiguous(reseeding:1/resewing:0)
nexation	14	ambiguous(negation:4/vexation:2)
preemets	14	weak_unique(preempts:32)
billheads	14	ambiguous(billhead:11/bullheads:0)
jeneth	14	ambiguous(length:8444/tenth:2880)
fifty-cighth	14	no_candidate
eonneil	14	ambiguous(donnell:32/o'neil:0)
jies	14	ambiguous(ties:4793/dies:2231)
containmg	14	ambiguous(contained:24438/contain:22497)
eutting	14	ambiguous(cutting:707/putting:402)
rernain	14	ambiguous(certain:30261/remain:24235)
horized	14	ambiguous(horned:81/horizon:71)
ofteers	14	ambiguous(others:7619/offers:3799)
sixty-cighth	14	no_candidate
protempore	14	no_candidate
hearmes	14	ambiguous(hearses:12/hermes:6)
msuranee	14	weak_unique(suwanee:0)
praving	14	ambiguous(paving:678/proving:656)
hibiting	14	ambiguous(limiting:2276/visiting:1176)
nnee	14	weak_unique(knee:29)
mvolved	14	weak_unique(evolved:33)
mittees	14	weak_unique(mittens:1)
waurreas	14	weak_unique(warrens:0)
forty-fiftii	14	no_candidate
pauciflorus	14	no_candidate
retam	14	weak_unique(ream:29)
astnet	14	ambiguous(asset:2196/assent:1285)
advertismg	14	ambiguous(advertising:9199/advertise:3433)
shanock	14	ambiguous(hancock:90/shock:62)
chauf	14	weak_unique(chaff:2)
appropriawise	14	no_candidate
appropiia	14	no_candidate
nulk	14	ambiguous(bulk:1940/null:938)
roneovieri	14	no_candidate
vross	14	ambiguous(gross:13058/cross:5695)
nonconsumptive	14	no_candidate
tionality	14	weak_unique(tonality:46)
mscal	14	weak_unique(mescal:0)
sials	14	ambiguous(seals:449/rials:289)
reurement	14	weak_unique(recrement:0)
admmstra	14	no_candidate
neously	14	ambiguous(onerously:1/nervously:0)
ownec	14	ambiguous(owner:51366/owned:24370)
chargec	14	ambiguous(charge:41082/charges:27202)
alloca	14	ambiguous(allow:12457/allocate:4251)
loara	14	ambiguous(lara:11/lora:4)
solstitialis	14	weak_unique(solstitial:0)
nonpark	14	ambiguous(nonfarm:36/nonary:0)
taxdeeded	14	no_candidate
mutolo	14	ambiguous(mutely:0/mutule:0)
nonlicensee	14	no_candidate
inacounty	14	no_candidate
luckel	14	weak_unique(lucked:1)
soupfin	14	ambiguous(souping:0/soupçon:0)
moabi	14	weak_unique(moab:2)
hsting	14	ambiguous(hosting:63/sting:22)
resoluti	14	weak_unique(resolute:8)
wnting	14	ambiguous(wanting:20/anting:2)
tamiasciurus	14	no_candidate
proqian	14	ambiguous(propman:0/protean:0)
conservahon	14	ambiguous(conservation:18739/conservator:6353)
ippb	14	ambiguous(pub:4255/pipe:1637)
noncohabiting	14	no_candidate
itahes	14	weak_unique(itches:5)
clylp	14	ambiguous(clyde:72/clip:70)
munemori	14	no_candidate
cupas	14	ambiguous(cups:33/upas:30)
xuia	14	ambiguous(xi:8065/suit:7004)
eneneeeee	14	no_candidate
cwric	14	weak_unique(ceric:0)
eeeneeeeee	14	no_candidate
nenenee	14	no_candidate
nachand	14	ambiguous(nathan:37/backhand:0)
misadjustment	14	weak_unique(maladjustment:32)
jughandle	14	no_candidate
prograra	14	ambiguous(program:136377/programs:54576)
diethylthiambutene	14	no_candidate
quadriweekly	14	no_candidate
busline	14	ambiguous(outline:865/baseline:424)
gillichthys	14	no_candidate
stepe	14	ambiguous(step:6891/steps:3251)
fishlife	14	weak_unique(fishwife:0)
piperidy	14	weak_unique(piperine:0)
cwda	14	weak_unique(coda:4)
sicita	14	ambiguous(silica:40/dicta:15)
nonduplicative	14	no_candidate
vemiuta	14	no_candidate
nonaided	14	ambiguous(confided:47/unaided:2)
pemhca	14	ambiguous(pemba:0/pemican:0)
mojonnier	14	weak_unique(moonier:0)
bonent	14	weak_unique(bonnet:2)
bayfair-east	14	no_candidate
nonclaiming	14	no_candidate
apportionate	14	no_candidate
xhia	14	weak_unique(shia:5)
nonrefrigerated	14	weak_unique(unrefrigerated:4)
xxiiird	14	no_candidate
nonconformities	14	weak_unique(nonconformity's:0)
ocss	14	weak_unique(coss:9)
nondistressed	14	weak_unique(undistressed:0)
liabili	13	ambiguous(liability:27341/liable:16338)
thorize	13	ambiguous(theorize:0/thorite:0)
teeee	13	ambiguous(teepee:7/tepee:0)
amenae	13	ambiguous(amebae:0/camenae:0)
clxxxi	13	no_candidate
cclvii	13	weak_unique(calvin:35)
viil	13	ambiguous(vial:26/vail:23)
cclxxii	13	no_candidate
lxxviii	13	no_candidate
ignated	13	weak_unique(ignited:27)
tebama	13	ambiguous(team:3102/teams:1068)
deraigning	13	ambiguous(designing:373/draining:281)
eereee	13	ambiguous(serene:317/terete:154)
clxxxvi	13	no_candidate
siaty-five	13	no_candidate
cccl	13	ambiguous(cal:15486/call:10135)
cxciii	13	no_candidate
ccxl	13	ambiguous(cal:15486/call:10135)
duectors	13	ambiguous(directors:36359/electors:27405)
dntics	13	weak_unique(antics:6)
zood	13	ambiguous(food:25026/good:22901)
srcerion	13	no_candidate
pnty	13	ambiguous(pity:24/panty:17)
enenes	13	ambiguous(events:2803/engines:1049)
ofivers	13	weak_unique(fivers:0)
dend	13	ambiguous(end:30268/deed:11303)
betes	13	ambiguous(bees:782/bates:330)
oflicio	13	no_candidate
sicty-one	13	no_candidate
streetim	13	ambiguous(street:31751/streets:20981)
tnvestiga	13	no_candidate
blarch	13	ambiguous(larch:7/blanch:3)
uorth	13	ambiguous(forth:55320/north:18794)
cxxii	13	no_candidate
cxxvii	13	no_candidate
tisement	13	ambiguous(easement:2181/tenement:1050)
dainages	13	ambiguous(damages:14676/drainage:6635)
denomi	13	ambiguous(denote:41/genome:11)
scuate	13	ambiguous(acuate:0/scutate:0)
puper	13	ambiguous(paper:12546/super:6713)
cuard	13	ambiguous(card:7477/guard:5449)
gomg	13	ambiguous(gong:19/gog:6)
oltice	13	ambiguous(office:138824/notice:138786)
tioners	13	weak_unique(toners:18)
ilities	13	ambiguous(cities:20019/utilities:18249)
insuffi	13	no_candidate
melodeons	13	weak_unique(melodeon:13)
clescribed	13	ambiguous(prescribed:48040/described:46112)
appropnia	13	no_candidate
wnght	13	weak_unique(wight:13)
sehoul	13	weak_unique(seoul:6)
coses	13	ambiguous(costs:81829/cases:29152)
rnonth	13	ambiguous(month:49879/north:18794)
eount	13	ambiguous(count:4795/mount:1643)
enllected	13	ambiguous(collected:32522/elected:30880)
venr	13	ambiguous(vent:813/ven:291)
nanies	13	ambiguous(nantes:4/navies:4)
uncremated	13	weak_unique(uncreated:0)
anaes	13	ambiguous(antes:21/anas:9)
notee	13	ambiguous(note:17687/notes:11134)
cireu	13	ambiguous(care:92195/fire:34067)
unprofes	13	ambiguous(unproven:12/unproved:8)
ineffeet	13	no_candidate
tecture	13	ambiguous(lecture:172/texture:93)
itera	13	ambiguous(item:72668/term:65986)
subregistrars	13	no_candidate
heensing	13	ambiguous(censing:54/sensing:54)
naking	13	ambiguous(making:49087/taking:16745)
stultorum	13	no_candidate
jahor	13	ambiguous(labor:27236/mayor:15505)
publicad	13	weak_unique(publican:6)
calhforma	13	no_candidate
cral	13	ambiguous(cal:15486/oral:5978)
assesso	13	ambiguous(assessor:17162/assess:8378)
ticn	13	ambiguous(tin:352/tics:171)
neous	13	ambiguous(nous:27/nexus:12)
fonstitu	13	no_candidate
sance	13	ambiguous(since:8736/nance:3608)
swect	13	ambiguous(sect:794/sweet:397)
ciltapter	13	no_candidate
acent	13	ambiguous(agent:32569/cent:15931)
survevors	13	ambiguous(survivors:1034/surveyors:673)
slative	13	ambiguous(elative:9/stative:0)
providecl	13	ambiguous(provided:300880/provide:121470)
includmg	13	ambiguous(including:99182/include:73727)
showmg	13	ambiguous(shown:16162/showing:15098)
juty	13	ambiguous(july:75897/duty:33491)
riore	13	ambiguous(more:150559/prior:102799)
esidence	13	ambiguous(evidence:38458/residence:19213)
larity	13	ambiguous(parity:263/clarity:194)
monukka	13	no_candidate
nmission	13	ambiguous(mission:5635/omission:3253)
sints	13	ambiguous(sinks:182/sits:181)
tionments	13	weak_unique(torments:35)
ecpy	13	weak_unique(espy:1)
nount	13	ambiguous(count:4795/mount:1643)
subds	13	ambiguous(subs:34/sub's:0)
fauure	13	ambiguous(failure:23249/nature:12716)
bankruptev	13	weak_unique(bankrupted:1)
wauercas	13	no_candidate
defmtion	13	ambiguous(demotion:1000/deletion:899)
redaa	13	weak_unique(redan:1)
newarticle	13	no_candidate
nscal	13	ambiguous(local:127353/fiscal:88410)
seruce	13	ambiguous(spruce:34/seduce:0)
xitia	13	ambiguous(tia:93/rita:35)
loyment	13	weak_unique(loment:1)
ineludable	13	weak_unique(ineludible:24)
nonowners	13	no_candidate
chnical	13	ambiguous(conical:10/cynical:1)
nonprepaid	13	no_candidate
ereeeee	13	weak_unique(freebee:0)
ejecucién	13	no_candidate
forzosa	13	weak_unique(formosa:1)
cercidium	13	weak_unique(peridium:0)
awings	13	ambiguous(awnings:75/wings:39)
invoicable	13	ambiguous(inviolable:3/insociable:0)
subescrow	13	no_candidate
eneeeeees	13	no_candidate
ccilts	13	ambiguous(gilts:15/quilts:13)
gsmpbc	13	no_candidate
chlorhexadol	13	no_candidate
sulfondiethylmethane	13	no_candidate
nalorphine	13	no_candidate
rereference	13	ambiguous(reference:12436/preference:4391)
saltponds	13	weak_unique(salton's:0)
planada	13	weak_unique(panada:0)
subfranchisors	13	no_candidate
frago	13	ambiguous(fargo:41/frag:7)
nonsuitability	13	weak_unique(unsuitability:4)
ceeeeees	13	no_candidate
kapiloff	13	weak_unique(karloff:0)
ccceeeeeeeee	13	no_candidate
cccceeeeeeee	13	no_candidate
cceeeeees	13	no_candidate
nnes	13	ambiguous(noes:627/ones:363)
morpheridine	13	no_candidate
domiciliaries	13	no_candidate
telrad	13	weak_unique(tetrad:0)
difenoxin	13	no_candidate
camsi	13	weak_unique(cams:30)
carbonitrile	13	no_candidate
subboard	13	ambiguous(hubbard:50/outboard:30)
adcrc	13	ambiguous(acre:2739/arc:914)
czma	13	ambiguous(coma:29/cyma:0)
feederbus	13	ambiguous(feeders:11/feeder's:0)
supnenor	13	no_candidate
iterm	13	ambiguous(item:72668/term:65986)
eqquipme	13	no_candidate
incen	13	weak_unique(incan:0)
nonuniformed	13	weak_unique(nonuniform:12)
cxviii	12	no_candidate
subserip	12	ambiguous(subserve:41/subscript:1)
clxxiv	12	no_candidate
ively	12	weak_unique(lively:6)
rereee	12	ambiguous(referee:3927/redeem:1615)
sesees	12	ambiguous(series:5877/serves:2389)
cerned	12	ambiguous(corned:7/cered:2)
ccxxi	12	no_candidate
ccxxvi	12	no_candidate
ccxlviii	12	no_candidate
ccxviii	12	no_candidate
bifect	12	weak_unique(bisect:1)
vrand	12	ambiguous(grand:6789/brand:3257)
ceees	12	ambiguous(ceres:36/cedes:13)
cclxvi	12	weak_unique(clavi:1)
cclxxiv	12	no_candidate
cclxxx	12	no_candidate
cccliv	12	weak_unique(cyclic:0)
clxiii	12	no_candidate
orev	12	ambiguous(ore:880/rev:568)
screenees	12	ambiguous(screened:261/screens:234)
nenes	12	ambiguous(genes:49/nines:24)
feso	12	ambiguous(fess:42/fest:24)
eseeeee	12	no_candidate
cuoap	12	ambiguous(chap:3086/crop:1143)
atomey	12	weak_unique(atomy:0)
ccci	12	weak_unique(cocci:3)
sarae	12	ambiguous(sarah:30/saree:30)
bercin	12	weak_unique(berlin:29)
ceeceeee	12	no_candidate
ocenr	12	ambiguous(owner:51366/over:41648)
overscor	12	weak_unique(overscore:0)
ofticio	12	no_candidate
adjutant-goneral	12	no_candidate
seore	12	ambiguous(store:2890/shore:1097)
collectod	12	ambiguous(collected:32522/collector:13544)
givea	12	ambiguous(given:42762/give:23549)
changeot	12	ambiguous(change:32485/changes:26814)
cxxxvii	12	no_candidate
cxlvii	12	weak_unique(calvin:35)
ccxvi	12	weak_unique(clavi:1)
ccxxx	12	no_candidate
pulgas	12	weak_unique(pulas:0)
ccxliv	12	no_candidate
decded	12	ambiguous(deeded:1010/decided:808)
ccccx	12	ambiguous(cocci:3/coccyx:0)
inentioned	12	weak_unique(intentioned:3)
ormed	12	ambiguous(formed:10758/armed:3928)
perpen	12	weak_unique(perpend:0)
pluns	12	ambiguous(plans:27582/plus:10600)
icased	12	weak_unique(cased:3)
compensn	12	ambiguous(compels:36/cowpens:0)
makmg	12	ambiguous(make:87231/making:49087)
tetera	12	weak_unique(tetra:11)
uame	12	ambiguous(same:176551/name:61874)
uine	12	ambiguous(line:49895/fine:25826)
sicty-three	12	no_candidate
conditiona	12	ambiguous(conditions:48102/condition:27482)
jurisdie	12	ambiguous(juristic:1/juridic:0)
stationory	12	ambiguous(stationary:971/stationery:845)
puen	12	ambiguous(pen:1451/pun:538)
offivio	12	no_candidate
seveuty-five	12	no_candidate
pubheations	12	no_candidate
ereed	12	ambiguous(creed:951/breed:664)
nonth	12	ambiguous(month:49879/north:18794)
comof	12	weak_unique(como:22)
ebild	12	ambiguous(bill:115264/child:70494)
guperin	12	ambiguous(couperin:0/suberin:0)
reter	12	ambiguous(refer:5423/deter:4001)
eeres	12	ambiguous(ceres:36/meres:18)
uent	12	ambiguous(cent:15931/rent:6973)
thirty-sizth	12	no_candidate
didate	12	weak_unique(dilate:0)
electroliers	12	weak_unique(electrolier:0)
mitment	12	weak_unique(fitment:2)
herehv	12	ambiguous(hereby:106164/herein:40047)
cebt	12	ambiguous(cent:15931/debt:11162)
thirtysiz	12	no_candidate
shent	12	ambiguous(sent:6133/spent:2579)
pitals	12	ambiguous(pitas:13/vitals:1)
pollu	12	ambiguous(poll:2870/polls:2300)
mishranded	12	weak_unique(mishandled:10)
mmission	12	ambiguous(mission:5635/omission:3253)
uous	12	ambiguous(sous:42/nous:27)
malimposed	12	no_candidate
furid	12	weak_unique(lurid:0)
dends	12	ambiguous(deeds:3159/ends:1277)
gressional	12	no_candidate
itled	12	ambiguous(titled:554/tiled:221)
comcommission	12	no_candidate
iiome	12	weak_unique(biome:2)
firc	12	ambiguous(fire:34067/firm:11994)
etce	12	weak_unique(etch:9)
forins	12	ambiguous(forint:2/florins:0)
eify	12	ambiguous(deify:0/edify:0)
scventy-five	12	no_candidate
excentive	12	weak_unique(exceptive:0)
sceds	12	ambiguous(seeds:529/sheds:211)
one-cighth	12	no_candidate
truek	12	ambiguous(true:8810/truck:3069)
fibng	12	ambiguous(filing:45746/ing:42643)
nincty-seven	12	no_candidate
ools	12	ambiguous(pools:1290/tools:1154)
fenal	12	ambiguous(penal:33988/final:30144)
gional	12	ambiguous(final:30144/regional:22498)
eftert	12	ambiguous(after:209066/effect:146377)
vavable	12	weak_unique(savable:0)
ghway	12	ambiguous(highway:40778/way:21639)
appropriamuch	12	no_candidate
wuenrcas	12	no_candidate
eold	12	ambiguous(sold:32668/hold:25575)
oters	12	ambiguous(voters:21108/others:7619)
ssment	12	ambiguous(sent:6133/spent:2579)
orized	12	weak_unique(prized:6)
camelorum	12	no_candidate
seld	12	ambiguous(held:60938/sold:32668)
tlus	12	ambiguous(plus:10600/thus:4582)
previnet	12	ambiguous(prevent:16142/precinct:7005)
ineet	12	ambiguous(inlet:361/inert:185)
mereased	12	ambiguous(released:8096/deceased:6198)
culosis	12	weak_unique(dulosis:0)
reeordation	12	ambiguous(retardation:475/reformation:172)
joeated	12	ambiguous(located:29015/created:23133)
ssioner	12	ambiguous(sooner:4073/missioner:1723)
melusion	12	ambiguous(elusion:18/delusion:0)
contnbu	12	no_candidate
commenda	12	ambiguous(commend:307/commends:206)
cleath	12	ambiguous(cleats:125/cleat:114)
imission	12	ambiguous(mission:5635/omission:3253)
dences	12	ambiguous(denies:726/fences:658)
withdrawa	12	ambiguous(withdrawal:5461/withdrawn:4699)
pensated	12	ambiguous(penates:1/pennate:0)
reconditioners	12	ambiguous(reconditioned:113/conditioners:70)
nonpro	12	ambiguous(nonary:0/nonego:0)
calrforma	12	no_candidate
limbrub	12	ambiguous(imbrue:0/limburg:0)
mumepal	12	ambiguous(numeral:41/humeral:0)
meurring	12	ambiguous(recurring:590/herring:342)
threesixteenths	12	no_candidate
afterbay	12	weak_unique(afterbody:0)
hollibaugh	12	no_candidate
recoverv	12	ambiguous(recovery:9328/recover:6217)
unplaceable	12	ambiguous(replaceable:1/untraceable:1)
debellis	12	no_candidate
cardaria	12	ambiguous(calvaria:0/carrara:0)
blec	12	ambiguous(bled:35/alec:14)
beverwil	12	no_candidate
lodginghouses	12	no_candidate
acetyluria	12	no_candidate
reperforates	12	weak_unique(perforates:0)
administrahon	12	ambiguous(administration:31931/administrator:18788)
riw	12	ambiguous(raw:1179/rio:676)
depredating	12	weak_unique(deprecating:0)
ausencia	12	no_candidate
legalmente	12	no_candidate
ecceeee	12	no_candidate
valleywide	12	no_candidate
imtative	12	weak_unique(imitative:4)
torca	12	ambiguous(torch:21/tora:17)
thiosulfite	12	no_candidate
demulsification	12	weak_unique(emulsification:0)
alisos	12	weak_unique(alison:0)
waivets	12	ambiguous(waivers:1824/waives:673)
beneficiating	12	no_candidate
rnnene	12	ambiguous(renee:1428/rene:531)
methyprylon	12	no_candidate
presterilized	12	no_candidate
psychometrists	12	weak_unique(psychometrist:41)
nonprogram	12	no_candidate
cseeeee	12	no_candidate
equipimone	12	no_candidate
annadel	12	weak_unique(annabel:1)
konocti	12	no_candidate
photostating	12	weak_unique(photostatting:0)
cymatogaster	12	no_candidate
wedworth	12	weak_unique(wentworth:5)
nonfictitious	12	no_candidate
rolicall	12	no_candidate
betaprodine	12	no_candidate
betameprodine	12	no_candidate
benzethidine	12	no_candidate
dipipanone	12	no_candidate
normethadone	12	no_candidate
phenadoxone	12	no_candidate
phenampromide	12	no_candidate
levophenacylmorphan	12	no_candidate
proheptazine	12	no_candidate
duphcative	12	no_candidate
berrenda	12	ambiguous(brenda:3/berretta:0)
bufotenine	12	no_candidate
ewep	12	ambiguous(ewe:97/ewes:35)
neumiller	12	no_candidate
frizzelle	12	weak_unique(frizzle:0)
ownet	12	ambiguous(owner:51366/owned:24370)
thionylchloride	12	no_candidate
chitat	12	weak_unique(chita:1)
nongynecologic	12	no_candidate
relending	12	ambiguous(relenting:0/resending:0)
ucimc	12	weak_unique(uric:3)
immunohematology	12	no_candidate
sewerline	12	no_candidate
eeeeeeeeeeeeees	12	no_candidate
stirpes	12	ambiguous(stripes:18/stipes:0)
preimprinted	12	no_candidate
nanocuries	12	no_candidate
landfarm	12	weak_unique(landform:0)
nonlevel-of-care	12	no_candidate
intercommunications	12	ambiguous(intercommunication:5/intercommunication's:0)
wcab	12	ambiguous(cab:199/scab:131)
deukmebejian	12	no_candidate
fned	11	ambiguous(fined:1453/fed:1315)
cxlviii	11	no_candidate
ciously	11	weak_unique(piously:0)
sxorton	11	ambiguous(shorten:477/norton:176)
easurer	11	ambiguous(measurer:9/ensurer:1)
andsale	11	ambiguous(anisole:1/ansate:0)
tlle	11	ambiguous(tile:324/tale:110)
dxxx	11	ambiguous(dix:17/doxy:0)
appeai	11	ambiguous(appear:27291/appeal:19541)
cxxxv	11	no_candidate
claiin	11	ambiguous(claim:38845/claims:34510)
pubneation	11	no_candidate
plemental	11	weak_unique(elemental:31)
overscors	11	weak_unique(overscore:0)
iable	11	ambiguous(liable:16338/able:12497)
renaity	11	ambiguous(penalty:28562/entity:27075)
siaty-four	11	no_candidate
gregate	11	weak_unique(gregale:0)
cclxix	11	ambiguous(calix:1/cylix:0)
qualited	11	ambiguous(qualified:51243/quality:18066)
cccxli	11	no_candidate
szco	11	ambiguous(such:874514/sec:381965)
cccxlix	11	no_candidate
ccclvi	11	no_candidate
cccci	11	weak_unique(cocci:3)
vereee	11	ambiguous(verde:421/serene:317)
eeere	11	weak_unique(deere:22)
jations	11	ambiguous(nations:1249/cations:573)
ceseeee	11	no_candidate
ceveee	11	ambiguous(levee:2602/severe:2588)
szcrton	11	weak_unique(sacaton:0)
ccxxxiv	11	no_candidate
disin	11	weak_unique(oisin:1)
cclxxi	11	no_candidate
brundige	11	weak_unique(brandie:0)
ccseee	11	no_candidate
bept	11	ambiguous(best:12868/kept:10507)
lowis	11	ambiguous(lewis:852/lows:767)
huld	11	ambiguous(held:60938/hold:25575)
ssseee	11	weak_unique(essene:0)
ccccce	11	no_candidate
sulury	11	weak_unique(sultry:1)
francisev	11	ambiguous(francisco:21120/franchise:21084)
tosue	11	ambiguous(josue:1/toque:0)
ccxxvii	11	no_candidate
ccxlvi	11	no_candidate
cclxvii	11	no_candidate
cottection	11	ambiguous(connection:25325/collection:20718)
dened	11	ambiguous(deed:11303/denied:5686)
eeers	11	ambiguous(seers:307/peers:113)
retarned	11	ambiguous(returned:11084/retained:5874)
appeat	11	ambiguous(appear:27291/appeal:19541)
rized	11	ambiguous(sized:185/rived:128)
cizht	11	ambiguous(right:50843/eight:27364)
ouses	11	ambiguous(uses:10621/houses:5270)
borein	11	ambiguous(herein:40047/foreign:15376)
wlio	11	ambiguous(clio:11/olio:5)
hurdygurdy	11	no_candidate
snecession	11	weak_unique(secession:6)
eeseeeeee	11	no_candidate
modily	11	ambiguous(bodily:5993/modify:5806)
travelmg	11	weak_unique(travelog:0)
appropriafund	11	no_candidate
demned	11	ambiguous(damned:1/demoed:1)
beenme	11	ambiguous(been:184233/become:63283)
cccceeeeeeeee	11	no_candidate
lompoe	11	ambiguous(compose:131/compo:46)
banots	11	ambiguous(banks:9329/ballots:8304)
soniat	11	weak_unique(sonia:6)
putics	11	ambiguous(duties:60393/pupils:21236)
lamation	11	ambiguous(laxation:18/lavation:0)
reeviving	11	weak_unique(reviving:45)
eeeceee	11	no_candidate
ceseeeee	11	no_candidate
ofiee	11	ambiguous(office:138824/five:123871)
bergeant-at-arms	11	no_candidate
forty-sizth	11	no_candidate
ablic	11	ambiguous(abulic:0/aulic:0)
tendentof	11	no_candidate
olty	11	ambiguous(jolty:0/oldy:0)
thisact	11	weak_unique(trisect:0)
nincty-three	11	no_candidate
foint	11	ambiguous(joint:35127/point:21703)
itation	11	ambiguous(station:5938/citation:4745)
spicuously	11	ambiguous(sinuously:0/spaciously:0)
unappor	11	ambiguous(snapper:3/napper:1)
petency	11	ambiguous(potency:29/patency:0)
ditures	11	ambiguous(figures:2424/fixtures:1814)
prescrip	11	weak_unique(prescript:1)
horticul	11	ambiguous(cortical:2/vortical:0)
endum	11	weak_unique(endue:0)
tequesquite	11	no_candidate
ceceeeeee	11	no_candidate
finel	11	ambiguous(final:30144/fine:25826)
incated	11	weak_unique(incited:1)
iacts	11	ambiguous(acts:26740/facts:24865)
unauthor	11	ambiguous(author:5312/coauthor:1999)
molera	11	weak_unique(monera:0)
mmors	11	ambiguous(mors:15/moors:7)
exelu	11	ambiguous(eel:516/expel:496)
penalt	11	ambiguous(penal:33988/penalty:28562)
eluss	11	weak_unique(eluls:0)
egent	11	ambiguous(event:35052/agent:32569)
sment	11	ambiguous(sent:6133/spent:2579)
horough	11	ambiguous(borough:768/thorough:604)
sercen	11	ambiguous(percent:72590/seven:29908)
whorn	11	ambiguous(worn:398/horn:142)
eyele	11	weak_unique(eyelet:1)
btaty	11	weak_unique(batty:3)
lardine	11	ambiguous(sardine:48/larding:2)
notier	11	weak_unique(nosier:0)
enpy	11	ambiguous(envy:9/espy:1)
ciliapter	11	ambiguous(ciliates:2/ciliate:0)
ilome	11	weak_unique(lome:10)
macist	11	ambiguous(racist:1/maoist:0)
incidenta	11	ambiguous(incidental:6106/incident:4131)
icft	11	ambiguous(act:457162/if:389923)
mcorporated	11	ambiguous(incorporated:11875/corporate:9027)
mches	11	weak_unique(aches:8)
nasoni	11	ambiguous(mason:243/masonic:88)
eneeeee	11	no_candidate
mehes	11	ambiguous(meshes:377/metes:276)
atives	11	ambiguous(natives:32/actives:1)
offermg	11	ambiguous(offered:12617/offer:11434)
parments	11	ambiguous(payments:31334/parents:16615)
disabil	11	ambiguous(isabel:27/disable:13)
unconstitu	11	no_candidate
voint	11	ambiguous(joint:35127/point:21703)
coruner	11	ambiguous(corner:12967/coroner:4489)
pinate	11	ambiguous(pilate:1/binate:0)
appneation	11	no_candidate
constitulegislature	11	no_candidate
ureeny	11	weak_unique(greeny:0)
cormer	11	ambiguous(corner:12967/former:9394)
habitues	11	ambiguous(habitués:5/habitudes:0)
stons	11	ambiguous(sons:2322/tons:1994)
armv	11	ambiguous(army:3136/arms:1298)
pubile	11	weak_unique(nubile:1)
igation	11	weak_unique(ligation:34)
imestiga	11	weak_unique(mestiza:0)
freeho	11	ambiguous(free:12771/fresno:5227)
cabforma	11	no_candidate
cahforna	11	no_candidate
appoi	11	ambiguous(apply:71724/appoint:28939)
extraord	11	weak_unique(extrabold:0)
constituthereof	11	no_candidate
imown	11	weak_unique(mown:8)
tanster	11	ambiguous(taster:9/tapster:0)
comter	11	ambiguous(comer:48/comte:21)
sisquoe	11	ambiguous(bisque:0/misquote:0)
sisquoc	11	no_candidate
includec	11	ambiguous(include:73727/included:27309)
sorghums	11	ambiguous(sorghum:42/sorghum's:0)
blackeap	11	weak_unique(blackcap:7)
aspiran	11	ambiguous(aspirin:10/aspirant:0)
piment	11	ambiguous(pigment:10/pimento:0)
falloux	11	weak_unique(fallout:28)
sultanina	11	weak_unique(sultana:6)
zabalkanski	11	no_candidate
molinera	11	ambiguous(molina:4/moliere:0)
zabalkanskoi	11	no_candidate
panariti	11	weak_unique(planarity:0)
cazouls	11	ambiguous(cagoule:0/cagoules:0)
danugue	11	ambiguous(dengue:8/langue:1)
saali	11	weak_unique(saadi:0)
containec	11	ambiguous(contained:24438/container:8742)
relaundered	11	ambiguous(laundered:24/remaindered:0)
unmediatel	11	weak_unique(unmediated:0)
opii	11	ambiguous(open:20358/oil:13670)
beitigheimer	11	no_candidate
harotp	11	ambiguous(hart:355/harold:165)
wuheerzeas	11	no_candidate
insuret	11	ambiguous(insurer:23183/insured:14823)
seeton	11	ambiguous(sexton:44/seton:9)
appheatin	11	no_candidate
pierovich	11	no_candidate
enues	11	ambiguous(ensues:34/venues:19)
usion	11	ambiguous(union:10685/sion:9058)
administratior	11	ambiguous(administration:31931/administrator:18788)
waueereas	11	no_candidate
mateh	11	ambiguous(match:1944/mate:1030)
uthties	11	ambiguous(unties:4/butties:0)
needv	11	ambiguous(need:24956/needs:18816)
diethyl-stilbestrol	11	no_candidate
dimout	11	ambiguous(devout:4/dismount:3)
tuled	11	ambiguous(ruled:250/tiled:221)
cedures	11	ambiguous(reduces:523/secures:440)
schrouder	11	weak_unique(schroeder:3)
nonpaternity	11	no_candidate
adineagle	11	no_candidate
euarctos	11	weak_unique(quartos:0)
nonrecordation	11	no_candidate
operahon	11	ambiguous(operation:35926/operator:16358)
ptojochs	11	no_candidate
eeeeeeeeeeeeeees	11	no_candidate
nonserialized	11	no_candidate
mulemen	11	ambiguous(mullen:47/milkmen:1)
cceceeee	11	no_candidate
hypsypops	11	no_candidate
rubicundus	11	weak_unique(rubicund:0)
eeneneee	11	no_candidate
eeeeneees	11	no_candidate
rainev	11	weak_unique(rained:4)
honeveutt	11	no_candidate
naiio	11	ambiguous(nation:4827/ratio:4530)
gabrielinos	11	no_candidate
nonfeed	11	ambiguous(nonfood:33/nonsked:0)
redomestication	11	weak_unique(domestication:5)
qoveinot	11	no_candidate
otatuule	11	no_candidate
eeneneneeereees	11	no_candidate
fulasz	11	weak_unique(fulas:0)
ccceeeees	11	no_candidate
tularcitos	11	no_candidate
cccceeeeeee	11	no_candidate
propionoxypiperidine	11	no_candidate
beheves	11	ambiguous(beeves:0/behaves:0)
dihydromorphine	11	no_candidate
benzylmorphine	11	no_candidate
desomorphine	11	no_candidate
allylprodine	11	no_candidate
furethidine	11	no_candidate
dimepheptanol	11	no_candidate
dimenoxadol	11	no_candidate
racemoramide	11	no_candidate
diampromide	11	no_candidate
norlevorphanol	11	no_candidate
dimethylthiambutene	11	no_candidate
ethylmethylthiambutene	11	no_candidate
boomstops	11	ambiguous(bookshops:0/doorstops:0)
noncontractual	11	no_candidate
clonitazene	11	no_candidate
etonitazene	11	no_candidate
levomoramide	11	no_candidate
norpipanone	11	no_candidate
trimeperidine	11	no_candidate
hydromorphinol	11	no_candidate
normorphine	11	no_candidate
hmuts	11	ambiguous(huts:9/muts:2)
alfentanyl	11	no_candidate
nonpeace	11	weak_unique(noplace:0)
nonsevere	11	no_candidate
nonprevailing	11	no_candidate
strl	11	ambiguous(sell:17073/seal:10022)
nonevidentiary	11	no_candidate
nonaccidentally	11	no_candidate
isosafrole	11	no_candidate
imds	11	ambiguous(ids:46/imps:0)
repackagers	11	weak_unique(repackages:8)
maics	11	ambiguous(mains:683/mails:394)
chuckawalla	11	weak_unique(chuckwalla:1)
residentrun	11	no_candidate
subproducer	11	no_candidate
wcmis	11	ambiguous(wis:131/acis:88)
ploqtams	11	no_candidate
administraton	11	ambiguous(administration:31931/administrator:18788)
eeceeee	11	no_candidate
phenyleyclohexyl	11	no_candidate
phenylcyclohexylamine	11	no_candidate
ofncer	10	ambiguous(officer:108773/owner:51366)
ndred	10	ambiguous(hundred:155499/added:94074)
refor	10	ambiguous(refer:5423/reform:2188)
treasu	10	ambiguous(treasury:27801/areas:23268)
clxxxiii	10	no_candidate
twenty-vighth	10	no_candidate
eeceeeee	10	no_candidate
memillan	10	weak_unique(mcmillan:13)
extin	10	weak_unique(extine:3)
nonresi	10	weak_unique(nones:15)
jowing	10	ambiguous(owing:2883/lowing:2204)
stxty-three	10	no_candidate
nincty-one	10	no_candidate
dehver	10	ambiguous(denver:30/delver:0)
tablish	10	ambiguous(stablish:7/tallish:0)
ccxxix	10	no_candidate
janded	10	ambiguous(landed:378/handed:180)
cccxl	10	ambiguous(cecil:28/cecal:1)
siaty-six	10	no_candidate
siaty-one	10	no_candidate
itants	10	ambiguous(stats:39154/grants:13236)
reir	10	ambiguous(rear:2315/heir:952)
enumera	10	ambiguous(enumerate:105/numeral:41)
cclxxxix	10	no_candidate
cccxxxix	10	no_candidate
ccclxvi	10	no_candidate
ccclxx	10	no_candidate
ccclxxiv	10	no_candidate
ccccxxi	10	no_candidate
serees	10	ambiguous(series:5877/serves:2389)
veeee	10	ambiguous(levee:2602/renee:1428)
sesses	10	ambiguous(nesses:350/senses:213)
ceesee	10	ambiguous(cease:6027/lessee:5652)
ccceceeee	10	no_candidate
ccccli	10	weak_unique(cocci:3)
simuar	10	weak_unique(simar:0)
inen	10	ambiguous(inn:325/ines:127)
sxcriox	10	no_candidate
ponas	10	ambiguous(ponds:386/pons:158)
ccclix	10	ambiguous(calix:1/cyclic:0)
assessincnt	10	no_candidate
dxxiv	10	weak_unique(dixie:45)
jector	10	ambiguous(sector:1632/rector:784)
ofheers	10	ambiguous(others:7619/offers:3799)
eact	10	ambiguous(act:457162/each:290687)
cseeeeee	10	no_candidate
eceeeeeeee	10	no_candidate
sanots	10	ambiguous(santos:4/sabots:0)
hends	10	ambiguous(hands:4387/heads:1968)
noties	10	ambiguous(notes:11134/notices:8870)
theiy	10	ambiguous(their:117217/they:49784)
cighicen	10	no_candidate
oftcer	10	ambiguous(other:450272/after:209066)
prmted	10	weak_unique(prated:1)
ccclxix	10	no_candidate
recorda	10	ambiguous(record:45639/records:39746)
ccxxxvi	10	no_candidate
ccxlv	10	no_candidate
fecling	10	ambiguous(feeling:108/felling:43)
seheol	10	weak_unique(sheol:4)
soventy-five	10	no_candidate
steth	10	ambiguous(seth:37/stets:23)
therei	10	ambiguous(there:89357/therein:36084)
feneral	10	ambiguous(general:134878/federal:86738)
reercation	10	ambiguous(recreation:12432/revocation:8399)
inacriminal	10	no_candidate
ually	10	ambiguous(tally:1041/ally:636)
eenses	10	ambiguous(lenses:464/senses:213)
yrade	10	ambiguous(grade:14677/trade:13609)
wluch	10	ambiguous(such:874514/which:638761)
cilect	10	ambiguous(direct:25194/collect:12995)
assegs	10	ambiguous(assets:13368/assess:8378)
temof	10	ambiguous(lemon:276/tempo:213)
hillegass	10	weak_unique(illegals:0)
ceeeeeeeeees	10	no_candidate
gueh	10	weak_unique(gush:0)
compensi	10	ambiguous(compels:36/compendia:14)
theret	10	ambiguous(there:89357/thereto:37039)
watil	10	weak_unique(wail:8)
biect	10	weak_unique(bisect:1)
sicty-two	10	no_candidate
allsuch	10	no_candidate
arately	10	weak_unique(irately:0)
ceereee	10	no_candidate
twonty-four	10	no_candidate
alpme	10	ambiguous(alone:2471/lapse:1084)
gions	10	ambiguous(ions:372/lions:275)
iorth	10	ambiguous(forth:55320/north:18794)
pointments	10	weak_unique(ointments:39)
diserection	10	ambiguous(discretion:15083/direction:10316)
rosemon	10	ambiguous(rosamond:5/robeson:0)
peddar	10	weak_unique(pedlar:2)
fompensa	10	no_candidate
providel	10	ambiguous(provided:300880/provide:121470)
miscon	10	weak_unique(mascon:1)
erintendent	10	no_candidate
preter	10	ambiguous(prefer:292/peter:290)
dustry	10	weak_unique(dusty:4)
taxlevy	10	weak_unique(talley:2)
curring	10	ambiguous(curing:348/curbing:152)
lamanda	10	ambiguous(amanda:3/lawanda:0)
resewered	10	ambiguous(reseeded:0/resewed:0)
dismissa	10	ambiguous(dismissal:2908/dismiss:1469)
tuting	10	ambiguous(turing:78/tubing:42)
commls	10	weak_unique(commas:11)
imerest	10	ambiguous(merest:1/imprest:0)
peatn	10	ambiguous(peat:105/pean:57)
gairdneri	10	weak_unique(gardner:48)
superinper	10	weak_unique(superliner:2)
appropriaor	10	weak_unique(appropriator:36)
milx	10	ambiguous(milk:18427/mile:13506)
wuheerreas	10	no_candidate
athletie	10	ambiguous(athletic:1490/athlete:520)
wueerzeas	10	no_candidate
iwenty-five	10	no_candidate
joeation	10	ambiguous(location:17489/creation:6474)
venrs	10	ambiguous(vents:201/veers:107)
coumy	10	ambiguous(county:512140/court:242103)
ercale	10	weak_unique(percale:0)
fourtenths	10	weak_unique(fourteenths:0)
eatehes	10	ambiguous(catches:662/matches:297)
nonapplied	10	weak_unique(nonallied:0)
haliolis	10	ambiguous(aiolis:0/halitosis:0)
amdarit	10	weak_unique(amharic:0)
eommander-in-chief	10	no_candidate
facturing	10	ambiguous(factoring:9/fracturing:4)
merated	10	ambiguous(aerated:28/cerated:12)
connei	10	ambiguous(conner:26/connie:14)
onefifth	10	no_candidate
earricd	10	ambiguous(carried:7558/married:3438)
furty-second	10	no_candidate
raake	10	weak_unique(rake:31)
quencies	10	weak_unique(quenches:0)
exeep	10	ambiguous(except:119171/exceed:73780)
izes	10	ambiguous(ices:1422/sizes:484)
tornia	10	weak_unique(tonia:1)
eatches	10	ambiguous(catches:662/matches:297)
btatz	10	weak_unique(blatz:0)
fleishhacker	10	no_candidate
helding	10	ambiguous(holding:18883/heading:8548)
hereo	10	ambiguous(hereof:9423/here:4278)
delinquenev	10	ambiguous(delinquent:12605/delinquency:5299)
quicting	10	ambiguous(quieting:109/quitting:70)
tmder	10	ambiguous(under:386358/order:160952)
citiapter	10	no_candidate
jeval	10	weak_unique(reval:3)
apprupria	10	no_candidate
marvsville	10	weak_unique(marseille:0)
sequit	10	weak_unique(sequin:0)
lixe	10	ambiguous(line:49895/life:21120)
halepensis	10	no_candidate
narnes	10	ambiguous(barnes:54/nares:24)
ilege	10	ambiguous(ilene:1/liege:0)
vaeanev	10	no_candidate
tiun	10	ambiguous(tin:352/tun:171)
theve	10	ambiguous(there:89357/these:57269)
doara	10	ambiguous(dora:28/dobra:0)
stvle	10	ambiguous(stale:1700/style:796)
astrets	10	ambiguous(streets:20981/assets:13368)
cunent	10	ambiguous(current:26839/consent:22731)
vider	10	ambiguous(vide:2243/video:1606)
appointmer	10	ambiguous(appointed:49232/appointment:25156)
one-nalf	10	no_candidate
mamtenanee	10	no_candidate
corinthe	10	weak_unique(corinth:8)
hnes	10	ambiguous(ones:363/hes:264)
remair	10	ambiguous(remain:24235/repair:15527)
efectne	10	no_candidate
earu	10	ambiguous(earn:830/ear:463)
portionments	10	no_candidate
agneultural	10	no_candidate
loyee	10	ambiguous(lower:6032/levee:2602)
nittee	10	ambiguous(little:965/litter:649)
camphorata	10	weak_unique(camphorate:0)
eaty	10	ambiguous(eat:246/easy:203)
remam	10	ambiguous(ream:29/remap:0)
vandation	10	ambiguous(valuation:9188/vacation:3153)
mainta	10	weak_unique(manta:3)
ducers	10	weak_unique(dupers:0)
wueerzas	10	weak_unique(guerezas:0)
trammg	10	ambiguous(trammel:582/trauma:520)
marily	10	ambiguous(marilyn:24/marbly:0)
redlegged	10	no_candidate
ributions	10	ambiguous(dilutions:4/libations:0)
schco	10	weak_unique(schmo:0)
encinita	10	weak_unique(encrinite:0)
reneals	10	ambiguous(repeals:1747/rentals:1595)
relatamended	10	no_candidate
subsee	10	weak_unique(subset:12)
cuaprtter	10	no_candidate
falureto	10	no_candidate
certafeate	10	no_candidate
inguinale	10	weak_unique(inguinal:0)
federalaid	10	no_candidate
ormance	10	weak_unique(romance:7)
perent	10	ambiguous(percent:72590/parent:33854)
unior	10	ambiguous(junior:10701/union:10685)
iiouse	10	ambiguous(house:23056/spouse:17821)
cuaptterr	10	no_candidate
indebitatus	10	no_candidate
borids	10	ambiguous(boris:9/bovids:2)
dreco	10	ambiguous(deco:10/greco:10)
michillinda	10	no_candidate
subrentals	10	no_candidate
nostate	10	ambiguous(costate:1/notate:1)
parvipinnis	10	no_candidate
tamaras	10	ambiguous(tamara:0/tamara's:0)
piperidyl	10	no_candidate
aphelocoma	10	no_candidate
hrearm	10	weak_unique(rearm:5)
ccccceeeee	10	no_candidate
acetylmethadol	10	no_candidate
betamethadol	10	no_candidate
methyldihydromorphine	10	no_candidate
controlvot	10	no_candidate
eseeeeee	10	no_candidate
ceceeeeeee	10	no_candidate
somota	10	weak_unique(somoza:0)
propietario	10	no_candidate
lassom	10	ambiguous(lasso:0/lassos:0)
eeneeeeee	10	no_candidate
eneneees	10	no_candidate
tariffing	10	ambiguous(rarifying:0/riffing:0)
xitb	10	ambiguous(with:812535/city:310083)
cctp	10	ambiguous(act:457162/city:310083)
predisciplinary	10	no_candidate
peltee	10	ambiguous(pelee:16/pelted:0)
eteeee	10	ambiguous(steele:35/teepee:7)
eeneneeeee	10	no_candidate
enneetennees	10	no_candidate
ilevs	10	weak_unique(ileus:0)
bcedp	10	ambiguous(beds:2311/bed:2096)
repurchasable	10	weak_unique(purchasable:2)
arklin	10	weak_unique(arlin:0)
clairns	10	ambiguous(cairns:0/clair's:0)
environmenta	10	ambiguous(environmental:12436/environment:4769)
noncontracted	10	no_candidate
nonapplicability	10	weak_unique(inapplicability:21)
cceceeeee	10	no_candidate
qtams	10	weak_unique(tams:7)
ccccceeeeeee	10	no_candidate
brakeshoes	10	weak_unique(bakeshops:3)
noncoterminous	10	no_candidate
alphameprodine	10	no_candidate
alphacetylmethadol	10	no_candidate
alphamethadol	10	no_candidate
dextromoramide	10	no_candidate
ehminated	10	ambiguous(terminated:7170/nominated:3908)
tohowine	10	no_candidate
nonurgency	10	no_candidate
betacetylmethadol	10	no_candidate
hydroxypethidine	10	no_candidate
noracymethadol	10	no_candidate
phenoperidine	10	no_candidate
piritramide	10	no_candidate
acetorphine	10	no_candidate
acetyldihydrocodeine	10	no_candidate
cyprenorphine	10	no_candidate
methyldesorphine	10	no_candidate
ftovis	10	ambiguous(clovis:136/stoves:85)
cobranza	10	weak_unique(carranza:1)
cobrarle	10	weak_unique(coracle:0)
usarse	10	ambiguous(users:2078/usage:1060)
sufentanyl	10	no_candidate
entty	10	ambiguous(entity:27075/entry:10106)
stirhng	10	ambiguous(storing:1365/strong:791)
cnteria	10	ambiguous(criteria:13775/interim:4885)
eeeece	10	ambiguous(greece:45/fleece:2)
subcaps	10	weak_unique(hubcaps:0)
leghold	10	ambiguous(leopold:5/behold:2)
bermardino	10	weak_unique(bernardine:7)
gcwr	10	ambiguous(cor:4181/car:2712)
nearsite	10	weak_unique(nearside:0)
noninvestment	10	no_candidate
sqgs	10	weak_unique(sags:4)
nonprisoner	10	no_candidate
outstationed	10	ambiguous(outstation:11/outstations:1)
nonminority	10	no_candidate
erreca	10	ambiguous(erect:1987/eureka:949)
nonschool-related	10	no_candidate
nonpressurized	10	weak_unique(unpressurized:0)
