vol	order	raw	ocr	source_page	img_5090	reason	title
production-1862	14	TVI	5	91	N	fill_disagrees(ocr=5,fill=48)	Cuap. TVI.—An Act for the Relief of Wiliam D. Shirley and
production-1862	20	XXTI	22	108	N	fill_disagrees(ocr=22,fill=63)	Cuap. XXTI—An Act amendatory of an Aet to authorize the
production-1862	25	LXXXTI	82	120	N	restart_or_decrease(530->90)	Cuav. LXXXTI.—An Act to unthorize the Supreme Court to admit
production-1862	52	d	500	187	N	fill_disagrees(ocr=500,fill=147)	Cuar. OXLVIIE—An Act concerning the Bourd af Supervisors of
production-1862	62	CLXVITT	168	213	N	restart_or_decrease(190->170)	Cuar. CLXVITT.—An Act to authorize the Removal of Human Re-
production-1862	63	CLXTX	169	214	N	restart_or_decrease(190->170)	Crap. CLXTX.—An Art to repeal an Act entitled an Act to authorize
production-1862	142	CCCCYV	405	578	N	restart_or_decrease(450->410)	Cuar. CCCCYV.—An Act ficing the Fund out of which the Salary
production-1862	143	CCCCTIX	410	582	N	restart_or_decrease(450->410)	Cuap. CCCCTIX.—An Act providing for the Payment for certain
production-1862	154	CCCCLIT	452	620	N	fill_disagrees(ocr=452,fill=445)	Cuav. CCCCLIT—An Art to amend an Act entitled an Act to
production-1863	0	IL	2	65	N	fill_disagrees(ocr=2,fill=1)	Cuarten IL—An Act to provide for the Construction of a Wagon
production-1863	28	XTTIT	14	108	N	fill_disagrees(ocr=14,fill=40)	Cuap. XTTIT.—Axn Act to amend an Act entitled an Act creating the
production-1863	30	XTVIT	16	112	N	fill_disagrees(ocr=16,fill=47)	Car. XTVIT.—An Act io amend the Twenty-First Section of an
production-1863	32	Ii	2	114	N	fill_disagrees(ocr=2,fill=50)	Cuar. Ii.—An Act to amend an slct entitled an Act to amend an
production-1863	60	CLY	150	181	N	fill_disagrees(ocr=150,fill=104)	Crap. CLY.—~An Act supplementary to and amendatory of an Act
production-1863	70	CXXTMI	1120	208	N	fill_disagrees(ocr=1120,fill=122)	Crave. CXXTMI—.1n Act to amend an Act entitled un Act in rela-
production-1871-72	58	LXXYV	75	169	N	restart_or_decrease(524->76)	An Act legalizing the ordinances of the City of Oakland, in respect
production-1871-72	79	CIY	101	191	N	fill_disagrees(ocr=101,fill=103)	An Act to facilitate telegraphic communication between America
production-1871-72	113	CLIYV	154	263	N	restart_or_decrease(200->158)	An Act for the relief of Henry Kohn.
production-1871-72	114	CLYVI	156	264	N	restart_or_decrease(200->158)	An Act for the payment of the salary of the late Royal T. Sprague,
production-1871-72	115	CLYII	152	264	N	restart_or_decrease(200->158)	An Act to amend an Act entitled an Act to establish and define the
production-1871-72	145	CCY	200	337	N	fill_disagrees(ocr=200,fill=205)	An Act to amend an Act entitled an Act concerning roads and high-
production-1871-72	146	CCYI	201	338	N	fill_disagrees(ocr=201,fill=206)	An Act supplemental to and amendatory of an Act entitled an Act to
production-1871-72	175	CCXLY	240	410	N	fill_disagrees(ocr=240,fill=245)	An Act authorizing the Board of Supervisors of Tudlumne County
production-1871-72	200	CCXCIY	291	487	N	fill_disagrees(ocr=291,fill=292)	An Act to provide for the condemnation of lands for road purposes in
production-1871-72	235	CCCXLY	340	565	N	fill_disagrees(ocr=340,fill=342)	An Act to authorize the transfer to the General Fund of money in
production-1871-72	247	CCCLXY	360	605	N	fill_disagrees(ocr=360,fill=362)	An Act to amend an Act entitled an Act concerning roads and high-
production-1871-72	285	CCCCXLIL	442	743	N	restart_or_decrease(460->444)	An Act concerning public wharves.
production-1871-72	292	CCCCLY	450	770	N	fill_disagrees(ocr=450,fill=455)	An Act to add an additional section to the Penal Code.
production-1871-72	296	CCCCLXY	460	783	N	fill_disagrees(ocr=460,fill=461)	An Act supplementary to and explanatory of the Act approved March
production-1871-72	309	DIY	501	822	N	fill_disagrees(ocr=501,fill=503)	An Act to facilitate and increase the collection of State and county
production-1871-72	332	DXXXIY	531	855	N	fill_disagrees(ocr=531,fill=533)	An Act to authorize the Board of Supervisors of Plumas County to
production-1871-72	335	DXLY	540	877	N	fill_disagrees(ocr=540,fill=542)	An Act to authorize the Board of Supervisors of El Dorado County
production-1871-72	341	DIL	502	881	N	fill_disagrees(ocr=502,fill=551)	An Act concerning the office of Sheriff of Humboldt County.
production-1871-72	355	DLXXYV	575	929	N	restart_or_decrease(1024->580)	An Act to except certain counties from certain sections of an Act
production-1880	33	XXXVITIL	39	74	N	fill_disagrees(ocr=39,fill=37)	An. Act to repeal an Act entitled “ An Act in relation to the office
production-1880	106	CXXIITI	124	184	N	fill_disagrees(ocr=124,fill=122)	An Act prescribing the form of complaint in actions to recover
production-1881	59	LXXVI1	77	135	N	fill_disagrees(ocr=77,fill=74)	An Act to provide for the purchase of additional grounds for the
production-1885-86	88	CVTILI	156	142	N	fill_disagrees(ocr=156,fill=108)	An Act to amend section three thousand seven hundred and cighty-
production-1887	126	CXLY	140	210	N	fill_disagrees(ocr=140,fill=143)	An Act to provide for the deficiency in the appropriation the
production-1887	157	CLXXXTI	182	287	N	fill_disagrees(ocr=182,fill=182)	An Act to appropriate money to pay the claim of Richard Cole-
production-1889	132	CLVIIL	158	232	N	restart_or_decrease(205->159)	An Act to authorize the Board of State Harbor Commissioners to
production-1889	173	CCVITI	208	359	N	restart_or_decrease(255->209)	An Act to increase the nwmber of clerks for the limited period
production-1889	206	CCLVITII	259	445	N	restart_or_decrease(305->259)	An Act to amend sections seven hundred and fifty-two, seven hun-
production-1889	208	CCLXI1	262	455	N	fill_disagrees(ocr=262,fill=260)	An Act authorizing the incurring of indebtedness by cities, towns,
production-1889	211	CCLXY	260	469	N	fill_disagrees(ocr=260,fill=264)	An Act to amend an Act entitled “An Act to protect and promote
production-1893	31	XXXITII	34	104	N	fill_disagrees(ocr=34,fill=32)	An Act appropriating the sum of three thousand five hundred
production-1897	22	XXY	20	77	N	fill_disagrees(ocr=20,fill=24)	An Act concerning bridges across navigable streams.
production-1903	38	XLIY	41	117	N	fill_disagrees(ocr=41,fill=44)	An act to amend section thirteen hundred and sixty-six of the
production-1903	149	CLXXITI	173	261	N	restart_or_decrease(220->176)	An act amending section 1874 of the Political Code, providing
production-1903	150	CLXXY	170	266	N	restart_or_decrease(220->176)	An act appropriating money for the purchase of bedding, furni-
production-1903	235	CCLXXY	270	468	N	fill_disagrees(ocr=270,fill=275)	An act to prevent injury to oil or petroleum bearing strata or
production-1903	248	CCXCITI	293	489	N	restart_or_decrease(340->294)	An act to provide for the completion of the modern hospital
production-1903	280	CCCXXXIY	331	519	N	fill_disagrees(ocr=331,fill=332)	An act making an appropriation to pay a judgment for the swm
production-1903	305	CCCLXVIi	367	585	N	restart_or_decrease(405->369)	. An act making an appropriation of $6,000, for improving and
production-1910-11	27	d4	500	121	N	fill_disagrees(ocr=500,fill=53)	An act to amend section two and section fourteen of an act
production-1910-11	29	9d7	500	125	N	fill_disagrees(ocr=500,fill=56)	An act to amend section one (1) of an act entitled, ‘‘An act
production-1910-11	267	d1d	999	1104	N	fill_disagrees(ocr=999,fill=513)	An act to provide a heating furnace for the state pathological
production-1943-vol1-chapters	712	i019	2	2851	N	fill_disagrees(ocr=2,fill=1018)	Stats 1943, An act to amend Section 8202 of the Government Code, relat-
production-1951-vol1-chapters	453	611i	3	1653	N	fill_disagrees(ocr=3,fill=611)	An act to amend Section 803.5 of the Agricultural Code, relating
production-1955-vol1-55chapters	791	10387	10387	1562	N	fill_disagrees(ocr=10387,fill=1036)	An act fo repeal Sections 701, 702, and 705 of the Insurance
production-1959-vol2-chapters	273	13842	13842	594	N	fill_disagrees(ocr=13842,fill=1341)	An act to amend Section 21454 of the Vehicle Code as enacted
production-1959-vol2-chapters	299	13874	13874	630	N	fill_disagrees(ocr=13874,fill=1370)	An act to amend Section 25465 of the Government Code, relat-
production-1959-vol2-chapters	353	14386	14386	688	N	fill_disagrees(ocr=14386,fill=1435)	An act to amend Sections 21166 and 22840 of the Water Code,
production-1967-vol2	741	13838	13838	1315	N	restart_or_decrease(1387->1339)	An act to amend Sections 7666, 7669, 7670, 7725, 7725.2, 7725.3,
production-1967-vol2	777	13878	13878	1374	N	restart_or_decrease(1877->1379)	An act to amend Sections 26401, 26402, 26404, 26452, and
production-1967-vol2	781	13838	13838	1387	N	fill_disagrees(ocr=13838,fill=1382)	An act to amend Section 31831.1 of the Government Code,
production-1967-vol2	897	J517	2	1755	N	fill_disagrees(ocr=2,fill=1516)	An act to amend Section 266 of the Revenue and Tazation
production-1967-vol2	912	10383	10383	1788	N	fill_disagrees(ocr=10383,fill=1533)	An act to amend Sections 11553 and 12500 of, and to add Sec-
production-1982-vol3	72	d	500	189	N	fill_disagrees(ocr=500,fill=830)	AN act relating to public programs.
