roominghouse	REAL
steamplant	REAL
subdividers	REAL
subeommittees	ERROR
sumptive	FRAGMENT
tainable	FRAGMENT
tinnin	NAME
truckmen	REAL
ultrapasteurized	REAL
unelaimed	ERROR
versities	FRAGMENT
waterfow	ERROR
whereofp	ERROR
acerual	ERROR
berkemeyer	NAME
bestos	FRAGMENT
bioanalysts	REAL
blackrose	NAME
ccxix	REAL
clxvi	REAL
culating	FRAGMENT
cumula	FRAGMENT
cupation	FRAGMENT
cxlix	REAL
defosset	NAME
disincorporating	REAL
ecntum	ERROR
eleetor	ERROR
eneumbranee	ERROR
erento	ERROR
exca	FRAGMENT
exceptas	ERROR
fredonyer	NAME
gramming	FRAGMENT
hederacea	REAL
hereaf	FRAGMENT
hqualization	ERROR
ications	FRAGMENT
interlocu	FRAGMENT
jacumba	NAME
koverman	NAME
legisia	FRAGMENT
methylmorphinan	REAL
noncharging	REAL
nonconsumer	REAL
nondegenerative	REAL
nonlicensees	REAL
nontraffic	REAL
oceasioned	ERROR
oxpended	ERROR
patrolpersons	REAL
pendence	FRAGMENT
plovment	FRAGMENT
postpayment	REAL
poundkeepers	REAL
precrisis	REAL
prunedale	NAME
reinjection	REAL
revoration	ERROR
snperin	FRAGMENT
stanislans	ERROR
subbasins	REAL
suboffices	REAL
subordinations	REAL
sumptions	FRAGMENT
supcrin	FRAGMENT
teristics	FRAGMENT
tostate	ERROR
tramme	FRAGMENT
umns	FRAGMENT
undercrossing	REAL
vasona	NAME
vicin	FRAGMENT
weitchpec	NAME
adiournment	ERROR
arrowtooth	REAL
bercd	ERROR
bilehome	ERROR
bunals	FRAGMENT
byxbee	NAME
calcula	FRAGMENT
calleguas	NAME
clxxi	REAL
coneurred	ERROR
conntersigned	ERROR
copyisis	ERROR
cowity	ERROR
cutions	FRAGMENT
cxxiv	REAL
defmtions	ERROR
ecorpora	FRAGMENT
forfcitures	ERROR
gineers	FRAGMENT
glutethimide	REAL
hercinhefore	ERROR
herecf	ERROR
homeporting	REAL
ifies	FRAGMENT
inedibles	REAL
ineorpo	FRAGMENT
ineorpora	FRAGMENT
itical	FRAGMENT
keted	FRAGMENT
komandorski	NAME
laveaga	NAME
levoalphacetylmethadol	REAL
levomethorphan	REAL
mcreased	ERROR
misassignments	REAL
noncompacting	REAL
nonenterprise	REAL
nonhousing	REAL
nonprinted	REAL
nonrancid	REAL
nonrecyclable	REAL
nonsafety	REAL
nupa	NAME
ordation	FRAGMENT
orthoptics	REAL
pensate	FRAGMENT
reclassi	FRAGMENT
recoupments	REAL
schomp	NAME
selor	FRAGMENT
shortbelly	REAL
subpeenaed	ERROR
subter	FRAGMENT
sulfomethane	REAL
therefroin	ERROR
thereior	ERROR
tician	FRAGMENT
tremely	FRAGMENT
troversies	FRAGMENT
xcvii	REAL
acjachemen	NAME
admunis	FRAGMENT
appointme	FRAGMENT
apprepria	FRAGMENT
appropriu	FRAGMENT
beerstecher	NAME
bereinafter	ERROR
bereof	ERROR
beverlywood	NAME
cecding	ERROR
chanvter	ERROR
clawings	REAL
coastweeks	ERROR
coneurrence	ERROR
copartuership	ERROR
corpsmember	REAL
culiforma	ERROR
cxpended	ERROR
dicating	FRAGMENT
diphenylpropane	REAL
ecompensa	FRAGMENT
equaliz	FRAGMENT
erendum	FRAGMENT
erustaceans	ERROR
expedicnt	ERROR
fornians	FRAGMENT
furbearing	REAL
guajome	NAME
hereinbefure	ERROR
heretufore	ERROR
inconsis	FRAGMENT
inghouse	FRAGMENT
interinstitutional	REAL
juaneno	NAME
ketobemidone	REAL
larities	FRAGMENT
levopropoxyphene	REAL
loadcheck	REAL
manities	FRAGMENT
mellifica	REAL
mojonnier	NAME
mulative	FRAGMENT
mulgate	FRAGMENT
multimember	REAL
multisection	REAL
mutualized	REAL
mvestment	ERROR
nium	FRAGMENT
nmis	FRAGMENT
noncancelable	REAL
nontransit	REAL
olazar	NAME
outstationing	REAL
pedient	FRAGMENT
phonographiec	ERROR
pittville	NAME
preaudit	REAL
proraters	REAL
psychopathie	ERROR
quisilion	ERROR
reconveying	REAL
rermbursements	ERROR
rezonings	REAL
ropolitan	FRAGMENT
salesyards	REAL
saucelito	NAME
semicossyphus	REAL
shellstock	REAL
subeontractor	ERROR
subgovernment	REAL
theroon	ERROR
tifies	FRAGMENT
tipon	ERROR
tuolumine	ERROR
umendatory	ERROR
undersheriffs	REAL
veurs	FRAGMENT
victions	FRAGMENT
warehonseman	ERROR
weisbaum	NAME
whercof	ERROR
admimstra	FRAGMENT
admunistra	FRAGMENT
amondatory	ERROR
appointce	ERROR
atorial	FRAGMENT
averageable	REAL
califormans	ERROR
cclix	REAL
ccxlix	REAL
ccxxii	REAL
centam	ERROR
cessary	FRAGMENT
chloroephedrine	REAL
clxvii	REAL
clxxix	REAL
coldpack	REAL
coolieism	REAL
cotermi	FRAGMENT
courtwide	REAL
czuleger	NAME
disburs	FRAGMENT
dishurse	ERROR
eanvassed	ERROR
erinarian	FRAGMENT
ethylamphetamine	REAL
excava	FRAGMENT
exccutors	ERROR
extrahazardous	REAL
fleetion	ERROR
furnacing	REAL
helitack	REAL
hereimafter	ERROR
hydesville	NAME
inappli	FRAGMENT
incumbering	REAL
indebtednes	ERROR
instt	ERROR
intrafamily	REAL
isfy	FRAGMENT
jaborer	ERROR
jeges	ERROR
johnstonville	NAME
kapiloff	NAME
kilowatthour	REAL
leshe	ERROR
lusks	ERROR
matiposa	ERROR
muenter	NAME
neration	FRAGMENT
neunaber	NAME
noncollege	REAL
noncommis	FRAGMENT
noncommunications	REAL
noncompensated	REAL
noncomphance	ERROR
nondosage	REAL
nonpark	REAL
obedi	FRAGMENT
ohleyer	NAME
olcomargarine	ERROR
olema	NAME
orestimba	NAME
pective	FRAGMENT
pedrotti	NAME
phencyclidines	REAL
phenylcyclohexylamine	REAL
posthospital	REAL
postseizure	REAL
posttesting	REAL
preapprentice	REAL
publicemployees	REAL
recordholder	REAL
reexamina	FRAGMENT
reiat	ERROR
reimbursementts	ERROR
relinquishments	REAL
repeuls	ERROR
resoln	ERROR
ridian	FRAGMENT
salariesand	ERROR
semisupervised	REAL
sessee	FRAGMENT
sppropria	FRAGMENT
steclhead	ERROR
suscol	NAME
talions	REAL
tendanee	ERROR
tersignatures	ERROR
theclerk	ERROR
tically	FRAGMENT
torious	FRAGMENT
transteror	ERROR
truthfinding	REAL
tubereulin	ERROR
ufacturer	FRAGMENT
vacquerel	NAME
vigorite	NAME
weybret	NAME
whercon	ERROR
whereor	ERROR
