production-1861	91	CLV
production-1861	218	CCCCXLIII
production-1905	40	XLIV
production-1905	202	CCXLI
production-1905	450	DLXIII
production-1905	458	DLXXI
production-1905	465	DLXXXII
production-1927-vol1-chapters	701	811
production-1935-vol1-chapters	90	105
production-1941-vol1-41chapters	681	1132
production-1941-vol1-41chapters	728	1206
production-1945-vol1-chapters	964	1195
production-1945-vol1-chapters	1040	1305
production-1945-vol1-chapters	1089	1370
production-1945-vol1-chapters	1095	1378
production-1945-vol1-chapters	1099	1383
production-1945-vol1-chapters	1110	1399
production-1945-vol1-chapters	1121	1414
production-1945-vol1-chapters	1135	1439
production-1947-vol1-chapters	922	1036
production-1949-vol1-chapters	773	1043
