production-1862	321	20.9	inen	mentioned
production-1862	321	36.5	hevome	become
production-1862	321	36.6	onlpand	null
production-1862	322	2.2	cowity	county
production-1862	322	17.8	acerne	accrue
production-1862	322	35.2	oxcente	execute
production-1862	323	1.1	colviil	chap
production-1862	324	21.0	cerkof	thereof
production-1862	325	4.10	gaurk	guard
production-1862	325	24.1	tifly	fifty
production-1862	328	9.0	cuav	chap
production-1862	329	20.2	onast	on
production-1862	330	4.0	cnav	chap
production-1862	330	12.1	tulloche	tulloch
production-1862	330	13.3	tynnan	tynan
production-1862	331	5.11	uftor	after
production-1862	331	10.10	temanco	tenancy
production-1862	331	36.10	pouvts	printed
production-1862	332	5.0	tmunnee	tunnel
production-1862	332	7.0	conpmy	company
production-1862	332	42.0	teuatre	theatre
production-1862	333	1.1	pocome	become
production-1862	333	24.0	vernber	november
production-1862	334	7.0	messuyes	measures
production-1862	334	32.10	tolograph	telegraph
production-1862	336	4.0	lonrn	learn
production-1862	336	9.0	veraty	verity
production-1862	336	14.3	uyent	agent
production-1862	336	48.0	danwages	damages
production-1862	336	53.4	tolograph	telegraph
production-1862	337	13.9	tustrament	writing
production-1862	337	17.6	fucic	facie
production-1862	337	27.5	indorsce	indorsee
production-1862	338	1.0	therovn	thereon
production-1862	338	15.0	proviw	provided
production-1862	338	20.5	teleyraphing	telegraphing
production-1862	338	25.10	norved	served
production-1862	338	45.0	doviee	deposited
production-1862	338	46.0	gaunity	county
production-1862	339	6.13	parhes	received
production-1862	340	0.1	rogalate	regulate
production-1862	340	1.0	weedof	speed
production-1862	340	2.1	awilk	written
production-1862	340	15.5	offoct	effect
production-1862	341	1.0	cuav	chap
production-1862	342	1.5	strocts	streets
production-1862	342	8.7	outering	entering
production-1862	342	46.6	ercek	creek
production-1862	343	0.0	tuirtuenth	thirteenth
production-1862	343	1.0	cnap	chap
production-1862	343	6.2	caact	enact
production-1862	343	48.0	villuc	value
production-1862	343	50.9	borcin	therein
production-1862	344	2.9	conity	county
production-1862	344	9.0	douln	down
production-1862	344	14.0	propured	procured
production-1862	345	18.0	ccipt	receipt
production-1862	345	38.9	cuins	claims
production-1862	346	15.0	peetap	provided
production-1862	346	31.0	proveo	provided
production-1862	347	0.11	omeors	mariposa
production-1862	347	1.0	iposa	iposa
production-1862	347	28.2	cnuct	enact
production-1862	347	30.9	sionom	sonoma
production-1862	348	14.0	treasoror	treasurer
production-1862	348	31.6	vilice	office
production-1862	349	4.5	aynin	again
production-1862	349	11.11	tesrer	interest
production-1862	349	32.6	thercot	thereof
production-1862	350	1.0	trewry	treasury
production-1862	350	28.8	redeeined	redeemed
production-1862	351	10.11	evts	exceed
production-1862	351	16.11	omeers	mendocino
production-1862	351	17.0	docino	docino
production-1862	351	17.10	complyine	complying
production-1862	351	32.5	dinile	define
production-1862	352	6.1	srorron	section
production-1862	352	20.0	ounstatle	constable
production-1862	353	36.0	tehaina	tehama
production-1862	354	5.7	xicty	sixty
production-1862	354	16.0	martw	martin
production-1862	354	20.1	srerton	section
production-1862	354	23.10	ileury	henry
production-1862	354	37.0	peviss	provides
production-1862	355	8.0	sayvo	salvo
production-1862	355	14.10	ciuk	and
production-1862	355	16.6	mnider	under
production-1862	355	16.7	enpius	empius
production-1862	355	23.0	sionors	signors
production-1862	356	18.0	eplam	each
production-1862	356	37.0	prbils	plans
production-1862	356	45.0	tieuy	author
production-1862	357	11.0	srorion	section
production-1862	358	6.2	cnuct	enact
production-1862	358	8.0	onterzal	internal
production-1862	358	12.6	juade	made
production-1862	358	26.2	cauct	enact
production-1862	358	27.1	szorton	section
production-1862	359	2.0	dostitute	destitute
production-1862	359	31.0	sretton	section
production-1862	360	5.0	cnav	chap
production-1862	360	10.12	onguin	joaquin
production-1862	360	34.10	nuia	funds
production-1862	361	7.9	cloction	election
production-1862	362	37.10	vepup	repeal
production-1862	362	39.8	attairs	affairs
production-1862	363	48.3	cunneil	council
production-1862	364	1.0	gnmon	common
production-1862	364	2.0	gneh	such
production-1862	364	43.0	alarly	clearly
production-1862	364	54.7	shonit	short
production-1862	365	10.6	ieveo	levee
production-1862	365	42.0	strocts	streets
production-1862	365	45.0	poveral	several
production-1862	367	44.6	annunt	annum
production-1862	369	41.9	patice	notice
production-1862	370	1.3	immdred	hundred
production-1862	370	37.9	devolyed	devolved
production-1862	371	0.11	gaurien	hundred
production-1862	371	13.0	portorm	perform
production-1862	372	15.0	teeenty	twenty
production-1862	372	20.2	cauct	enact
production-1862	372	23.0	aweument	assessment
production-1862	372	35.11	ilon	monday
production-1862	374	29.0	crarv	chap
production-1862	374	36.0	wlluw	allow
production-1862	375	6.13	olre	before
production-1862	375	18.2	kliza	eliza
production-1862	375	19.0	utrix	executrix
production-1862	375	24.3	inines	mines
production-1862	376	3.0	cuoar	chap
production-1862	376	7.6	maelred	hundred
production-1862	376	28.8	wiless	unless
production-1862	376	37.1	ssortuy	shortly
production-1862	377	13.3	churgos	charges
production-1862	377	16.12	damngos	damages
production-1862	377	34.10	dnmager	damage
production-1862	378	28.1	nosrest	nearest
production-1862	379	24.2	milenyo	mileage
production-1862	380	19.1	ofuso	unto
production-1862	381	16.2	cloction	election
production-1862	382	5.0	vidation	violation
production-1862	382	6.0	oflawe	fire
production-1862	382	20.0	wartom	warden
production-1862	382	25.0	omicors	officers
production-1862	382	49.9	mombora	members
production-1862	384	2.7	theneo	thence
production-1862	385	3.0	geribe	prescribe
production-1862	385	23.6	tiremon	firemen
production-1862	385	31.2	amnsoments	amusements
production-1862	385	42.6	appeut	appoint
production-1862	387	4.11	sitnate	situate
production-1862	387	16.0	bustiblo	combustible
production-1862	387	32.9	innkeep	innkeepers
production-1862	389	29.0	peuner	together
production-1862	389	32.10	pawo	false
production-1862	389	49.8	jixted	listed
production-1862	390	16.0	tbercon	thereon
production-1862	390	38.7	anguat	august
production-1862	390	49.0	kqualia	equaliza
production-1862	394	27.0	paviic	public
production-1862	395	45.0	caxos	cases
production-1862	395	46.1	avuinst	against
production-1862	396	0.6	hulong	belonging
production-1862	396	7.0	sogsed	assessed
production-1862	396	11.5	jicns	liens
production-1862	396	15.7	rendore	rendered
production-1862	396	52.0	provie	provided
production-1862	398	2.0	ationg	acting
production-1862	398	14.0	powersand	powers
production-1862	398	26.0	marelul	marshal
production-1862	398	38.5	amennt	amount
production-1862	399	1.10	copertic	coppertic
production-1862	399	21.3	otticor	officer
production-1862	399	21.10	omeere	members
production-1862	400	0.0	powersos	powers
production-1862	400	15.8	aflur	after
production-1862	401	3.3	thervot	thereof
production-1862	401	7.0	cnav	chap
production-1862	401	19.7	monuya	moneys
production-1862	401	36.10	cymis	district
production-1862	401	41.5	clocted	elected
production-1862	402	8.1	yablic	public
production-1862	402	12.0	conmis	commissioner
production-1862	402	27.11	onclosures	enclosures
production-1862	403	12.5	jenst	least
production-1862	403	21.7	notivo	notice
production-1862	403	32.0	dvom	deem
production-1862	403	51.13	comiia	commissioner
production-1862	405	14.0	tinuo	continue
production-1862	405	40.1	jaborer	laborer
production-1862	406	47.0	voeding	exceeding
production-1862	406	50.8	dcepen	deepening
production-1862	407	29.10	clocted	elected
production-1862	407	40.8	nambor	number
production-1862	408	16.2	cnuct	enact
production-1862	408	17.2	chtei	chief
production-1862	408	18.2	seorron	section
production-1862	408	19.0	comminions	commissions
production-1862	409	8.12	oftcor	officer
production-1862	409	41.0	borvice	service
production-1862	409	43.9	manance	maintenance
production-1862	410	21.0	fwermor	furthermore
production-1862	410	43.0	iwnander	commander
production-1862	411	25.9	suitery	state
production-1862	411	29.8	zxempw	duty
production-1862	412	8.8	corrce	correct
production-1862	412	30.0	sossor	assessor
production-1862	412	33.0	commnles	commences
production-1862	413	10.10	cemmny	company
production-1862	413	33.10	ofti	officers
production-1862	413	36.8	rogwations	regulations
production-1862	413	39.8	appiicati	application
production-1862	414	7.0	armuries	armories
production-1862	414	52.1	dotects	defects
production-1862	416	4.0	notler	not
production-1862	416	13.0	punies	companies
production-1862	416	15.1	cloction	election
production-1862	416	34.0	cuptains	captains
production-1862	416	49.0	ialion	battalion
production-1862	417	44.10	yaeson	command
production-1862	417	45.11	stittes	staff
production-1862	417	48.0	mnissioned	commissioned
production-1862	418	30.10	reudez	rendezvous
production-1862	418	32.11	innne	inane
production-1862	418	47.9	cloction	election
production-1862	420	18.4	sebvior	service
production-1862	421	6.2	altenb	alternates
production-1862	422	40.4	aeill	shall
production-1862	422	51.2	nuwtial	martial
production-1862	423	16.9	thited	united
production-1862	423	24.10	retnm	return
production-1862	424	11.8	cburge	charge
production-1862	424	36.12	joca	located
production-1862	424	39.0	besmey	bessey
production-1862	425	18.8	inartial	martial
production-1862	426	5.1	dyivute	dismissed
production-1862	426	36.0	vuratol	curator
production-1862	427	11.0	theiy	their
production-1862	427	19.12	torbid	forbidden
production-1862	427	21.9	sumist	submit
production-1862	427	22.11	semty	year
production-1862	427	25.4	jyto	who
production-1862	428	22.9	mombor	member
production-1862	428	28.0	coarls	courts
production-1862	428	48.0	rume	rule
production-1862	429	11.7	onguyed	engaged
production-1862	430	1.0	cnoar	chap
production-1862	430	13.7	whastl	and
production-1862	430	39.0	muget	such
production-1862	430	45.4	twinel	tunnel
production-1862	431	1.3	altuched	attached
production-1862	431	6.1	wuless	unless
production-1862	431	27.13	cuins	claims
production-1862	431	41.1	bieut	subject
production-1862	431	41.7	themaking	the
production-1862	432	32.11	plaintitt	plaintiff
production-1862	432	37.0	summony	summons
production-1862	432	37.1	ynont	payment
production-1862	432	46.4	fonco	fence
production-1862	433	40.9	xotics	notices
production-1862	433	47.1	fluine	flume
production-1862	434	15.0	materints	materials
production-1862	434	17.1	incer	erection
production-1862	434	18.0	winewess	wharf
production-1862	434	25.9	ervet	erect
production-1862	434	31.6	fonee	fence
production-1862	434	31.7	snachi	machinery
production-1862	435	29.9	arsding	according
production-1862	435	46.10	npon	upon
production-1862	435	52.11	presntet	presented
production-1862	436	11.4	fonee	fence
production-1862	436	41.7	cigbt	eight
production-1862	436	43.8	cight	eight
production-1862	437	16.4	hawox	hawks
production-1862	437	18.4	strocts	streets
production-1862	437	22.0	strocts	streets
production-1862	437	25.9	ascor	ascertain
production-1862	437	29.11	atreuts	streets
production-1862	438	9.0	nollec	collect
production-1862	439	20.2	proenled	provided
production-1862	439	38.11	roneout	consecutive
production-1862	439	48.0	plotion	petition
production-1862	440	38.0	buperin	superintend
production-1862	440	38.2	vifled	provided
production-1862	440	39.0	fendent	defendant
production-1862	441	47.12	omeie	superintendent
production-1862	443	8.10	assosament	assessment
production-1862	443	11.0	asacrsment	assessment
production-1862	444	13.1	yijon	upon
production-1862	445	41.11	offoct	effect
production-1862	446	24.0	eoorion	section
production-1862	447	3.8	deerce	decree
production-1862	447	15.7	offoct	effect
production-1862	447	42.5	sireota	streets
production-1862	447	45.12	naent	supervisors
production-1862	448	9.0	putice	notice
production-1862	448	26.0	danngote	damage
production-1862	448	27.0	pepons	persons
production-1862	448	49.8	daciv	facie
production-1862	449	0.0	thirtev	thirteenth
production-1862	449	52.12	mtlers	matters
production-1862	450	0.0	publiention	publication
production-1862	450	25.0	eckly	weekly
production-1862	450	26.1	werald	herald
production-1862	451	18.2	cnuct	enact
production-1862	452	14.0	eountivs	counties
production-1862	452	46.5	nesented	assented
production-1862	452	51.0	amoda	amador
production-1862	452	52.0	valluro	vallejo
production-1862	452	53.0	tomest	contest
production-1862	453	19.9	appertion	apportion
production-1862	453	31.0	cnap	chap
production-1862	453	42.10	eawineers	engineers
production-1862	453	46.0	strocts	streets
production-1862	454	0.0	patinof	defining
production-1862	454	9.1	strovts	streets
production-1862	454	22.2	olork	clerk
production-1862	454	30.0	gincers	engineers
production-1862	454	37.9	streota	streets
production-1862	454	43.2	lnkt	last
production-1862	454	50.0	potttions	petitions
production-1862	455	17.0	regwate	regulate
production-1862	456	7.0	apprulsers	appraisers
production-1862	456	10.4	cstute	estate
production-1862	456	39.9	assoas	assess
production-1862	457	46.14	pervisn	supervisor
production-1862	458	10.2	cnuct	enact
production-1862	458	26.0	strovt	street
production-1862	458	31.1	cithor	either
production-1862	458	32.0	granices	thence
production-1862	458	40.8	atrect	street
production-1862	458	43.6	sircet	street
production-1862	458	48.10	thoreon	thereon
production-1862	459	9.0	rooning	running
production-1862	459	12.0	macadamizo	macadamize
production-1862	459	28.0	struod	stroud
production-1862	459	28.8	bercalter	hereafter
production-1862	459	41.0	oxcecding	exceeding
production-1862	459	41.1	ciglt	eight
production-1862	460	28.0	furvwe	further
production-1862	461	38.5	sorgham	sorghum
production-1862	461	48.0	sorrhum	sorghum
production-1862	462	21.9	tobuc	tobacco
production-1862	462	47.9	carpetiny	carpeting
production-1862	463	2.11	mirting	shirting
production-1862	463	11.6	cassimeres	cassimeres
production-1862	463	30.6	woollon	woollen
production-1862	463	30.10	drowers	drawers
production-1862	463	31.10	woullen	woollen
production-1862	463	33.9	undersuir	undershirts
production-1862	463	36.12	cottonized	cottonseed
production-1862	463	38.2	cottonized	cottonseed
production-1862	463	43.12	bboes	pairs
production-1862	464	10.0	curllage	cordage
production-1862	464	22.0	turpontine	turpentine
production-1862	464	36.10	bottter	bottles
production-1862	465	36.7	olfur	offer
production-1862	466	37.0	jeaxe	lease
production-1862	466	45.0	merrioa	married
production-1862	466	48.1	imsband	husband
production-1862	467	22.0	cnap	chap
production-1862	467	23.8	tncor	incorporated
production-1862	467	24.0	poruted	incorporated
production-1862	467	32.1	rocitated	recited
production-1862	468	6.5	offoct	effect
production-1862	468	22.0	cuoap	chap
production-1862	468	33.0	putnani	putnam
production-1862	469	13.11	proviw	provided
production-1862	469	40.10	approprh	appropriated
production-1862	470	9.1	srorton	sections
production-1862	470	28.1	suruties	sureties
production-1862	471	6.7	teclf	twelfth
production-1862	471	27.0	srotion	section
production-1862	471	27.1	ifany	if
production-1862	471	37.0	feneo	fence
production-1862	472	11.1	storion	section
production-1862	472	29.9	extrom	extremity
production-1862	473	19.0	sxzo	section
production-1862	475	1.9	benoiste	benoist
production-1862	475	7.0	szorroy	section
production-1862	475	7.2	bonoisto	benoist
production-1862	475	14.4	benoiste	benoist
production-1862	475	22.10	anpraisers	appraisers
production-1862	475	29.4	benoiste	benoist
production-1862	475	32.9	benoiste	benoist
production-1862	477	39.8	rovento	revenue
production-1862	477	50.10	aulty	salary
production-1862	478	3.0	daueys	days
production-1862	478	13.3	mombor	member
production-1862	478	33.0	datyor	district
production-1862	479	5.10	ccaneot	consent
production-1862	479	25.1	pitave	they
production-1862	480	37.0	advertee	advertise
production-1862	480	45.0	foror	for
production-1862	481	14.0	cnap	chap
production-1862	481	23.8	loward	howard
production-1862	481	30.6	itiver	river
production-1862	481	35.10	mnchio	may
production-1862	482	16.2	dunage	dunnage
production-1862	483	43.0	vialus	value
production-1862	483	44.10	vrovie	provide
production-1862	484	17.6	pridico	private
production-1862	484	40.4	rofngo	refuge
production-1862	485	1.0	cuav	chap
production-1862	485	27.0	srorton	section
production-1862	485	33.12	tormof	terms
production-1862	487	39.11	comtracta	contracts
production-1862	488	7.9	gronter	greater
production-1862	488	33.0	onar	chap
production-1862	488	38.0	seorron	section
production-1862	490	54.0	tgnation	resignation
production-1862	491	3.11	yzpiration	expiration
production-1862	492	8.2	roasarer	treasurer
production-1862	493	40.9	dumager	damages
production-1862	494	19.0	timofr	timber
production-1862	494	24.4	certate	certain
production-1862	494	28.1	sxertion	section
production-1862	494	47.7	derrces	degrees
production-1862	495	5.11	douvly	duly
production-1862	495	33.11	adatunt	adjutant
production-1862	496	1.0	cnap	chap
production-1862	496	2.0	riayes	rates
production-1862	496	8.0	hivenso	licenses
production-1862	496	32.0	plurgy	NONE
production-1862	497	1.0	cuoar	chap
production-1862	497	4.10	thercto	thereto
production-1862	497	10.11	eupervies	supervise
production-1862	497	25.0	atrect	street
production-1862	498	0.0	lineot	northerly
production-1862	498	34.2	strocts	streets
production-1862	499	3.2	snakin	making
production-1862	499	29.4	vilher	either
production-1862	499	31.4	sowors	sewers
production-1862	499	50.10	pruvico	proviso
production-1862	500	7.4	ibose	those
production-1862	500	25.4	niide	under
production-1862	500	44.0	hdncation	education
production-1862	501	3.11	piretr	election
production-1862	501	7.2	offoct	effect
production-1862	501	23.8	guury	salary
production-1862	501	29.12	biniies	mondays
production-1862	502	33.11	spoci	specified
production-1862	504	23.9	exelu	exclusively
production-1862	504	40.7	tranater	transfer
production-1862	505	21.12	conpen	compensation
production-1862	505	40.0	tofore	before
production-1862	506	12.0	onap	chap
production-1862	506	33.0	vooancies	vacancies
production-1862	506	37.0	dutioa	duties
production-1862	507	14.4	menstecs	trustees
production-1862	507	23.10	retemptior	redemption
production-1862	507	26.0	eeive	receive
production-1862	507	33.7	tireut	direct
production-1862	508	7.1	seorton	section
production-1862	508	9.0	upwarda	upwards
production-1862	508	10.7	cnactod	enacted
production-1862	508	14.0	porons	persons
production-1862	508	14.3	monyolians	mongolians
production-1862	508	28.3	cncine	nine
production-1862	508	38.0	tramrer	tramper
production-1862	509	17.14	seaping	state
production-1862	509	23.1	pulico	police
production-1862	510	6.0	poreons	persons
production-1862	510	8.0	frtax	for
production-1862	510	14.0	oullectors	collectors
production-1862	510	26.2	yriy	party
production-1862	510	27.1	inoney	money
production-1862	511	5.0	moonts	amounts
production-1862	511	8.0	cuoap	chap
production-1862	511	9.3	teurnce	issuance
production-1862	511	16.8	cight	eight
production-1862	511	19.9	comty	county
production-1862	511	34.5	firomen	firemen
production-1862	513	0.7	sowors	sewers
production-1862	513	54.3	raeue	annual
production-1862	514	10.0	maesis	basis
production-1862	514	11.10	strecta	streets
production-1862	514	16.4	stroots	streets
production-1862	514	18.0	onled	called
production-1862	514	20.0	vertain	certain
production-1862	514	25.0	sxzo	section
production-1862	516	22.2	monsure	measure
production-1862	517	2.8	cusigns	assigns
production-1862	517	7.0	seorron	section
production-1862	517	7.8	frauchiso	franchise
production-1862	517	10.2	stroots	streets
production-1862	517	23.1	grontoes	grantees
production-1862	517	27.11	inbab	inhabitants
production-1862	517	30.11	ropeir	repair
production-1862	517	31.11	treets	streets
production-1862	517	39.10	dogig	doing
production-1862	517	47.7	onast	east
production-1862	518	19.0	cuav	chap
production-1862	519	15.7	pogislature	legislature
production-1862	520	30.1	aystor	system
production-1862	521	9.0	szorion	section
production-1862	521	9.8	termsot	thereof
production-1862	521	19.0	cnav	chap
production-1862	522	26.0	barveyor	surveyor
production-1862	522	36.0	cuapr	chap
production-1862	522	36.8	heirry	henry
production-1862	522	44.9	heirry	henry
production-1862	523	3.0	heirry	henry
production-1862	523	15.0	onap	chap
production-1862	523	21.0	szorion	section
production-1862	524	11.1	coclv	chap
production-1862	524	35.0	szorron	section
production-1862	525	17.0	szorion	section
production-1862	525	34.0	cnav	chap
production-1862	525	42.4	demusters	dempsters
production-1862	525	43.5	maurhan	maughan
production-1862	526	20.9	interforo	interfere
production-1862	526	41.0	fectim	victim
production-1862	527	26.0	cuoar	chap
production-1862	527	31.0	seorton	section
production-1862	528	18.9	horchy	hereby
production-1862	528	20.6	eertum	certain
production-1862	529	1.0	cuoap	chap
production-1862	529	2.0	coutrements	accoutrements
production-1862	529	13.10	accon	accoutrements
production-1862	529	14.0	trements	accoutrements
production-1862	529	18.0	bcicnce	science
production-1862	529	20.5	enall	shall
production-1862	529	31.12	ttte	returned
production-1862	531	30.11	murenn	marshal
production-1862	531	41.10	omcer	officer
production-1862	532	15.0	cuav	chap
production-1862	532	47.11	tvery	every
production-1862	533	11.10	suneu	sloops
production-1862	533	25.14	veonpted	exempted
production-1862	533	38.7	ayenta	agents
production-1862	533	39.9	emrted	entered
production-1862	533	49.9	buverin	bonding
production-1862	533	51.0	conrigneos	consignees
production-1862	534	20.10	apocial	special
production-1862	535	2.10	stanagers	managers
production-1862	535	43.10	provie	provide
production-1862	536	1.0	onar	chap
production-1862	536	31.1	coclxx	chap
production-1862	536	33.0	suntu	santa
production-1862	537	7.3	staic	state
production-1862	537	19.0	deanis	dennis
production-1862	538	1.0	cuav	chap
production-1862	538	9.1	szorion	section
production-1862	539	32.7	joara	joanna
production-1862	541	6.0	siccly	sixty
production-1862	541	9.2	ennet	enact
production-1862	541	16.9	jnawful	unlawful
production-1862	541	30.0	srorron	section
production-1862	542	13.2	pereny	percent
production-1862	542	22.0	ovpy	copy
production-1862	542	30.0	avknowl	acknowledge
production-1862	543	6.7	vicento	vicente
production-1862	543	17.0	cuoar	chap
production-1862	543	28.6	ulku	also
production-1862	544	3.6	nuttters	matters
production-1862	544	41.0	totore	heretofore
production-1862	544	44.0	wiiers	owners
production-1862	546	35.0	sevivus	section
production-1862	546	37.0	erolate	probate
production-1862	547	30.10	ghorir	process
production-1862	547	49.9	oxecn	execution
production-1862	548	16.9	cxeca	execution
production-1862	548	54.0	constablos	constables
production-1862	549	21.11	pasengo	passage
production-1862	549	34.9	ovidences	evidences
production-1862	550	23.5	iasne	issue
production-1862	551	42.11	suuities	sureties
production-1862	552	4.0	bowors	powers
production-1862	552	5.1	sovercly	severely
production-1862	552	9.1	cronted	granted
production-1862	553	1.4	jtouse	house
production-1862	554	27.3	seerton	section
production-1862	555	24.11	gpeciu	species
production-1862	555	34.10	stecing	sitting
production-1862	555	42.12	vowors	powers
production-1862	556	47.5	eenlage	centage
production-1862	557	31.12	toxson	thereon
production-1862	557	40.0	montury	monterey
production-1862	558	18.0	apprasors	appraisers
production-1862	558	52.0	voynnce	conveyance
production-1862	559	1.0	sceere	seize
production-1862	559	8.0	cuav	chap
production-1862	559	13.1	pinple	people
production-1862	560	13.1	cocxc	chap
production-1862	560	14.8	strnistaus	stanislaus
production-1862	561	14.0	gioners	commissioners
production-1862	561	24.8	compena	compensation
production-1862	561	25.4	xetile	settle
production-1862	561	38.0	cnap	chap
production-1862	562	26.0	coises	causes
production-1862	562	37.0	infiuit	infant
production-1862	562	42.0	applicatine	application
production-1862	562	43.1	proceolings	proceedings
production-1862	563	21.0	cnoap	chap
production-1862	563	23.3	mukiny	making
production-1862	563	37.9	rntex	rates
production-1862	563	40.0	alfidavits	affidavits
production-1862	564	1.0	cuav	chap
production-1862	564	2.9	vight	eight
production-1862	565	23.12	asnden	abandon
production-1862	565	33.0	sunvo	survey
production-1862	565	37.12	smlyr	survey
production-1862	565	51.11	evpt	except
production-1862	566	17.0	trovie	provide
production-1862	566	17.1	povord	proved
production-1862	566	25.1	orany	any
production-1862	566	33.0	cuav	chap
production-1862	566	37.2	cnuct	enact
production-1862	567	30.12	nutieo	due
production-1862	567	31.0	licu	lieu
production-1862	567	35.0	seribed	published
production-1862	569	8.8	fornor	former
production-1862	569	29.11	honso	house
production-1862	569	32.0	bonully	actually
production-1862	569	47.0	deerce	decree
production-1862	570	10.6	procirled	provided
production-1862	570	46.5	scasona	seasons
production-1862	571	10.6	obixpo	obispo
production-1862	571	20.0	cnoar	chap
production-1862	572	49.0	curdingly	accordingly
production-1862	572	54.0	erucd	erect
production-1862	573	6.0	ecedings	proceedings
production-1862	573	29.11	shaitet	submitted
production-1862	574	5.0	cuav	chap
production-1862	574	22.0	cuav	chap
production-1862	574	30.2	atcty	sixty
production-1862	577	8.10	vatots	each
production-1862	577	19.1	coccvi	chap
production-1862	577	24.2	cnuct	enact
production-1862	578	4.4	ollicere	officers
production-1862	579	22.0	tooved	moved
production-1862	579	22.6	olgut	eight
production-1862	580	1.0	apmint	supervisors
production-1862	580	2.2	tiwv	two
production-1862	581	27.10	apprepri	appropriated
production-1862	582	18.7	jouia	each
production-1862	582	23.8	entitlesl	entitled
production-1862	582	42.0	proviwy	providing
production-1862	583	1.0	cnap	chap
production-1862	583	30.11	flectim	election
production-1862	584	10.1	aifly	fifty
production-1862	584	22.0	exeepted	excepted
production-1862	585	5.15	attort	resort
production-1862	585	46.0	enbin	each
production-1862	586	4.0	ompuint	complaint
production-1862	586	30.4	folluie	follows
production-1862	586	32.0	frmel	proof
production-1862	587	40.0	lovy	levy
production-1862	587	42.5	cyual	equal
production-1862	587	43.6	prouited	provided
production-1862	589	36.8	psempt	exempt
production-1862	589	37.4	jinve	have
production-1862	589	37.10	tiremen	firemen
production-1862	589	52.6	pomon	person
production-1862	590	0.0	brlges	bridges
production-1862	590	23.0	charp	chap
production-1862	590	28.2	cnuct	enact
production-1862	591	19.5	offoct	effect
production-1862	592	7.3	beckloy	beckley
production-1862	592	39.0	eckloy	eckley
production-1862	593	5.0	stcely	sixty
production-1862	593	19.11	yonom	county
production-1862	593	20.0	iuation	valuation
production-1862	594	5.4	serty	sixty
production-1862	594	14.0	revtion	revision
production-1862	594	39.8	hwulred	hundred
production-1862	595	30.11	snera	road
production-1862	596	1.0	cuaar	chap
production-1862	596	32.0	deemable	redeemable
production-1862	597	15.0	sxerron	section
production-1862	597	20.7	adminislra	administra
production-1862	598	6.0	ouap	chap
production-1862	598	19.6	iffit	after
production-1862	598	24.0	cuav	chap
production-1862	598	36.8	nftor	after
production-1862	599	27.9	aniitor	auditor
production-1862	600	26.0	atlons	appropriations
production-1862	601	1.3	stlons	dollars
production-1862	602	10.0	atious	appropriated
production-1862	603	20.0	instructiva	instruction
production-1862	603	26.3	olork	clerk
production-1862	604	1.0	attora	dollars
production-1862	604	50.8	dwnb	dumb
production-1862	606	0.0	cnap	chap
production-1862	606	12.3	suiac	same
production-1862	607	28.9	gprod	speed
production-1862	607	44.0	ropeuled	repealed
production-1862	608	20.0	venwrer	whenever
production-1862	609	10.0	maurrer	moreover
production-1862	609	10.10	pleadinss	pleadings
production-1862	610	20.0	ifale	israel
production-1862	610	20.1	tionry	henry
production-1862	610	21.8	jiea	jea
production-1862	610	26.6	tillicr	tillier
production-1862	610	32.5	lalimer	latimer
production-1862	610	49.0	ifowe	lowe
production-1862	611	15.7	lagravo	lagrave
production-1862	611	16.10	vach	each
production-1862	611	16.11	cighty	eighty
production-1862	611	33.2	collester	collister
production-1862	612	26.7	ompley	employ
production-1862	613	20.0	onar	chap
production-1862	614	23.4	notivo	notice
production-1862	615	6.2	tosale	no
production-1862	615	19.0	socumd	record
production-1862	615	46.8	intostato	intestate
production-1862	616	14.7	deccayed	deceased
production-1862	616	21.3	ifany	if
production-1862	616	28.9	deyzree	degree
production-1862	617	6.10	syetst	set
production-1862	617	38.8	wallalla	walhalla
production-1862	618	14.0	ativa	appropriated
production-1862	618	19.0	cuoar	chap
production-1862	618	33.0	satoments	statements
production-1862	619	1.0	cuav	chap
production-1862	619	3.2	aprtt	april
production-1862	619	13.0	seeoni	second
production-1862	619	21.7	niules	mules
production-1862	619	46.4	exeention	execution
production-1862	620	25.1	szotion	section
production-1862	620	39.0	epocially	especially
production-1862	621	11.12	clocted	elected
production-1862	621	50.11	qmene	therein
production-1862	622	2.0	yecancy	vacancy
production-1862	622	24.0	dutiesof	duties
production-1862	623	18.10	anouat	second
production-1862	624	5.0	dectors	directors
production-1862	624	7.4	juaw	law
production-1862	624	14.9	yardino	bernardino
production-1862	624	16.1	aferced	siskiyou
production-1862	628	1.1	trict	district
production-1862	628	33.8	departmonta	departments
production-1862	628	36.0	laturo	legislature
production-1862	629	21.2	cloction	election
production-1862	631	19.0	crsol	NONE
production-1862	632	18.0	joun	NONE
production-1862	634	15.6	strecta	streets
production-1862	638	9.10	offerson	jefferson
production-1862	640	39.10	reseind	rescind
production-1862	640	40.6	siav	sine
production-1862	641	5.11	tresarer	treasurer
production-1862	641	13.7	thouso	house
production-1862	641	13.10	gratien	gratien
production-1862	643	12.12	teonti	thereto
production-1862	643	28.12	wofon	floor
production-1862	644	6.0	ecodings	proceedings
production-1862	644	6.8	mombor	member
production-1862	646	4.7	colloc	collect
production-1862	647	7.9	overlond	overland
production-1862	648	5.0	wrvke	representatives
production-1862	648	35.6	acientifie	scientific
production-1862	649	3.0	warreas	whereas
production-1862	649	5.9	icaven	heaven
production-1862	650	11.10	herctofore	heretofore
production-1862	651	20.9	goologist	geologist
production-1862	652	22.9	ilull	hall
production-1862	653	12.9	caimaun	chairman
production-1862	653	16.0	ccodings	proceedings
production-1862	653	26.3	acerned	accrued
production-1862	656	2.0	ficeman	fireman
production-1862	656	14.6	interpulation	interpolation
production-1862	656	21.0	loomod	loomed
production-1862	656	27.0	muvnce	munce
production-1862	656	27.12	boroby	hereby
production-1862	657	19.9	cummis	congressman
production-1862	658	10.4	tlouses	houses
production-1885-86	4	22.8	blof	NONE
production-1885-86	10	18.3	aredall	arsdale
production-1885-86	10	18.5	lienberger	lineberger
production-1885-86	16	10.2	oullahan	cullahan
production-1885-86	16	17.7	bonoina	bonding
production-1885-86	16	33.2	sharpstein	sharpstein
production-1885-86	17	1.0	joun	john
production-1885-86	17	2.1	posr	post
production-1885-86	17	13.0	egisto	egisto
production-1885-86	18	2.1	posr	post
production-1885-86	18	2.2	orricz	office
production-1885-86	18	32.2	kalben	kalben
production-1885-86	18	33.3	annn	ann
production-1885-86	18	34.0	eeph	joseph
production-1885-86	18	44.2	memurray	mcmurray
production-1885-86	21	0.8	oarn	date
production-1885-86	21	8.3	dreyfous	dreyfus
production-1885-86	22	1.8	oartu	date
production-1885-86	22	2.9	novenbe	november
production-1885-86	23	13.4	cueces	nueces
production-1885-86	24	13.2	heales	heales
production-1885-86	24	26.3	valors	valois
production-1885-86	28	16.0	srorion	section
production-1885-86	28	42.10	theodd	the
production-1885-86	29	63.5	prerative	lucrative
production-1885-86	30	37.0	stath	statute
production-1885-86	37	57.0	citik	cities
production-1885-86	38	13.12	purpren	purpose
production-1885-86	38	18.11	claseifica	classification
production-1885-86	38	20.9	leeeme	become
production-1885-86	38	53.14	oxusting	existing
production-1885-86	38	70.1	nocounty	no
production-1885-86	42	8.2	sectionized	sectionized
production-1885-86	42	10.8	sectionized	sectionized
production-1885-86	42	63.14	citice	cities
production-1885-86	45	30.2	seanired	acquired
production-1885-86	47	45.0	clitus	cletus
production-1885-86	47	60.4	klaudius	claudius
production-1885-86	52	11.11	ynns	inns
production-1885-86	52	31.10	inalien	inalien
production-1885-86	56	11.14	sumzy	summary
production-1885-86	58	11.10	pistrivution	distribution
production-1885-86	58	14.8	supermtend	superintendent
production-1885-86	58	21.8	superintena	superintendent
production-1885-86	58	22.9	pipute	dispute
production-1885-86	58	44.11	torom	otherwise
production-1885-86	59	38.0	svoo	for
production-1885-86	61	0.0	compena	compensation
production-1885-86	62	20.7	ridowalk	sidewalk
production-1885-86	63	6.0	cupition	completion
production-1885-86	63	16.12	citics	cities
production-1885-86	63	32.1	behed	published
production-1885-86	63	33.0	ealth	health
production-1885-86	63	36.1	bountot	bounty
production-1885-86	64	38.9	inrarance	insurance
production-1885-86	66	38.9	pailto	paid
production-1885-86	67	11.1	niume	number
production-1885-86	68	29.9	gayiom	named
production-1885-86	68	44.10	controner	controller
production-1885-86	69	29.0	jornia	fornia
production-1885-86	72	49.9	euuese	issues
production-1885-86	73	4.0	bequet	bequest
production-1885-86	75	13.1	totheir	their
production-1885-86	75	30.0	annwi	annually
production-1885-86	76	5.8	ppropria	appropriated
production-1885-86	77	35.0	receiptsof	receipts
production-1885-86	79	3.0	mmeome	income
production-1885-86	82	6.11	oxporitions	expositions
production-1885-86	84	15.10	seppert	support
production-1885-86	84	25.11	ateiny	attainder
production-1885-86	89	4.0	powersand	powers
production-1885-86	89	5.0	fompensa	compensation
production-1885-86	90	27.10	teation	taxation
production-1885-86	91	8.0	treesand	trees
production-1885-86	91	14.0	disinfectod	disinfected
production-1885-86	91	21.1	eages	cages
production-1885-86	91	31.0	teevand	teevan
production-1885-86	91	39.0	misie	misie
production-1885-86	91	48.0	menorea	menorca
production-1885-86	92	7.10	eanar	conveyed
production-1885-86	92	25.11	privdo	provided
production-1885-86	92	26.10	meamr	section
production-1885-86	93	8.0	wrerence	reference
production-1885-86	94	19.11	reveme	revenue
production-1885-86	95	43.0	niticultual	viticultural
production-1885-86	96	17.11	pemre	section
production-1885-86	97	21.2	thesum	the
production-1885-86	98	7.1	thesum	the
production-1885-86	99	10.0	supportof	support
production-1885-86	102	53.3	drastees	trustees
production-1885-86	103	47.0	titeea	title
production-1885-86	106	13.11	simtea	statute
production-1885-86	108	40.9	siiling	affixing
production-1885-86	109	10.1	hetaken	be
production-1885-86	109	26.2	thesum	the
production-1885-86	112	7.1	thesum	the
production-1885-86	115	11.2	thesum	the
production-1885-86	116	7.1	thesum	the
production-1885-86	116	8.11	ryeaga	treasury
production-1885-86	116	21.1	thesum	the
production-1885-86	120	21.11	eimai	treasury
production-1885-86	124	7.9	deficioney	deficiency
production-1885-86	124	21.1	thesum	the
production-1885-86	125	11.0	defconcy	deficiency
production-1885-86	125	27.0	ralrud	already
production-1885-86	127	22.0	insinew	incorporated
production-1885-86	127	36.0	ollows	follows
production-1885-86	127	40.1	pintir	either
production-1885-86	128	0.0	ccond	second
production-1885-86	128	0.11	pawur	party
production-1885-86	128	22.7	recumation	reclamation
production-1885-86	129	21.0	dranege	drainage
production-1885-86	129	33.0	andited	audited
production-1885-86	129	39.1	ioncy	deficiency
production-1885-86	130	0.10	unauditea	unaudited
production-1885-86	130	15.10	mramage	drainage
production-1885-86	130	37.1	thesum	the
production-1885-86	131	32.0	sspena	expensa
production-1885-86	131	34.0	rupremo	supreme
production-1885-86	134	5.9	nutonal	national
production-1885-86	134	41.2	conimals	animals
production-1885-86	135	43.0	troring	traveling
production-1885-86	135	49.0	onhee	one
production-1885-86	135	51.0	crimim	crimim
production-1885-86	136	20.2	bhurl	NONE
production-1885-86	136	34.8	cowhouses	cowhouses
production-1885-86	136	38.12	nowinw	blind
production-1885-86	136	49.2	croction	erection
production-1885-86	136	54.2	fftv	fifty
production-1885-86	137	1.1	fulwm	four
production-1885-86	137	53.0	bteto	burial
production-1885-86	139	12.0	bewer	sewer
production-1885-86	139	53.0	trewury	treasury
production-1885-86	140	17.5	honordde	honorable
production-1885-86	140	19.8	fizeu	fiscal
production-1885-86	140	21.11	glty	fifty
production-1885-86	140	23.7	bisane	insane
production-1885-86	140	26.16	procul	procure
production-1885-86	140	27.0	toskile	hostile
production-1885-86	140	29.12	uppropri	appropriated
production-1885-86	140	31.11	reheved	relieved
production-1885-86	141	15.0	conectors	collectors
production-1885-86	141	17.0	yeomel	yeomen
production-1885-86	141	21.0	feeturded	furnished
production-1885-86	142	1.9	woreted	worded
production-1885-86	142	2.11	utrome	above
production-1885-86	142	37.11	jvrre	members
production-1885-86	142	38.11	amendaty	amendatory
production-1885-86	143	18.0	onmal	formal
production-1885-86	143	24.0	puwiel	having
production-1885-86	143	45.1	lexum	administration
production-1885-86	144	16.1	forryboat	ferryboat
production-1885-86	145	11.0	tradenak	trademark
production-1885-86	145	12.0	seremn	section
production-1885-86	145	26.0	usgnea	assigned
production-1885-86	146	0.5	portorm	perform
production-1885-86	146	4.7	mshnent	districts
production-1885-86	146	34.11	rutlee	ruthlessly
production-1885-86	147	26.0	difteront	different
production-1885-86	148	3.10	untes	rates
production-1885-86	148	7.10	vnul	until
production-1885-86	148	7.11	hxea	fixed
production-1885-86	149	12.0	watrom	patrol
production-1885-86	149	23.0	cumany	company
production-1885-86	151	1.0	conuin	conveyances
production-1885-86	151	21.0	tintrer	treasurer
production-1885-86	153	8.0	termund	appoint
production-1885-86	153	9.0	rolary	salary
production-1885-86	153	23.0	citapter	chapter
production-1885-86	153	39.0	contim	commitment
production-1885-86	155	1.0	ofcem	officer
production-1885-86	155	47.6	guartermaster	quartermaster
production-1885-86	155	48.3	paymastor	paymaster
production-1885-86	156	2.8	parue	parade
production-1885-86	156	12.6	sixpenres	sixpences
production-1885-86	156	14.5	soyen	seven
production-1885-86	156	15.7	oncam	encampment
production-1885-86	156	47.7	wunary	wunary
production-1885-86	156	51.4	toall	to
production-1885-86	157	34.8	rogi	regiment
production-1885-86	158	3.3	aredall	arsdale
production-1885-86	158	8.7	sngians	indians
production-1885-86	158	10.6	lienberger	lineberger
production-1885-86	158	30.11	contorjary	contrary
production-1885-86	160	8.8	mmuhines	machines
production-1885-86	160	21.1	ceascs	ceases
production-1885-86	161	25.0	uulaw	unlawful
production-1885-86	161	30.0	pordvt	board
production-1885-86	162	0.0	ecedings	proceedings
production-1885-86	162	30.9	iplomas	diplomas
production-1885-86	163	25.0	puranor	purport
production-1885-86	163	44.0	ollows	follows
production-1885-86	164	24.9	cuttou	cotton
production-1885-86	165	37.1	guanmie	guaranty
production-1885-86	165	39.0	mrtyon	mentioned
production-1885-86	165	39.1	citioned	conditioned
production-1885-86	167	21.0	funlgn	furnish
production-1885-86	167	28.2	therchy	thereby
production-1885-86	167	37.0	fawis	fawis
production-1885-86	168	12.9	rmtto	ratio
production-1885-86	168	13.13	tivlicate	triplicate
production-1885-86	169	46.0	feredto	referred
production-1885-86	170	5.7	rorsons	persons
production-1885-86	173	13.0	behool	school
production-1885-86	173	27.0	trawr	drawer
production-1885-86	173	29.0	ulently	fraudulently
production-1885-86	174	37.14	inres	receive
production-1885-86	175	33.1	thesum	the
production-1885-86	177	7.0	conveyng	conveying
production-1885-86	179	21.0	nentol	tunnel
production-1885-86	179	40.0	prisonersto	prisoners
production-1885-86	180	11.10	ulawful	unlawful
production-1885-86	182	13.11	aiigata	bylaws
production-1885-86	184	21.8	trmor	tremor
production-1885-86	184	25.11	quorun	quorum
production-1885-86	184	32.12	vncano	vacancy
production-1885-86	184	41.0	thawd	thawed
production-1885-86	185	0.0	porwuon	portion
production-1885-86	185	6.0	aprotnt	appoint
production-1885-86	185	14.0	expolient	expedient
production-1885-86	185	22.1	intinge	fixing
production-1885-86	186	34.12	renaty	penalty
production-1885-86	186	37.10	bliork	block
production-1885-86	187	19.0	quutum	quorum
production-1885-86	187	42.0	yilven	given
production-1885-86	187	43.0	vouoe	invoke
production-1885-86	187	44.1	filection	election
production-1885-86	188	13.0	ernoy	envoy
production-1885-86	188	14.12	utleged	alleged
production-1885-86	188	32.12	otury	notary
production-1885-86	188	35.11	kitor	editor
production-1885-86	189	14.8	cloction	election
